location,total_sqft,size,price
Electronic City Phase II,1056.0,2,39.07
Chikka Tirupathi,2600.0,4,120.0
Uttarahalli,1440.0,3,62.0
Lingadheeranahalli,1521.0,3,95.0
Kothanur,1200.0,2,51.0
Whitefield,1170.0,2,38.0
Old Airport Road,2732.0,4,204.0
Rajaji Nagar,3300.0,4,600.0
Marathahalli,1310.0,3,63.25
Other,1020.0,6,370.0
Whitefield,1800.0,3,70.0
Whitefield,2785.0,4,295.0
7th Phase JP Nagar,1000.0,2,38.0
Gottigere,1100.0,2,40.0
Sarjapur,2250.0,3,148.0
Mysore Road,1175.0,2,73.5
Bisuvanahalli,1180.0,3,48.0
Raja Rajeshwari Nagar,1540.0,3,60.0
Other,2770.0,3,290.0
Other,1100.0,2,48.0
Kengeri,600.0,1,15.0
Binny Pete,1755.0,3,122.0
Thanisandra,2800.0,4,380.0
Bellandur,1767.0,3,103.0
Other,510.0,1,25.25
Other,1250.0,3,56.0
Electronic City,660.0,2,23.1
Whitefield,1610.0,3,81.0
Ramagondanahalli,1151.0,2,48.77
Electronic City,1025.0,3,47.0
Yelahanka,2475.0,4,186.0
Bisuvanahalli,1075.0,3,35.0
Hebbal,1760.0,3,123.0
Raja Rajeshwari Nagar,1693.0,3,57.39
Kasturi Nagar,1925.0,3,125.0
Kanakpura Road,700.0,2,36.0
Electronics City Phase 1,1070.0,2,45.5
Kundalahalli,1724.0,3,125.0
Chikkalasandra,1290.0,3,56.12
Uttarahalli,1143.0,2,45.0
Murugeshpalya,1296.0,2,81.0
Sarjapur  Road,1254.0,3,38.0
Ganga Nagar,600.0,1,38.0
Yelahanka,660.0,1,48.0
Kanakpura Road,1330.74,2,91.79
HSR Layout,600.0,8,200.0
Doddathoguru,970.0,2,33.0
Whitefield,1459.0,2,94.82
KR Puram,800.0,2,130.0
Other,869.0,2,36.0
Other,1270.0,2,50.0
Bhoganhalli,1670.0,3,99.0
Whitefield,2010.0,3,91.0
Lakshminarayana Pura,1185.0,2,75.0
Yelahanka,1600.0,3,75.0
Begur Road,1200.0,2,44.0
Devanahalli,3210.0,4,192.0
Other,1500.0,2,185.0
Murugeshpalya,1407.0,6,150.0
Other,840.0,2,45.0
Other,4395.0,3,240.0
Ganga Nagar,845.0,2,55.0
Whitefield,5700.0,4,650.0
Varthur,1160.0,2,44.0
Bommanahalli,3000.0,8,140.0
Doddathoguru,1100.0,2,62.0
Gunjur,1140.0,2,43.0
Marathahalli,1220.0,2,57.0
Other,1350.0,8,85.0
Kanakpura Road,1005.0,2,36.68
Other,500.0,3,100.0
Begur Road,1358.0,2,80.58
Hegde Nagar,1569.0,3,101.0
Haralur Road,1240.0,2,70.0
Hennur Road,2089.0,3,140.0
Kothannur,1206.0,2,48.23
Kalena Agrahara,1150.0,2,40.0
Other,2511.0,3,205.0
Kaval Byrasandra,460.0,2,22.0
ISRO Layout,4400.0,6,250.0
Other,1660.0,3,105.0
Hennur Road,3203.5,4,224.5
Yelahanka,1326.0,2,78.0
Garudachar Palya,1325.0,3,60.8
EPIP Zone,1499.0,3,102.0
Hegde Nagar,3000.0,6,210.0
Kanakpura Road,1665.0,3,88.0
Dasanapura,708.0,2,37.0
Kasavanhalli,1060.0,2,58.06
Rajaji Nagar,710.0,6,160.0
Sanjay nagar,1000.0,2,70.0
Electronic City,1000.0,2,28.88
Other,1450.0,3,70.0
ISRO Layout,1200.0,4,155.0
Thanisandra,1296.0,2,80.0
Domlur,1540.0,3,90.0
Kengeri,2894.0,4,245.0
Sarjapura - Attibele Road,1330.0,3,48.0
Other,1200.0,2,65.0
Other,1200.0,3,90.0
Yeshwanthpur,2502.0,3,138.0
Chandapura,650.0,2,17.0
Kothanur,2400.0,3,150.0
Other,1007.0,2,43.0
Other,1200.0,2,50.0
Other,966.0,2,49.9
Nagarbhavi,1630.0,3,98.0
Rajaji Nagar,1640.0,3,229.0
Other,782.0,2,55.68
Devanahalli,1260.0,2,66.78
Other,1800.0,3,120.0
Other,1413.0,3,75.0
Whitefield,1116.0,2,51.91
Electronic City,1530.0,3,45.9
Ramamurthy Nagar,3700.0,4,225.0
Sarjapur  Road,2497.0,3,140.0
Kengeri,1540.0,3,64.0
Thanisandra,1436.0,3,74.75
Malleshwaram,1100.0,2,75.0
Hennur Road,276.0,2,23.0
Thanisandra,1427.0,3,120.0
Akshaya Nagar,2061.0,3,200.0
Hebbal,5611.5,4,477.0
Shampura,2650.0,4,150.0
Devanahalli,1282.0,3,68.52
Kadugodi,1050.0,2,34.0
LB Shastri Nagar,1600.0,3,65.0
Other,945.0,2,54.0
Hormavu,1500.0,2,78.0
Vishwapriya Layout,950.0,7,115.0
Other,1870.0,3,110.0
Sarjapur,1600.0,3,75.0
Electronic City,880.0,2,16.5
Other,1200.0,4,210.0
Kudlu Gate,1535.0,3,83.0
Kanakpura Road,950.0,2,57.0
Devanahalli,1360.0,2,65.0
8th Phase JP Nagar,1073.5,2,54.005
Bommasandra Industrial Area,1280.0,3,50.4
Other,1260.0,3,85.05
Hennur Road,5000.0,8,250.0
Yelahanka,3050.0,5,213.0
Kasavanhalli,1563.05,3,105.0
ISRO Layout,1000.0,2,60.0
Anandapura,1167.0,2,43.76
Vishveshwarya Layout,4000.0,7,225.0
Kothanur,1828.0,3,110.0
Kengeri Satellite Town,890.0,2,35.0
Other,1612.0,3,46.74
Other,1034.0,6,185.0
Mysore Road,1710.0,3,91.31
Kannamangala,957.0,2,58.0
 Devarachikkanahalli,1250.0,3,44.0
Other,2795.0,3,235.0
Hulimavu,1125.0,2,50.0
Electronic City Phase II,1020.0,2,30.6
Kalena Agrahara,1200.0,2,50.0
Thanisandra,1735.0,3,135.0
Thanisandra,2050.0,3,145.0
Mahalakshmi Layout,3750.0,4,760.0
Other,1350.0,3,48.0
Hosa Road,1063.0,2,32.0
Other,1904.0,3,150.0
Whitefield,4200.0,4,420.0
Other,2000.0,3,175.0
Sarjapur,1242.5,2,43.49
Other,1425.0,3,75.0
Electronic City,1500.0,3,64.5
Electronic City,1060.0,2,60.0
Other,1470.0,3,70.0
Other,1300.0,6,99.0
Attibele,450.0,1,11.0
Electronic City,1152.0,2,64.5
Electronic City,1350.0,3,56.0
CV Raman Nagar,1550.0,3,65.0
Other,1500.0,3,100.0
Kumaraswami Layout,600.0,5,85.0
Nagavara,400.0,1,14.0
Malleshwaram,705.0,1,67.0
Electronic City,770.0,2,36.0
Hulimavu,1242.0,2,51.0
Hebbal Kempapura,1700.0,3,155.0
Thanisandra,2144.0,3,145.0
Vijayanagar,1704.0,3,110.0
Electronic City,1070.0,2,52.0
Other,1846.0,3,300.0
Other,1340.0,2,55.7
Electronic City,1025.0,2,46.0
KR Puram,1277.5,2,56.8
Marathahalli,1200.0,2,52.0
Kanakpura Road,2250.0,4,110.0
Pattandur Agrahara,1550.0,3,80.0
Bellandur,1200.0,4,325.0
Other,1800.0,7,250.0
Marathahalli,1200.0,2,60.0
Yelahanka,1327.0,2,98.0
Kothanur,1186.0,2,58.0
Other,1783.0,3,115.0
HSR Layout,1400.0,3,56.0
Nagasandra,980.0,2,48.0
EPIP Zone,1285.0,2,82.0
Other,912.0,3,70.0
Whitefield,1225.0,2,47.6
Whitefield,1075.0,2,53.0
Kadugodi,1260.0,3,54.0
Yelahanka,1282.0,3,48.7
Kogilu,1909.0,3,88.0
Panathur,1359.0,2,87.0
Other,1207.0,2,43.5
Padmanabhanagar,1736.0,4,190.0
1st Block Jayanagar,2850.0,4,428.0
Kammasandra,1595.0,3,65.0
Other,1798.0,3,89.0
Electronics City Phase 1,1475.0,3,78.29
Other,1580.0,3,100.0
Dasarahalli,1295.0,2,65.0
Magadi Road,3600.0,6,141.0
Electronic City,589.0,1,27.0
Other,1415.0,3,78.0
Sarjapur  Road,1787.0,3,98.29
Sarjapur  Road,1787.0,3,125.0
Koramangala,1475.0,3,90.0
Other,2000.0,4,75.5
Sarjapur  Road,984.0,2,44.28
Devanahalli,1630.0,3,74.82
Other,2405.0,3,260.0
7th Phase JP Nagar,1080.0,2,72.0
Other,1500.0,2,115.0
Hebbal,1900.0,3,119.0
Dommasandra,805.0,2,22.14
Budigere,1153.0,2,56.4
Other,1148.0,2,60.0
Other,1110.0,2,55.0
Electronic City,1100.0,2,42.0
Kalyan nagar,1290.0,2,110.0
Other,1500.0,3,65.0
Other,1080.0,2,39.0
Vijayanagar,1933.0,3,129.0
Ramamurthy Nagar,3500.0,5,150.0
Other,1060.0,2,60.0
Chandapura,645.0,1,16.45
Other,2600.0,8,180.0
Other,1644.0,3,84.0
Other,1285.0,2,72.5
Electronic City,1200.0,3,90.0
Electronic City,910.0,2,40.0
Kothanur,1577.0,3,70.0
Other,4050.0,3,280.0
OMBR Layout,2420.0,3,185.0
Chandapura,800.0,2,20.0
Other,1060.0,2,55.0
7th Phase JP Nagar,1270.0,2,93.0
Other,900.0,2,22.5
Other,1280.0,2,69.0
Horamavu Agara,1200.0,4,95.0
Sarjapur  Road,1025.0,2,36.0
Electronic City,1108.0,2,63.0
Other,1200.0,5,170.0
Other,3045.0,3,170.0
Ambedkar Nagar,2900.0,4,300.0
Vijayanagar,1500.0,3,75.5
Raja Rajeshwari Nagar,1295.0,2,43.9
Budigere,1162.0,2,59.9
Sarjapur  Road,1035.0,2,49.2
Attibele,1600.0,4,52.8
Other,1464.0,3,46.0
Hennur Road,1866.0,3,61.58
Other,700.0,2,26.0
Kalena Agrahara,1804.0,3,120.0
Sarjapur,913.0,2,32.0
Talaghattapura,1868.0,3,131.0
Kengeri Satellite Town,883.0,2,45.0
Other,900.0,2,110.0
Kogilu,1664.0,3,73.95
Hegde Nagar,2026.0,3,132.0
Balagere,1210.0,2,80.9
Other,4111.0,4,250.0
Kadugodi,1762.0,3,91.45
Jigani,1252.0,3,55.0
Gollarapalya Hosahalli,861.0,2,34.5
7th Phase JP Nagar,1420.0,3,100.0
Other,1450.0,6,250.0
Electronics City Phase 1,1490.0,3,78.8
Bisuvanahalli,1075.0,3,46.0
Old Madras Road,1425.0,3,94.0
Kalena Agrahara,1200.0,2,40.0
Kaggadasapura,1280.0,3,56.0
Other,1084.0,2,50.0
Chandapura,1015.0,2,25.88
Kanakpura Road,1017.0,2,51.25
Haralur Road,1027.0,2,44.0
Electronic City Phase II,1069.0,2,45.0
Hebbal,1349.0,2,98.2
9th Phase JP Nagar,1005.0,2,50.0
Jakkur,1417.0,2,75.0
TC Palaya,1475.0,3,98.0
Other,950.0,2,47.0
Other,2000.0,4,120.0
Giri Nagar,880.0,3,140.0
Sarjapur  Road,1863.0,4,104.0
Singasandra,1010.0,2,29.5
Kalena Agrahara,1425.0,3,70.0
Vijayanagar,1450.0,3,100.0
Kothanur,1847.0,3,105.0
AECS Layout,1100.0,2,45.0
Kanakpura Road,525.0,1,26.0
Mallasandra,1665.0,3,95.0
Begur,1664.0,4,65.0
JP Nagar,1850.0,3,150.0
Panathur,1438.0,2,100.0
Other,1560.0,3,115.0
Yelahanka,1350.0,2,55.55
Kanakpura Road,1550.0,3,67.0
Malleshpalya,1140.0,2,46.5
Other,1200.0,5,180.0
Other,850.0,2,27.0
Whitefield,1280.0,2,75.0
Munnekollal,1170.0,2,52.0
Other,1113.0,2,51.0
Hennur Road,1385.0,2,83.09
Electronic City,1128.0,2,65.0
Marathahalli,1200.0,2,128.0
Other,1200.0,4,165.0
Rajaji Nagar,2390.0,3,415.0
Giri Nagar,2400.0,4,400.0
Haralur Road,1464.0,3,56.0
Other,1200.0,2,55.0
Kaval Byrasandra,1200.0,2,52.0
Kaggalipura,1150.0,3,55.0
Other,1645.0,3,95.0
Sarjapur  Road,1000.0,2,67.0
Haralur Road,2650.0,4,198.0
6th Phase JP Nagar,1192.0,2,74.0
Ulsoor,2135.0,3,215.0
Whitefield,1173.0,2,58.0
Uttarahalli,1020.0,2,45.0
Thigalarapalya,3122.0,4,230.0
Somasundara Palya,1600.0,3,64.0
Other,1200.0,2,79.0
Other,1230.0,2,48.0
 Devarachikkanahalli,1250.0,2,40.0
Kalena Agrahara,1325.0,2,76.0
7th Phase JP Nagar,1850.0,3,150.0
Kanakpura Road,525.0,1,21.53
Basaveshwara Nagar,1200.0,2,65.0
Other,1350.0,3,140.0
Bommasandra,1260.0,3,49.36
Other,1800.0,3,150.0
Other,11.0,3,74.0
Ardendale,1100.0,2,43.25
Harlur,1508.0,2,77.0
Other,1592.0,3,75.0
Akshaya Nagar,1388.0,2,57.0
Electronic City Phase II,630.0,1,28.35
Other,2000.0,3,365.0
Other,1762.0,3,125.0
Other,950.0,2,50.0
Kodihalli,3252.0,4,335.0
Magadi Road,1116.0,2,50.0
Other,1308.0,2,89.04
Other,1500.0,4,230.0
Bannerghatta Road,500.0,1,18.5
Hennur,1075.0,2,52.0
Chandapura,530.0,1,11.66
Bellandur,1205.0,2,66.0
5th Phase JP Nagar,1075.0,2,60.0
KR Puram,930.0,2,39.0
Balagere,1380.0,2,60.0
Hebbal,2483.0,4,212.0
Kodigehaali,1166.0,2,55.0
Bannerghatta Road,1050.0,2,65.0
Other,2023.71,3,275.0
Begur Road,1200.0,2,46.8
Lakshminarayana Pura,1600.0,3,108.0
Billekahalli,1935.0,3,110.0
8th Phase JP Nagar,451.0,1,29.9
Electronic City,1800.0,3,95.0
Jalahalli,1400.0,3,77.0
Hegde Nagar,1801.0,3,115.0
Mahadevpura,1451.0,2,90.0
Anekal,1200.0,2,36.0
Begur Road,1160.0,2,44.0
Kengeri,1000.0,2,25.0
Kanakpura Road,950.0,2,40.0
Other,1629.0,3,79.0
Vijayanagar,1580.0,3,134.0
Vijayanagar,1826.0,3,121.0
7th Phase JP Nagar,1245.0,2,94.0
Raja Rajeshwari Nagar,1145.0,2,45.79
Sompura,825.0,2,33.0
Yeshwanthpur,1693.0,3,108.0
Electronics City Phase 1,1113.27,2,53.0
Other,1460.0,2,58.0
Doddathoguru,1050.0,2,32.0
Dodda Nekkundi,1260.0,2,55.0
Other,700.0,6,120.0
Hosur Road,1656.0,2,120.0
Chandapura,1208.0,3,45.0
Whitefield,1910.0,3,161.0
Whitefield,3252.0,4,230.0
Battarahalli,1200.0,2,65.0
Other,1200.0,4,175.0
7th Phase JP Nagar,1175.0,2,82.0
Other,1000.0,2,165.0
Bannerghatta Road,1200.0,4,125.0
Rajaji Nagar,2390.0,3,410.0
Rajaji Nagar,12000.0,7,2200.0
Sultan Palaya,550.0,2,62.0
Kengeri,1286.0,1,18.5
Other,1185.0,2,38.0
Kengeri,750.0,2,38.0
Mahalakshmi Layout,1200.0,6,250.0
Kanakpura Road,1550.0,3,64.5
Other,1760.0,3,88.0
Billekahalli,1125.0,2,62.0
Nagarbhavi,1350.0,3,150.0
Anandapura,1000.0,2,55.0
Bommasandra Industrial Area,1090.0,2,31.48
TC Palaya,1200.0,2,60.0
Budigere,1991.0,3,103.0
Bommasandra,1060.0,2,26.5
Ambalipura,1105.0,2,75.0
Hoodi,985.0,2,67.0
Chandapura,1533.0,6,85.0
Balagere,1590.0,3,79.0
CV Raman Nagar,1120.0,2,55.0
Other,1069.0,2,55.0
Marathahalli,1933.0,3,140.0
Hosur Road,1194.0,2,69.0
Brookefield,1150.0,2,69.0
Yelenahalli,1240.0,2,47.12
Raja Rajeshwari Nagar,1419.0,2,48.1
7th Phase JP Nagar,1200.0,8,250.0
Other,2150.0,3,240.0
Other,1450.0,3,55.0
Other,1630.0,3,68.29
Dasanapura,708.0,2,40.0
Kasavanhalli,1000.0,3,110.0
Whitefield,11890.0,4,700.0
Bellandur,1250.0,2,76.0
7th Phase JP Nagar,1400.0,3,95.0
Sarjapur  Road,1670.0,3,57.0
Ardendale,1750.0,3,100.0
Vittasandra,1404.0,2,71.0
Hoodi,1715.0,3,95.0
Electronic City,630.0,1,34.65
Harlur,1752.12,3,135.0
Hulimavu,1650.0,3,78.0
Raja Rajeshwari Nagar,1295.0,2,55.47
Giri Nagar,1800.0,3,252.0
Sarjapur  Road,1346.0,2,74.03
Other,1200.0,4,200.0
Hormavu,1150.0,2,55.0
Other,3309.0,4,325.0
Chandapura,1190.0,3,30.35
AECS Layout,1620.0,3,98.0
Marathahalli,950.0,2,46.96
Other,5000.0,11,360.0
Harlur,2450.0,3,120.0
Electronic City Phase II,1220.0,3,35.23
Other,850.0,2,30.0
Padmanabhanagar,1020.0,2,63.0
Chikkalasandra,1100.0,2,50.0
Other,1150.0,2,126.0
Hebbal,1760.0,3,130.0
Ambalipura,1800.0,3,110.0
Akshaya Nagar,1070.0,2,54.0
2nd Stage Nagarbhavi,1500.0,4,220.0
Vidyaranyapura,1440.0,2,95.0
Amruthahalli,900.0,2,40.0
Other,1200.0,4,230.0
Whitefield,1130.0,2,42.16
Koramangala,1320.0,2,165.0
Kodigehalli,1270.0,2,98.0
Other,1200.0,2,62.0
Other,4800.0,4,235.0
Other,1200.0,2,74.0
Subramanyapura,929.0,2,50.17
Other,1150.0,4,260.0
Basavangudi,1125.0,4,180.0
Kenchenahalli,500.0,5,65.0
Other,1200.0,5,190.0
Other,1464.0,3,56.0
7th Phase JP Nagar,3600.0,4,400.0
Other,2000.0,4,99.0
Chikkalasandra,1208.0,2,49.0
Hebbal Kempapura,1130.0,2,60.0
Other,1753.0,3,120.0
Old Madras Road,4500.0,5,337.0
Banjara Layout,600.0,3,58.0
Hoodi,1196.0,2,94.42
5th Phase JP Nagar,1150.0,2,52.5
Electronic City,1128.0,2,63.0
Other,1000.0,2,53.0
Yelahanka,1035.0,2,45.0
Kereguddadahalli,950.0,2,32.0
Bisuvanahalli,1075.0,3,36.0
Whitefield,1040.0,2,48.5
Other,720.0,2,45.0
Lingadheeranahalli,1511.0,3,95.0
Other,1300.0,3,58.0
Hoodi,1545.0,3,68.75
Shampura,375.0,1,26.0
Vidyaranyapura,1062.0,2,38.0
Other,1115.0,2,40.0
JP Nagar,1000.0,2,35.0
Kambipura,883.0,2,45.0
Sarjapur  Road,1195.0,2,70.0
Other,700.0,1,41.0
Vittasandra,1246.0,2,67.0
8th Phase JP Nagar,660.0,4,90.0
Banashankari Stage III,8500.0,4,145.0
Other,1600.0,4,80.0
Haralur Road,2805.0,4,154.0
Begur Road,1584.0,3,65.0
Sector 7 HSR Layout,3000.0,4,275.0
Hosur Road,1175.0,3,48.0
Other,1595.0,3,115.0
Other,1353.0,2,110.0
Electronic City,1599.0,3,125.0
Whitefield,1150.0,2,70.0
Jakkur,5230.0,4,465.0
KR Puram,1155.0,2,42.74
Other,1200.0,1,85.0
Electronic City Phase II,1000.0,2,25.0
Thanisandra,3000.0,4,120.0
Rajiv Nagar,1867.0,3,160.0
Ramagondanahalli,1251.0,2,47.0
Other,1028.0,2,45.5
Arekere,1222.0,2,45.0
Bannerghatta Road,1170.0,3,66.0
Hebbal,2400.0,3,245.0
Other,1385.0,3,48.48
HSR Layout,1372.0,2,68.0
Magadi Road,1282.0,3,49.0
Mico Layout,5000.0,9,210.0
Other,3000.0,5,528.0
Kanakpura Road,1135.0,2,39.73
Whitefield,1768.0,3,101.0
Other,1325.0,3,90.0
Electronic City,1599.0,3,99.0
Whitefield,1500.0,3,61.95
Other,2610.0,3,499.0
Uttarahalli,1286.0,2,63.0
Kammanahalli,2845.0,5,140.0
Other,1600.0,3,50.0
Hennur Road,1317.5,2,63.77
Hebbal,3450.0,3,260.0
Munnekollal,1102.0,2,53.67
Yelahanka,1350.0,2,54.0
Banashankari,1200.0,3,42.0
Hosa Road,1300.0,6,145.0
Other,1800.0,2,80.0
Chikkabanavar,950.0,2,40.0
Kanakpura Road,525.0,1,27.25
Attibele,656.0,2,25.0
Marathahalli,1780.0,4,175.0
Other,1056.0,2,80.0
Bannerghatta Road,595.0,1,33.32
Other,1080.0,2,50.0
7th Phase JP Nagar,2225.0,3,160.0
Bommasandra,1126.0,2,28.15
Electronics City Phase 1,1490.0,3,84.0
HRBR Layout,2000.0,4,300.0
Sarjapur  Road,1550.0,3,100.0
Whitefield,1600.0,3,86.0
Other,1160.0,2,55.0
Whitefield,4144.0,4,315.0
Sarjapur  Road,2100.0,3,125.0
Vittasandra,1404.0,2,69.3
Sarjapur  Road,2230.0,4,225.0
Other,1544.0,3,120.0
Banashankari Stage III,1305.0,3,58.7
Marathahalli,1230.0,2,80.0
Harlur,1460.0,3,73.0
Sarjapur  Road,1800.0,2,34.185
Gottigere,967.0,2,45.0
Other,540.0,1,36.0
Hormavu,715.0,1,46.0
Whitefield,2500.0,3,313.0
Other,1578.0,3,180.0
Mysore Road,1020.0,2,48.95
Jigani,1020.0,2,40.0
Koramangala,1253.0,2,102.0
Other,1180.0,2,42.0
Nehru Nagar,961.0,2,38.0
Kanakapura,1419.0,3,75.0
Harlur,1709.0,3,150.0
Other,1600.0,2,115.0
Other,416.0,1,18.5
Sanjay nagar,1100.0,2,98.0
HSR Layout,1430.0,3,65.0
Other,1260.0,2,45.0
Other,1630.0,3,85.0
Sarjapur  Road,1249.0,3,44.71
Kalena Agrahara,1450.0,3,85.0
Konanakunte,2791.0,3,223.0
Other,600.0,1,90.0
Other,834.0,1,60.0
Other,1125.0,3,70.0
Arekere,2060.0,3,140.0
Malleshwaram,12000.0,7,2200.0
Gottigere,891.0,2,25.0
Raja Rajeshwari Nagar,1133.0,2,49.07
Bisuvanahalli,1075.0,3,37.0
Other,3000.0,4,260.0
Brookefield,2440.0,4,425.0
Vidyaranyapura,1200.0,2,55.0
Thanisandra,1075.0,2,45.8
Kaggadasapura,1140.0,2,40.0
Margondanahalli,940.0,5,150.0
Other,2160.0,6,250.0
Raja Rajeshwari Nagar,1090.0,2,42.0
R.T. Nagar,1500.0,4,70.0
Whitefield,4104.0,4,360.0
Whitefield,1790.0,3,100.0
Hebbal,1920.0,3,134.0
HRBR Layout,1374.0,2,95.0
Bannerghatta Road,1445.0,3,95.0
Kanakapura,711.0,1,36.0
Tumkur Road,1500.0,3,95.0
Whitefield,1720.0,3,100.0
Vasanthapura,1400.0,3,60.0
Kundalahalli,1030.0,2,49.0
Mysore Road,1200.0,2,85.0
Other,1375.0,3,70.0
Hegde Nagar,1050.0,2,56.0
Jalahalli,2250.0,3,160.0
Bellandur,1000.0,2,50.0
Other,469.0,1,25.0
Marathahalli,3800.0,4,250.0
Kambipura,883.0,2,29.0
GM Palaya,1820.0,3,86.0
Singasandra,1440.0,3,65.0
Other,3600.0,6,160.0
Malleshwaram,2500.0,4,325.0
Mahadevpura,1225.0,2,48.0
Other,4000.0,3,660.0
Chikkalasandra,875.0,2,52.8
Jalahalli East,750.0,1,40.0
6th Phase JP Nagar,1180.0,2,80.0
Haralur Road,1194.0,2,47.0
Hennur Road,1500.0,3,62.0
Other,1160.0,2,52.2
Arekere,1286.0,9,265.0
Hosakerehalli,2378.0,3,262.0
Sarjapur,1128.0,2,60.0
Hebbal,1500.0,3,150.0
Other,1220.0,3,35.23
Sarjapur  Road,1210.0,2,58.0
Kanakpura Road,1100.0,3,58.0
Bommasandra,1200.0,3,46.0
Haralur Road,3385.0,4,260.0
Other,1641.0,3,66.0
Horamavu Agara,1200.0,2,45.0
Raja Rajeshwari Nagar,1260.0,2,67.39
Mahadevpura,1720.0,3,78.0
Yelahanka,1132.5,2,48.13
Yelahanka,1210.0,2,45.98
Indira Nagar,2200.0,4,200.0
Bisuvanahalli,1075.0,3,45.0
Thanisandra,1702.0,3,130.0
Other,1630.0,2,200.0
Raja Rajeshwari Nagar,1141.0,2,38.55
Other,2072.0,3,108.0
JP Nagar,5520.0,5,375.0
Other,1200.0,3,70.0
Other,1350.0,3,77.0
Other,4046.0,4,445.0
Other,1180.0,3,78.34
Yelahanka,35000.0,3,130.0
Other,1355.0,2,115.0
Other,600.0,1,50.0
Hormavu,1200.0,7,150.0
Bannerghatta Road,1640.0,3,120.0
Other,1200.0,5,100.0
Kodichikkanahalli,1190.0,3,57.0
OMBR Layout,2400.0,4,375.0
Marathahalli,1019.0,2,49.85
Other,1875.0,3,165.0
Akshaya Nagar,1250.0,3,40.0
Brookefield,1200.0,3,140.0
Whitefield,1140.0,2,56.0
Lingadheeranahalli,1683.0,3,109.0
Kaggadasapura,1515.0,3,83.3
Hoodi,2118.0,4,111.0
Bannerghatta Road,1380.0,4,58.0
Varthur Road,1083.0,2,61.75
Other,600.0,2,55.0
Other,2300.0,3,120.0
Other,1240.0,2,60.0
Other,1750.0,3,120.0
Other,1230.0,2,43.48
Anjanapura,1500.0,3,139.0
Abbigere,985.0,2,40.39
Tindlu,1500.0,3,87.0
Electronic City,1125.0,2,32.49
Other,950.0,2,44.0
JP Nagar,5600.0,5,548.5
Kothanur,1580.0,3,76.0
Other,1092.0,3,98.5
Electronic City Phase II,1090.0,2,28.34
Hennur Road,2264.0,3,159.0
Dommasandra,1033.0,3,25.53
Kammasandra,810.0,2,24.5
Other,1045.0,2,45.0
Hebbal,1337.0,2,82.0
Chandapura,1200.0,2,32.0
Koramangala,1580.0,3,160.0
Begur Road,1500.0,3,54.0
Whitefield,1640.0,3,91.0
Other,1570.0,3,62.0
Gubbalala,1470.0,3,82.0
Kengeri,1160.0,2,40.61
7th Phase JP Nagar,1050.0,2,71.0
Dairy Circle,1855.0,3,225.0
Bannerghatta Road,1460.0,3,90.0
Hulimavu,1823.0,3,100.0
Electronic City,1094.0,2,42.0
Budigere,1153.0,2,57.0
Other,1325.0,3,57.0
Other,1200.0,4,85.0
Jakkur,1590.0,3,125.0
Other,1210.0,5,160.0
Raja Rajeshwari Nagar,1200.0,4,220.0
Other,1202.0,2,48.0
Haralur Road,1202.0,2,53.0
Other,1200.0,2,62.5
Panathur,1688.0,3,118.0
Kaval Byrasandra,1020.0,2,52.0
Sarjapur,1185.0,2,47.0
Ramagondanahalli,1235.0,2,52.04
Hosakerehalli,3205.0,4,500.0
Banashankari,1077.0,2,37.64
Kengeri Satellite Town,1415.0,3,66.0
EPIP Zone,2330.0,3,162.0
Whitefield,805.0,2,35.0
Other,425.0,1,20.03
Whitefield,1155.0,2,59.95
Cunningham Road,5270.0,4,1250.0
Anekal,656.0,2,22.0
Mahadevpura,1150.0,2,52.0
Other,600.0,1,60.0
Other,1468.0,2,140.0
Other,4300.0,4,550.0
Whitefield,2280.0,3,126.0
Hegde Nagar,1341.0,2,97.0
Jakkur,1279.0,2,77.0
Electronic City Phase II,2225.0,4,98.88
Thanisandra,1185.0,2,43.51
Other,1750.0,3,85.0
Kudlu,1152.0,2,53.5
Other,1000.0,5,160.0
Hulimavu,1300.0,2,36.0
Varthur Road,2760.0,4,155.0
5th Phase JP Nagar,1070.0,2,39.0
Uttarahalli,1101.0,2,45.0
Other,775.0,2,55.0
Yeshwanthpur,667.0,1,36.85
Electronic City,1070.0,2,55.0
Old Airport Road,1875.0,3,110.0
Kundalahalli,735.0,2,57.99
Sarjapur,4360.0,5,90.0
Koramangala,1750.0,3,130.0
Marathahalli,1215.0,2,67.0
Other,600.0,9,190.0
Vishwapriya Layout,820.0,2,30.0
Banashankari Stage VI,1177.5,2,59.935
Battarahalli,1779.0,3,89.61
Other,1105.0,2,58.0
Other,1286.0,1,93.0
Whitefield,1650.0,3,60.0
Jalahalli,1694.0,2,150.0
Hosakerehalli,2376.0,3,203.0
Cox Town,1975.0,3,150.0
Kammasandra,674.0,2,33.0
Kaggadasapura,1185.0,2,41.0
Other,445.0,1,28.0
Other,900.0,6,76.0
HSR Layout,1475.0,3,75.0
Gottigere,1618.0,3,82.5
Koramangala,1120.0,2,65.0
Marathahalli,2181.0,4,152.0
Vidyaranyapura,1200.0,4,90.0
Other,600.0,6,65.0
Bannerghatta Road,1556.0,3,59.13
Bannerghatta Road,1179.0,2,66.02
Thanisandra,1296.0,2,83.0
Kaggadasapura,1275.0,2,52.0
Other,1875.0,7,300.0
Kathriguppe,1400.0,3,77.0
Gottigere,1222.0,2,63.0
Electronic City,940.0,2,41.0
Thanisandra,1185.0,2,42.6
Tumkur Road,1779.0,3,112.0
Begur Road,1615.0,3,59.76
JP Nagar,4624.5,4,453.0
Haralur Road,1056.0,2,61.0
7th Phase JP Nagar,1100.0,2,46.0
Arekere,920.0,2,40.0
Other,1602.0,3,75.0
Padmanabhanagar,1176.0,2,62.0
HBR Layout,675.0,4,59.0
Other,1352.0,3,135.0
Kasavanhalli,1717.0,3,99.0
Other,10961.0,4,80.0
Bhoganhalli,2119.0,4,111.0
Vittasandra,1246.0,2,67.3
Anandapura,1141.0,2,42.79
Hennur Road,1157.0,2,84.0
Chandapura,1025.0,2,27.68
Yelahanka New Town,650.0,1,33.0
Hebbal,1349.0,2,98.0
Other,1566.0,3,83.3
Sahakara Nagar,2830.0,4,195.0
Electronic City,1320.0,3,38.13
Other,1780.0,3,84.83
Varthur,1091.0,2,34.9
Rachenahalli,3670.0,4,300.0
7th Phase JP Nagar,918.0,2,50.49
Yeshwanthpur,1950.0,4,130.0
Panathur,1695.0,3,90.0
Yelahanka,1705.0,3,95.0
Kalyan nagar,1375.0,3,75.0
Kanakpura Road,525.0,1,30.0
Whitefield,1447.0,2,83.0
Thanisandra,1114.0,2,39.0
7th Phase JP Nagar,1450.0,3,100.0
Other,460.0,2,15.0
Vasanthapura,1022.0,2,40.0
Hebbal,1000.0,2,45.0
Electronic City,1128.0,2,68.75
Kanakpura Road,1180.0,2,57.0
TC Palaya,1000.0,6,69.0
Nagarbhavi,1200.0,2,150.0
Sadashiva Nagar,3761.0,3,660.0
Kanakpura Road,1339.0,2,75.0
Yelachenahalli,1400.0,3,55.0
7th Phase JP Nagar,1040.0,2,39.52
Kadugodi,1198.0,2,58.0
Other,1200.0,4,95.0
Sarjapur  Road,1691.0,3,113.0
1st Block Jayanagar,1630.0,3,194.0
8th Phase JP Nagar,1240.0,3,43.5
Bannerghatta Road,1122.5,2,58.935
Mallasandra,1665.0,3,86.58
Marathahalli,2489.0,3,94.0
Brookefield,1142.0,2,70.0
Other,1976.0,3,184.0
Other,5500.0,4,600.0
Kothannur,1853.0,3,82.0
Vijayanagar,600.0,8,72.0
Kasturi Nagar,1567.0,2,92.0
Talaghattapura,1090.0,2,27.24
Raja Rajeshwari Nagar,1200.0,6,125.0
Other,2400.0,4,640.0
Electronics City Phase 1,1175.0,2,51.47
Subramanyapura,1200.0,2,52.0
Kodichikkanahalli,995.0,2,41.0
Magadi Road,884.0,2,41.1
Other,900.0,5,80.0
Yeshwanthpur,1170.0,2,57.0
KR Puram,1225.0,2,46.55
Electronic City,1342.0,2,73.3
Uttarahalli,1345.0,2,67.0
Kodigehaali,1320.0,3,65.0
Other,1286.0,2,45.0
Raja Rajeshwari Nagar,1140.0,2,49.39
Battarahalli,1300.0,2,50.0
Hosa Road,1652.0,3,85.0
Thigalarapalya,2072.0,3,142.0
Arekere,1740.0,3,95.0
Electronic City,1360.0,3,71.0
Hosur Road,1145.0,3,60.0
Uttarahalli,1540.0,3,40.0
Sarjapur  Road,1278.0,2,95.0
Electronic City Phase II,630.0,1,40.0
Other,1200.0,3,95.0
Other,2500.0,7,115.0
Chandapura,582.5,1,15.135
Hosur Road,3300.0,5,240.0
Basaveshwara Nagar,4500.0,5,415.0
Gunjur,1356.0,3,66.0
Other,823.0,2,28.0
TC Palaya,1200.0,3,66.0
Ramamurthy Nagar,1050.0,2,37.0
Other,1180.0,2,69.0
7th Phase JP Nagar,1070.0,2,42.79
Varthur,1385.0,2,80.0
Varthur,1000.0,1,70.0
Whitefield,1897.0,3,130.0
Magadi Road,1005.0,2,55.78
Green Glen Layout,1575.0,3,125.0
Subramanyapura,975.0,2,65.0
Hennur Road,1904.0,3,120.0
Kengeri Satellite Town,930.0,1,30.0
Other,686.0,1,17.0
Electronic City Phase II,2400.0,2,150.0
Other,1410.0,2,233.0
Sarjapur  Road,2238.0,3,140.0
Harlur,1174.0,2,69.0
Thubarahalli,3800.0,4,239.0
Whitefield,2225.0,3,125.0
Other,1250.0,2,200.0
Jigani,918.0,2,52.0
Mahadevpura,1250.0,2,52.0
Sarjapur  Road,1800.0,3,110.0
Marathahalli,1170.0,2,53.0
Other,1300.0,1,200.0
Bannerghatta Road,793.0,2,45.0
Jakkur,1710.0,3,107.0
Kambipura,1082.0,3,57.5
Naganathapura,1001.0,2,33.03
Other,1500.0,4,180.0
Yelahanka,1590.0,3,54.0
Other,2400.0,3,80.0
Horamavu Banaswadi,1554.0,3,55.0
Thanisandra,1142.5,2,43.415
Bellandur,4239.0,5,423.0
Konanakunte,884.0,2,58.0
Hosa Road,1045.0,2,98.89
Marathahalli,1019.0,2,49.86
Ambedkar Nagar,1935.0,3,130.0
Uttarahalli,1135.0,3,39.73
Lakshminarayana Pura,1680.0,3,150.0
Hebbal,2470.0,4,247.0
1st Phase JP Nagar,2825.0,4,250.0
Hosakerehalli,2480.0,3,330.0
5th Phase JP Nagar,1260.0,9,290.0
Ramamurthy Nagar,1800.0,5,187.0
Kasavanhalli,1799.0,3,90.0
Whitefield,4348.5,4,304.0
Attibele,400.0,1,11.0
Kundalahalli,1047.0,2,82.0
Other,1282.0,2,87.0
NGR Layout,1020.0,2,45.9
Kammanahalli,1080.0,4,155.0
Whitefield,1495.0,2,79.5
Kasavanhalli,3260.0,4,240.0
Other,1611.0,3,64.44
Koramangala,3500.0,4,425.0
Other,1500.0,3,95.0
Sahakara Nagar,1500.0,3,95.0
Yelahanka,3206.0,4,270.0
Uttarahalli,1540.0,3,50.0
Hosa Road,1639.0,3,80.0
Marathahalli,700.0,4,72.0
Raja Rajeshwari Nagar,1303.0,2,55.79
Koramangala,1005.0,2,110.0
Kammasandra,657.5,1,18.41
Chandapura,1305.0,3,33.28
Kothannur,600.0,3,95.0
Other,1300.0,2,115.0
Brookefield,1440.0,3,68.0
Seegehalli,901.0,2,35.14
Rajaji Nagar,1725.0,3,200.0
Sarjapur,900.0,3,42.0
NGR Layout,1020.0,2,48.45
Varthur,1535.0,3,65.99
Other,530.0,1,20.0
Other,1350.0,2,80.0
Sarjapur  Road,1115.0,2,50.0
Uttarahalli,1175.0,2,47.0
Whitefield,1113.0,2,62.0
Uttarahalli,1200.0,6,225.0
Ramamurthy Nagar,1640.0,5,240.0
Giri Nagar,650.0,2,42.0
Marathahalli,1325.0,2,71.55
Electronics City Phase 1,950.0,2,31.0
Jakkur,1396.0,3,86.51
Rachenahalli,1050.0,2,52.07
Thanisandra,1825.0,3,100.0
7th Phase JP Nagar,1190.0,2,49.98
Marathahalli,1220.0,2,56.5
NRI Layout,1565.0,3,75.0
Hennur Road,1891.0,3,109.0
Other,900.0,2,27.0
Hosa Road,1161.0,2,55.15
Sarjapur,649.5,1,17.535
Other,2400.0,8,125.0
Rajaji Nagar,315.0,4,90.0
Yeshwanthpur,665.0,1,36.85
Hoodi,1425.0,2,80.0
Chikkabanavar,1200.0,1,20.0
ITPL,1200.0,3,56.12
Somasundara Palya,1255.0,2,67.0
Hegde Nagar,2112.95,3,145.0
Raja Rajeshwari Nagar,600.0,1,22.0
Haralur Road,1810.0,3,100.0
Indira Nagar,1200.0,2,93.0
Harlur,1033.0,2,49.0
ITPL,1548.0,3,89.5
Horamavu Banaswadi,1611.0,3,66.0
Electronic City Phase II,1400.0,3,40.43
Vidyaranyapura,1485.0,3,67.0
Margondanahalli,2400.0,2,82.0
Pattandur Agrahara,1025.0,2,44.5
Other,600.0,4,65.0
Other,1225.0,2,53.0
5th Phase JP Nagar,1256.0,2,62.8
Whitefield,2268.0,4,163.0
Kanakpura Road,1100.0,3,53.0
Other,1141.0,2,62.0
Attibele,400.0,1,12.0
Chandapura,1400.0,2,60.0
Other,4100.0,7,140.0
Other,1286.0,1,110.0
Other,15.0,1,30.0
Other,1175.0,2,48.27
Sahakara Nagar,1100.0,2,56.0
Kanakpura Road,1843.0,3,95.84
1st Phase JP Nagar,1200.0,8,240.0
Horamavu Banaswadi,1460.0,2,80.5
Rachenahalli,1530.0,3,74.5
HSR Layout,1467.0,2,55.0
Other,950.0,1,40.0
Vittasandra,1246.0,2,64.5
Kanakapura,711.0,1,38.0
Haralur Road,1194.0,2,46.0
Babusapalaya,1358.0,3,43.4
Nagasandra,1500.0,6,130.0
Hoodi,1420.0,2,75.0
Kathriguppe,1250.0,3,68.75
Akshaya Nagar,1280.0,2,58.0
Nagappa Reddy Layout,1209.0,2,50.0
Other,4200.0,5,225.0
BTM 1st Stage,1215.0,4,205.0
Panathur,1315.0,3,54.8
Other,1800.0,3,90.0
Other,1600.0,5,125.0
TC Palaya,1600.0,3,65.0
Other,3968.0,6,900.0
Other,1563.0,3,52.0
Whitefield,1560.0,3,72.0
Brookefield,2169.0,3,115.0
Other,900.0,9,170.0
Rachenahalli,1050.0,2,55.5
Iblur Village,3235.0,3,235.0
HSR Layout,1140.0,2,46.0
7th Phase JP Nagar,1500.0,3,170.0
Horamavu Agara,1560.0,3,75.0
JP Nagar,1100.0,2,70.0
Kasavanhalli,1260.0,3,40.32
Hebbal,1036.0,2,50.0
Akshaya Nagar,1662.0,3,85.1
Yelachenahalli,1464.0,3,105.0
Yelahanka,1234.0,2,80.0
Sarjapur  Road,1403.0,3,55.0
Other,915.0,4,54.9
2nd Stage Nagarbhavi,3000.0,6,451.0
Seegehalli,1150.0,3,42.9
Hebbal,3900.0,4,410.0
Yeshwanthpur,850.0,5,90.0
Kanakapura,929.0,2,46.0
2nd Stage Nagarbhavi,2400.0,6,450.0
TC Palaya,1350.0,3,75.0
Vasanthapura,1135.0,2,39.73
Other,1405.0,2,70.0
Whitefield,1200.0,2,45.84
Yeshwanthpur,1161.0,2,64.08
Kanakpura Road,1290.0,2,74.0
Yeshwanthpur,2557.0,3,141.0
Other,1480.0,3,90.0
BTM 1st Stage,3300.0,9,500.0
Old Madras Road,1350.0,3,54.54
Kadugodi,1580.0,3,65.0
Banashankari,1470.0,3,88.64
Ananth Nagar,500.0,1,14.0
Sarjapur  Road,1346.0,2,61.92
Other,1600.0,3,90.0
Naganathapura,720.0,2,120.0
Other,1286.0,2,29.5
Other,1200.0,4,135.0
Other,1200.0,2,35.0
Channasandra,1340.0,3,48.33
Devanahalli,6136.0,4,560.0
Jigani,918.0,2,48.0
Other,1500.0,3,115.0
Yelahanka,1315.0,2,85.0
Other,2400.0,4,775.0
Uttarahalli,1390.0,3,62.55
Uttarahalli,1330.0,3,56.0
Jalahalli,3100.0,5,265.0
Other,1824.0,3,125.0
7th Phase JP Nagar,1420.0,3,96.0
Other,750.0,1,56.25
Jalahalli East,1260.0,3,60.0
Hennur Road,1561.0,3,95.0
5th Phase JP Nagar,812.0,9,165.0
Other,1060.0,2,42.0
Hoodi,1120.0,8,145.0
Haralur Road,1225.0,2,67.38
Thanisandra,2144.0,3,135.0
Kengeri,1200.0,7,140.0
Electronic City,880.0,2,29.0
Hoodi,1639.0,3,110.0
Thanisandra,1240.0,3,62.0
Kanakpura Road,1500.0,2,69.0
Haralur Road,1243.0,2,46.0
Marathahalli,1575.0,3,78.0
Kambipura,1082.0,3,56.0
Konanakunte,1637.0,3,73.0
Kanakpura Road,1665.0,3,86.58
Electronic City,1265.0,2,56.93
Electronic City,1691.0,3,102.0
Thanisandra,1100.0,2,38.0
Other,24.0,5,150.0
Other,1500.0,3,62.0
Hosakerehalli,3205.0,4,380.0
Kammanahalli,1666.0,5,150.0
Choodasandra,1115.0,2,50.0
Mysore Road,1070.0,2,45.0
Indira Nagar,1128.0,2,105.0
Budigere,1162.0,2,57.0
Other,1339.0,2,55.0
Mahadevpura,1192.0,2,75.0
Haralur Road,1920.0,3,115.0
Hennur,1255.0,2,52.32
Rajaji Nagar,1357.0,2,115.0
Other,1600.0,3,75.0
Other,1225.0,2,55.11
Whitefield,2400.0,4,200.0
Kasturi Nagar,1570.0,3,80.0
Thanisandra,1093.0,2,70.0
Basaveshwara Nagar,1865.0,3,145.0
R.T. Nagar,1200.0,6,165.0
Kaikondrahalli,1039.0,2,80.0
Whitefield,1985.0,3,75.0
Hosakerehalli,1590.0,3,49.0
Other,4000.0,4,675.0
Electronic City Phase II,775.0,2,38.0
Other,1000.0,2,50.0
Hebbal Kempapura,1800.0,3,175.0
Bommasandra,1035.0,2,41.0
Dasarahalli,1520.0,3,75.0
Whitefield,1360.0,2,95.0
Other,6000.0,4,400.0
Kodigehaali,1117.0,2,56.0
KR Puram,1200.0,4,120.0
EPIP Zone,1330.0,2,92.5
Marathahalli,1937.0,3,160.0
Electronic City,1128.0,2,65.49
Neeladri Nagar,1053.0,2,45.0
Panathur,1198.0,2,77.0
Marathahalli,1152.0,2,56.0
1st Block Jayanagar,1200.0,6,125.0
Frazer Town,1625.0,2,75.0
Kundalahalli,1397.0,3,105.0
Yeshwanthpur,1523.0,3,170.0
Kaggalipura,700.0,1,38.0
Yelahanka,1170.0,2,62.5
Kanakpura Road,1200.0,3,42.0
Other,2400.0,3,170.0
Other,1480.0,2,65.0
Akshaya Nagar,1897.0,3,120.0
Rachenahalli,996.0,2,67.0
Haralur Road,1875.0,3,110.0
Other,1500.0,3,98.0
Other,3095.0,3,350.0
Ambalipura,1390.0,3,175.0
Yelahanka,1450.0,3,65.255
Yelahanka,697.0,1,45.0
Sarjapur  Road,710.0,1,27.0
Other,910.0,2,30.5
Sompura,1025.0,3,48.0
Magadi Road,1000.0,2,46.5
Harlur,1200.0,4,244.0
Horamavu Agara,1453.0,3,46.48
Sarjapur  Road,3335.0,4,300.0
Thanisandra,971.5,2,36.435
Bellandur,1281.0,2,74.0
Cooke Town,565.0,1,35.0
Varthur,1024.0,2,42.0
Electronic City,1620.0,3,62.0
Whitefield,1254.0,2,40.0
Banashankari,1300.0,3,75.0
Doddakallasandra,1233.0,2,43.0
Other,1200.0,1,28.0
Hosur Road,1510.0,3,105.0
Kaggalipura,950.0,2,65.0
Battarahalli,1945.0,3,97.42
Uttarahalli,1008.0,2,45.0
Thanisandra,1265.0,3,79.0
Hebbal,1255.0,3,77.68
Kanakpura Road,2689.0,4,220.0
Yelenahalli,1200.0,2,46.17
Sarjapur  Road,1403.0,3,51.63
Kudlu Gate,1535.0,3,85.0
Chamrajpet,1475.0,3,120.0
Uttarahalli,1390.0,3,60.47
Raja Rajeshwari Nagar,1278.0,3,53.76
Other,1133.0,2,55.0
Other,1560.0,5,145.0
Other,2900.0,5,90.0
Kogilu,1170.0,2,51.99
Sahakara Nagar,1200.0,3,200.0
Whitefield,1697.0,3,94.79
Thanisandra,1651.0,3,97.38
Other,1560.0,3,188.0
Hennur Road,1192.0,3,60.0
OMBR Layout,1078.0,2,65.0
Kumaraswami Layout,800.0,7,105.0
Kasavanhalli,1349.0,2,78.0
Ulsoor,2300.0,9,210.0
7th Phase JP Nagar,1680.0,3,120.0
Rayasandra,1314.0,3,63.0
Garudachar Palya,1060.0,2,48.7
Kalyan nagar,820.0,2,39.0
Whitefield,5000.0,4,400.0
Other,2000.0,3,85.0
Kalkere,856.0,2,40.0
Rajaji Nagar,1621.0,3,130.0
ITPL,1200.0,3,68.4
Bannerghatta Road,1484.0,3,52.5
Other,600.0,4,60.0
Other,14000.0,4,800.0
Yelahanka New Town,500.0,1,20.0
Other,485.0,1,15.0
7th Phase JP Nagar,1050.0,2,42.0
Uttarahalli,1617.0,3,66.68
Electronic City,550.0,2,16.0
Other,1384.0,3,62.28
Devanahalli,1408.0,2,85.0
Uttarahalli,1150.0,2,49.0
Akshaya Nagar,1410.0,3,75.0
Kaggadasapura,2150.0,4,100.0
Koramangala,2292.0,3,275.0
Malleshwaram,2006.0,3,297.0
Other,1508.0,3,70.25
Ramamurthy Nagar,1040.0,2,50.0
TC Palaya,1240.0,2,60.0
Kudlu Gate,1535.0,3,78.0
Lakshminarayana Pura,1180.0,2,75.0
Abbigere,2200.0,6,68.0
Bannerghatta Road,1400.0,2,78.0
Raja Rajeshwari Nagar,500.0,1,25.0
Whitefield,4800.0,4,525.0
Sarjapur  Road,1984.0,3,146.0
Whitefield,3000.0,4,250.0
Garudachar Palya,1960.0,3,160.0
Sarjapur  Road,1035.0,2,45.0
Other,2150.0,4,80.0
Whitefield,1700.0,3,115.0
Hosakerehalli,3024.0,4,248.0
Tumkur Road,1586.0,3,100.0
Hennur,2264.0,3,155.0
Chikka Tirupathi,2325.0,4,120.0
Yelahanka,1120.0,2,55.0
Yelahanka,1662.0,3,67.98
Sarjapur  Road,1128.0,2,59.0
5th Block Hbr Layout,1200.0,6,250.0
Jigani,924.0,2,65.0
Other,1600.0,3,52.0
Pai Layout,1006.0,2,35.0
Amruthahalli,1200.0,2,55.0
Other,1250.0,2,62.0
Other,1200.0,3,130.0
Kannamangala,957.0,2,56.0
Whitefield,1140.0,2,41.0
Other,1050.0,2,67.0
Kasturi Nagar,1565.0,3,88.5
Whitefield,1190.0,2,57.0
Whitefield,2842.0,3,162.0
Kanakpura Road,1558.67,3,65.0
Electronics City Phase 1,630.0,1,39.0
Whitefield,1403.0,3,60.81
Kanakpura Road,1542.0,3,85.0
Haralur Road,2750.0,4,220.0
Iblur Village,3596.0,4,290.0
Kengeri Satellite Town,1635.0,3,78.0
Mysore Road,1239.0,2,53.0
Other,1596.0,3,105.0
Channasandra,1009.0,2,38.34
Hosa Road,1726.0,3,81.99
Kudlu Gate,1535.0,3,86.0
Banashankari Stage V,1300.0,3,58.5
Whitefield,3100.0,4,465.0
Other,1800.0,3,80.0
Binny Pete,665.0,1,50.75
Chamrajpet,4050.0,9,1200.0
TC Palaya,1500.0,3,100.0
Kalkere,925.0,2,48.0
Old Airport Road,3356.0,4,251.0
Other,1395.0,2,63.59
Sonnenahalli,1415.0,3,55.0
Begur,1419.0,3,59.0
Kasavanhalli,1121.0,2,78.0
Kambipura,1082.0,3,45.0
KR Puram,1100.0,2,47.0
Hoodi,1606.0,3,89.55
Billekahalli,1650.0,3,88.0
Other,4634.0,3,1015.0
Old Airport Road,1206.0,2,75.0
Sarjapur  Road,1495.0,3,64.0
Malleshwaram,840.0,8,195.0
Electronic City,710.0,2,16.0
Balagere,1210.0,2,72.0
Nagarbhavi,1523.0,3,53.4
Whitefield,1232.0,2,45.0
Rachenahalli,680.0,1,44.0
Hebbal,1355.0,3,83.87
Thanisandra,1430.0,3,51.46
Kothannur,1275.0,3,43.85
Electronic City,1070.0,2,56.1
Other,1200.0,3,85.0
Electronic City,2000.0,4,120.0
Bommanahalli,1200.0,2,40.0
Marathahalli,1610.0,3,90.0
Haralur Road,1140.0,2,43.0
Raja Rajeshwari Nagar,1143.0,2,38.65
Jakkur,3467.86,4,249.0
Rachenahalli,1530.0,3,74.4
7th Phase JP Nagar,980.0,2,69.0
Whitefield,1485.0,3,65.0
Whitefield,1500.0,3,130.0
Thanisandra,1265.0,2,85.0
Other,1132.0,2,67.0
Other,1262.0,2,63.0
JP Nagar,940.0,2,49.0
Other,1515.0,3,88.0
Jigani,1300.0,3,150.0
Kothanur,1840.0,3,69.0
Electronic City,890.0,2,45.0
Other,1655.0,3,86.06
Hennur Road,2060.0,3,149.0
Bommanahalli,1730.0,3,96.0
Yelahanka,2195.0,3,127.0
Kathriguppe,1650.0,3,125.0
KR Puram,1200.0,2,71.0
Hosa Road,1079.0,2,32.37
Panathur,1085.0,2,36.0
Other,5000.0,7,299.0
Yelahanka,1075.0,2,51.5
Other,1380.0,2,80.0
Other,1450.0,3,65.0
Thubarahalli,1200.0,2,78.0
Benson Town,3200.0,3,350.0
Hoodi,1639.0,3,98.32
Other,1200.0,2,54.0
Vijayanagar,1739.0,3,116.0
Other,4346.0,4,500.0
Old Madras Road,935.0,2,32.72
Other,1200.0,6,180.0
Other,1178.0,2,47.0
Chikkalasandra,1375.0,3,50.0
Chandapura,1065.0,3,33.0
Other,1450.0,3,50.75
Other,999.0,2,45.0
Amruthahalli,4400.0,2,475.0
Marathahalli,1350.0,5,135.0
Kothannur,1100.0,2,40.0
Koramangala,1835.0,3,155.0
Hoodi,2090.0,4,95.1
Lingadheeranahalli,1519.0,3,93.0
Dommasandra,1267.0,3,56.0
Sanjay nagar,1150.0,2,72.2
Marathahalli,1146.0,2,70.0
Other,1200.0,8,235.0
Kannamangala,1550.0,3,65.0
Chandapura,850.0,2,18.5
Other,2200.0,3,187.0
Other,3329.0,3,330.0
Electronics City Phase 1,785.0,1,55.0
Hebbal Kempapura,2900.0,3,300.0
Raja Rajeshwari Nagar,1610.0,3,74.0
Bellandur,921.0,2,40.0
Kengeri Satellite Town,850.0,3,95.0
Bannerghatta Road,2700.0,5,158.0
Sarjapur  Road,1700.0,3,110.0
Sarjapur,1020.0,2,35.0
Billekahalli,1090.0,2,52.0
Other,3600.0,4,300.0
Thanisandra,1185.0,2,42.1
Doddathoguru,850.0,2,25.0
Harlur,1197.0,2,84.0
Other,3500.0,4,450.0
Poorna Pragna Layout,920.0,2,39.55
Chamrajpet,1286.0,9,296.0
Raja Rajeshwari Nagar,1105.0,2,65.0
Yeshwanthpur,1850.0,3,100.0
Judicial Layout,1300.0,3,64.0
Other,1595.0,3,76.0
Kodihalli,3073.0,4,696.0
Horamavu Agara,755.0,2,37.49
Nagasandra,4050.0,5,140.0
Kanakpura Road,1300.0,3,69.0
Bannerghatta Road,1215.0,2,50.0
Kanakpura Road,900.0,2,46.0
Banashankari Stage III,1145.0,2,58.4
Other,1093.0,2,65.0
Babusapalaya,1213.0,3,41.39
Bannerghatta Road,1654.0,3,100.0
NGR Layout,1105.0,2,52.48
Babusapalaya,1611.0,3,66.0
Other,1367.0,2,62.0
Devanahalli,1010.0,2,51.0
Other,750.0,3,75.0
Other,1535.0,3,95.0
Anekal,620.0,2,22.0
Horamavu Agara,982.0,2,47.65
Banashankari Stage II,1700.0,2,150.0
Whitefield,1330.0,2,71.0
JP Nagar,2500.0,3,135.0
Poorna Pragna Layout,1475.0,3,58.99
Bhoganhalli,1410.0,3,65.0
Yelahanka New Town,440.0,1,16.5
Yelahanka,1614.0,3,95.0
Neeladri Nagar,1363.0,2,68.0
Kogilu,650.0,2,28.0
Other,1015.0,2,45.0
Horamavu Banaswadi,1156.0,2,46.0
Other,1100.0,2,62.7
KR Puram,1455.0,3,46.0
Other,930.0,2,45.0
Other,1650.0,3,80.0
KR Puram,1200.0,2,90.0
Other,700.0,1,150.0
Karuna Nagar,2900.0,4,135.0
Kadugodi,1890.0,3,127.0
Other,2197.0,3,280.0
Hebbal Kempapura,3522.0,3,380.0
Other,1240.0,3,46.0
HRBR Layout,1440.0,2,98.0
Kodichikkanahalli,650.0,1,38.0
Budigere,764.0,1,32.0
Sector 7 HSR Layout,900.0,5,90.0
Hoodi,1445.0,3,65.0
Kanakpura Road,900.0,2,45.0
Singasandra,1030.0,2,55.0
Yelahanka,1381.0,3,52.48
Other,1100.0,2,60.0
Hoodi,1575.0,3,66.39
Thigalarapalya,1200.0,2,65.0
Begur Road,1200.0,2,43.2
Kasturi Nagar,1080.0,2,80.0
Hebbal Kempapura,2280.0,5,200.0
Akshaya Nagar,1360.0,3,85.0
Jakkur,1865.0,3,124.0
Sarjapur  Road,1157.0,3,75.0
Kammasandra,674.0,2,29.0
Whitefield,1405.0,3,78.0
Begur Road,1160.0,2,44.08
Other,1600.0,4,172.0
Hebbal,1790.0,3,127.0
Electronic City,1128.0,2,65.65
Panathur,1180.0,2,70.0
Other,1450.0,3,85.0
Kengeri,340.0,1,10.0
Other,2000.0,4,166.0
Rachenahalli,1050.0,2,53.5
Varthur,1125.0,2,40.0
Vittasandra,1246.0,2,68.0
HSR Layout,1372.0,2,61.0
Binny Pete,2465.0,3,234.0
Dasarahalli,1300.0,2,55.0
Other,1420.0,2,220.0
Bannerghatta,810.0,4,50.0
Channasandra,1065.0,2,35.0
Other,700.0,2,27.0
Hebbal,687.325,2,42.72
Other,1050.0,2,45.0
Other,1250.0,3,39.5
Electronic City,865.0,2,42.0
Uttarahalli,1200.0,2,44.0
Other,1756.0,3,100.0
Malleshwaram,750.0,9,150.0
Yelahanka,628.0,1,24.0
9th Phase JP Nagar,1200.0,7,195.0
5th Phase JP Nagar,1207.0,2,63.0
Kalena Agrahara,1765.0,3,125.0
Electronic City,1130.0,2,32.64
Other,1532.0,3,92.0
Other,1650.0,3,110.0
Horamavu Banaswadi,1200.0,4,105.0
Bhoganhalli,804.1,2,69.09
Doddathoguru,1200.0,2,75.0
Kengeri,1197.0,2,50.0
Other,1200.0,2,66.0
Uttarahalli,1385.0,3,48.48
Other,1010.0,2,148.0
Whitefield,2225.0,3,115.0
Other,1180.0,2,48.0
Other,1525.0,3,122.0
Ananth Nagar,1100.0,2,31.5
Other,1435.0,3,70.0
Attibele,400.0,1,14.0
Dommasandra,1200.0,2,50.0
Whitefield,1272.0,2,95.05
Whitefield,1205.0,2,39.0
Kalena Agrahara,980.0,2,40.0
Malleshpalya,1225.0,2,46.86
Whitefield,1541.0,3,72.0
Ramagondanahalli,1610.0,3,111.0
Jalahalli,1694.0,2,125.0
Other,600.0,3,75.0
Kaggalipura,950.0,2,39.0
Other,1560.0,3,66.0
Chandapura,1201.0,2,27.0
Chandapura,1500.0,2,60.0
Malleshpalya,1785.0,3,75.0
Raja Rajeshwari Nagar,1258.0,2,63.53
Electronic City,910.0,2,42.0
Thigalarapalya,1297.0,2,112.0
Kundalahalli,1291.0,2,49.0
Other,1070.0,2,42.0
Varthur,1012.0,2,66.5
Mahadevpura,1260.0,2,57.6
Sarjapur  Road,1282.0,2,72.0
Kanakpura Road,1843.0,3,92.15
Other,2400.0,4,200.0
Chikka Tirupathi,3356.0,5,105.0
Hebbal,2790.0,4,198.0
EPIP Zone,1330.0,2,86.98
Konanakunte,1400.0,3,73.0
Whitefield,1192.0,2,71.0
Other,1000.0,2,130.0
Thigalarapalya,1297.0,2,103.0
Sarjapur  Road,615.0,1,17.835
Vijayanagar,1490.0,3,100.0
Rayasandra,1373.0,3,72.0
7th Phase JP Nagar,1035.0,2,41.39
Kadugodi,3750.0,4,210.0
Doddakallasandra,1010.0,2,40.39
Sarjapur,1195.0,2,42.0
HSR Layout,1750.0,3,95.0
Malleshpalya,1052.0,2,50.0
Horamavu Banaswadi,1180.0,2,58.0
Padmanabhanagar,3680.0,5,440.0
Hormavu,2100.0,3,73.0
Hoodi,2863.0,4,140.0
Raja Rajeshwari Nagar,1128.0,2,38.24
Ulsoor,2700.0,3,450.0
JP Nagar,1120.0,2,33.6
HSR Layout,2424.0,3,90.0
Other,1300.0,2,60.0
Kanakapura,1090.0,2,32.69
Yelahanka,2710.0,3,251.0
Other,3040.0,2,180.0
Uttarahalli,1330.0,3,46.55
Hosur Road,1427.0,3,80.63
Banjara Layout,1294.0,3,48.0
Begur,1580.0,3,75.0
Uttarahalli,400.0,5,200.0
Chikka Tirupathi,1808.0,3,80.27
Rajaji Nagar,3516.0,4,540.0
Other,1194.0,2,47.0
Other,1310.0,3,50.0
Singasandra,3850.0,4,195.0
Kogilu,925.0,7,88.0
Yelachenahalli,2400.0,2,150.0
Koramangala,1290.0,2,100.0
Yelahanka,3770.0,6,110.0
Other,1390.0,3,120.0
Other,1200.0,4,72.0
Bisuvanahalli,845.0,2,33.0
Yelahanka,1537.0,3,120.0
Other,1135.0,2,68.0
Hoodi,1512.0,3,75.77
Other,900.0,2,55.0
Jigani,1230.0,3,54.0
Other,1378.0,3,42.33
Whitefield,1277.0,2,61.3
Hebbal,1985.0,3,189.0
Kengeri,8000.0,5,500.0
Other,1210.0,2,62.0
Yelahanka,890.0,2,40.0
JP Nagar,2550.0,9,360.0
Sarjapur,1200.0,4,110.0
Ardendale,3198.0,4,200.0
Hebbal,2483.0,4,215.0
Begur,1550.0,4,130.0
Sarjapur  Road,4111.0,4,310.0
Electronic City,975.0,2,37.5
Other,2500.0,3,250.0
Rajiv Nagar,1690.0,3,125.0
Hosa Road,1063.0,2,31.89
Cooke Town,2572.0,3,390.0
Other,2200.0,3,350.0
Other,1600.0,3,80.0
Bommanahalli,520.0,1,19.5
Marathahalli,4000.0,4,212.0
Munnekollal,1390.0,3,68.0
Whitefield,1185.0,2,40.0
Sahakara Nagar,1219.0,2,48.0
Kudlu Gate,1564.0,3,92.0
Sarjapur  Road,3430.0,4,228.5
Hosa Road,1100.0,2,37.1
Kothannur,1300.0,3,60.0
Chikkabanavar,1600.0,3,80.0
Ramamurthy Nagar,1600.0,3,75.0
Hennur Road,1482.0,3,92.0
Marsur,1000.0,3,66.0
Shampura,1200.0,2,53.0
Gubbalala,600.0,3,75.0
Kengeri,1200.0,2,58.0
Kereguddadahalli,600.0,6,60.0
Nagarbhavi,2400.0,3,160.0
Marathahalli,1469.0,3,89.0
Kanakapura,551.0,1,30.0
Electronics City Phase 1,1160.0,2,52.0
Balagere,1205.0,2,78.5
Kasavanhalli,1550.0,3,52.0
Gubbalala,1745.0,3,125.0
AECS Layout,1028.0,2,42.0
Frazer Town,1700.0,3,180.0
Karuna Nagar,1200.0,3,34.0
Kodihalli,2700.0,3,270.0
Other,1100.0,2,50.0
Ramamurthy Nagar,1200.0,2,72.0
Other,1269.72,2,68.0
Electronic City Phase II,1266.0,2,59.0
Mysore Road,1060.0,2,62.0
Other,1168.0,3,70.0
Other,1552.0,2,51.0
Talaghattapura,2038.5,3,120.0
Attibele,500.0,1,17.0
Hulimavu,1080.0,2,43.2
Other,2100.0,4,155.0
Other,1300.0,2,65.0
Electronics City Phase 1,920.0,2,33.0
Other,817.0,4,120.0
Harlur,1310.0,2,50.0
Horamavu Agara,1650.0,3,75.0
Other,1515.0,3,93.93
Raja Rajeshwari Nagar,1157.0,2,53.8
Other,2400.0,4,85.0
Konanakunte,3000.0,4,160.0
Basavangudi,2200.0,3,162.0
Other,1243.0,2,58.0
Rachenahalli,1530.0,3,74.39
Judicial Layout,2070.0,3,162.0
Yelahanka,1815.0,3,82.0
Sarjapur  Road,3900.0,4,300.0
Electronic City Phase II,1000.0,2,28.88
Ananth Nagar,982.0,2,24.55
Hennur Road,1232.0,2,89.0
Binny Pete,1282.0,3,178.0
Yelahanka,654.0,1,38.4
Bannerghatta Road,1181.0,2,55.0
2nd Stage Nagarbhavi,1200.0,4,245.0
Other,1616.0,3,75.0
Other,1800.0,5,44.5
Other,1200.0,6,135.0
Whitefield,1306.0,3,54.65
Whitefield,1626.0,3,89.0
Other,2700.0,6,214.0
Whitefield,1585.0,3,88.0
7th Phase JP Nagar,1370.0,2,56.17
Whitefield,3250.0,5,900.0
Kanakpura Road,1495.0,2,90.0
Other,2000.0,3,210.0
Other,2400.0,5,300.0
Bannerghatta,1375.0,3,57.0
Old Madras Road,3715.0,4,224.5
Kereguddadahalli,1400.0,3,48.0
Kadugodi,1100.0,5,135.0
Whitefield,665.0,1,28.585
Hebbal Kempapura,1200.0,4,215.0
Yelahanka,1150.0,2,46.0
Hebbal,1080.0,2,54.0
Kaikondrahalli,1645.0,3,100.0
Other,1760.0,3,176.0
Other,595.0,1,42.0
Bommenahalli,1200.0,3,125.0
JP Nagar,4624.5,4,314.5
Other,1410.0,2,67.0
Other,1090.0,2,31.48
Ramagondanahalli,540.0,1,30.0
Sarjapur  Road,1300.0,2,60.0
9th Phase JP Nagar,1890.0,3,85.0
Other,1254.0,2,53.0
Other,2800.0,7,125.0
Ulsoor,1275.0,2,120.0
Kathriguppe,1245.0,3,68.48
Other,1170.0,2,86.0
Panathur,1193.0,2,86.0
Chandapura,850.0,2,25.4
Marathahalli,1678.0,3,70.0
Gunjur,1600.0,3,75.0
Electronics City Phase 1,1750.0,3,84.0
Whitefield,1125.0,2,62.0
Other,2200.0,4,235.0
Other,1286.0,3,95.0
HBR Layout,2800.0,3,200.0
R.T. Nagar,1200.0,2,120.0
Sadashiva Nagar,2780.0,4,480.0
Electronic City Phase II,1320.0,3,38.13
Other,8000.0,27,230.0
Ardendale,2422.0,4,160.0
Kasavanhalli,1100.0,2,50.0
Uttarahalli,882.0,2,30.0
Bisuvanahalli,845.0,2,37.0
Kambipura,883.0,2,39.0
Thanisandra,776.5,1,48.145
Brookefield,1595.0,3,88.0
Whitefield,1280.0,2,85.0
Other,1700.0,4,550.0
Other,920.0,2,35.0
Choodasandra,1300.0,2,57.0
Other,1450.0,2,230.0
Harlur,1757.0,3,132.0
Anekal,600.0,1,16.5
Other,2400.0,4,142.0
Sarjapur,1240.0,2,44.0
Other,750.0,10,90.0
EPIP Zone,1330.0,2,93.36
8th Phase JP Nagar,1062.0,2,42.47
JP Nagar,1078.0,2,45.0
Bannerghatta Road,1460.0,3,72.0
Whitefield,1200.0,3,68.5
Laggere,1200.0,1,48.0
Kammasandra,912.0,3,39.0
Hosa Road,1286.0,3,115.0
Other,2400.0,5,625.0
Prithvi Layout,2028.0,4,162.0
Mysore Road,980.0,2,45.47
Sarjapur  Road,1000.0,2,40.0
Sarjapur  Road,1050.0,2,62.0
Bannerghatta,2611.0,3,239.0
Domlur,1875.0,3,150.0
Hennur Road,1065.0,2,42.6
Sanjay nagar,1800.0,3,180.0
Sector 7 HSR Layout,1163.0,2,98.86
Tumkur Road,1098.0,2,72.0
5th Phase JP Nagar,1725.0,3,100.0
Whitefield,4000.0,4,330.0
Thubarahalli,1128.0,2,75.0
Other,1320.0,8,200.0
Yelahanka,1705.0,3,74.16
Thigalarapalya,1418.0,2,95.0
Ramamurthy Nagar,1500.0,3,160.0
Hebbal,1100.0,2,50.0
Hebbal,812.0,2,55.0
Binny Pete,2817.5,4,204.0
Other,1280.0,2,40.0
Whitefield,1420.0,2,136.0
Other,1200.0,11,170.0
Other,727.0,6,66.0
Banashankari Stage II,1200.0,4,150.0
Old Airport Road,2774.0,4,207.0
HBR Layout,1722.0,3,95.0
Indira Nagar,2800.0,3,330.0
Other,3817.0,2,124.0
Other,1650.0,3,175.0
Other,840.0,2,27.0
Jigani,914.0,2,47.0
Hennur Road,1482.0,3,83.73
Kundalahalli,1724.0,3,127.0
Other,1670.0,3,91.86
Banaswadi,1184.0,2,53.0
Kodigehaali,1200.0,2,55.0
TC Palaya,1200.0,2,65.0
Jigani,927.0,2,55.0
Other,1242.0,2,39.7
Electronic City,1360.0,3,75.0
Brookefield,2800.0,4,240.0
7th Phase JP Nagar,1180.0,2,72.0
Whitefield,1697.0,3,108.0
Yelahanka New Town,550.0,2,26.0
Hennur,1225.0,2,57.0
Other,1690.0,3,55.0
Other,1660.0,10,475.0
Other,1488.0,3,57.0
Other,1250.0,3,80.0
JP Nagar,1050.0,1,44.0
HSR Layout,1027.0,2,44.0
Kanakpura Road,1699.0,3,81.94
Whitefield,1205.0,2,58.0
Other,712.0,4,67.5
Horamavu Agara,950.0,2,39.0
TC Palaya,1200.0,2,70.0
Akshaya Nagar,1476.0,3,120.0
CV Raman Nagar,1070.0,2,55.0
EPIP Zone,2160.0,3,172.0
Sector 2 HSR Layout,1296.0,2,75.0
Chikkalasandra,1800.0,2,128.0
Kanakpura Road,1570.0,3,64.5
Koramangala,1300.0,2,110.0
Sarjapur,1550.0,4,65.0
Electronic City,770.0,2,40.0
Jalahalli,1870.0,3,110.0
Other,1650.0,3,160.0
Domlur,1429.0,3,86.0
Babusapalaya,1167.0,3,39.98
Bommasandra,1035.0,2,41.73
Kengeri,1188.0,3,38.0
2nd Stage Nagarbhavi,1200.0,5,285.0
Sarjapur,1286.0,3,76.0
Nagarbhavi,884.0,1,36.0
Hoodi,1026.0,2,60.87
Shivaji Nagar,1400.0,7,200.0
Kaikondrahalli,1115.0,2,50.0
Hebbal Kempapura,1200.0,2,125.0
Old Airport Road,2690.0,4,191.0
Subramanyapura,975.0,2,58.0
Hosa Road,675.0,3,72.5
Chamrajpet,1900.0,4,170.0
Banashankari,600.0,3,100.0
OMBR Layout,1101.0,2,65.5
Sarjapur  Road,1700.0,3,135.0
Whitefield,3606.0,4,312.0
Padmanabhanagar,1258.0,2,115.0
Kanakpura Road,1560.0,3,92.0
Old Madras Road,3630.0,4,195.0
JP Nagar,2000.0,3,250.0
Other,1494.0,3,94.55
Hennur Road,1482.0,3,87.0
Other,800.0,2,50.0
Raja Rajeshwari Nagar,1185.0,2,47.39
Hulimavu,1100.0,2,71.5
NRI Layout,1300.0,2,120.0
Other,1225.0,2,150.0
Hulimavu,1758.0,3,65.0
Banaswadi,1145.0,2,55.0
Hormavu,1180.0,2,50.0
Other,1260.0,2,58.0
Yelahanka,3461.0,4,173.0
Arekere,1190.0,2,55.0
Sarjapur  Road,1691.0,3,119.0
Other,3675.0,4,367.0
Frazer Town,1305.0,3,95.45
Basavangudi,2337.0,3,292.0
Other,1200.0,2,150.0
Domlur,1206.0,2,217.0
Other,1350.0,5,130.0
Kogilu,1140.0,2,50.66
Other,1250.0,2,65.0
Other,600.0,3,60.0
Other,1225.0,2,48.0
Kereguddadahalli,800.0,2,28.0
Jalahalli East,1020.0,2,58.0
TC Palaya,2100.0,4,50.0
Anekal,925.0,2,40.0
Yelachenahalli,1800.0,4,220.0
Other,2000.0,3,100.0
Frazer Town,1510.0,3,75.0
Kasavanhalli,5800.0,5,1200.0
Other,1614.0,3,110.0
Yeshwanthpur,682.0,3,130.0
Gottigere,1200.0,2,95.0
TC Palaya,900.0,2,55.0
Bommenahalli,1632.0,4,145.0
OMBR Layout,1041.0,2,65.5
7th Phase JP Nagar,5080.0,6,450.0
Bannerghatta,3012.0,4,250.0
Marathahalli,1530.0,3,74.5
Sector 2 HSR Layout,1450.0,3,135.0
Bannerghatta Road,1200.0,2,75.0
Sahakara Nagar,1200.0,4,130.0
Hosur Road,1508.0,3,110.0
Other,600.0,7,106.0
Other,1188.0,2,73.0
Old Airport Road,2690.0,4,199.0
Harlur,1174.0,2,76.0
Old Madras Road,1350.0,3,58.99
Frazer Town,1870.0,3,185.0
Kengeri Satellite Town,1072.0,2,25.0
Other,52272.0,3,140.0
Kengeri,726.0,2,31.0
Hosur Road,1345.0,2,106.0
Begur Road,1200.0,2,45.0
Nagavarapalya,980.0,2,37.0
Hormavu,1050.0,2,77.0
Uttarahalli,993.0,2,39.71
7th Phase JP Nagar,1300.0,3,52.0
Vittasandra,1743.0,3,85.0
Whitefield,1204.0,4,125.0
Hormavu,1200.0,2,67.0
Sarjapur,950.0,2,32.5
Domlur,640.0,1,55.0
Electronic City Phase II,972.0,2,44.0
Marathahalli,1840.0,3,98.0
Electronic City,1128.0,2,64.0
Other,680.0,2,42.0
Other,2400.0,2,95.0
Other,1045.0,2,42.0
Other,955.0,2,53.55
Doddakallasandra,1360.0,3,54.39
BTM Layout,1150.0,2,63.0
Hennur Road,3450.0,4,294.0
Other,1115.0,2,56.87
Jigani,920.0,2,46.0
Bommasandra Industrial Area,1030.0,2,41.0
Thanisandra,1564.0,3,101.0
Uttarahalli,1045.0,2,45.0
Hegde Nagar,1200.0,4,83.0
Subramanyapura,1277.0,2,55.0
Other,2479.13,3,215.0
Sarjapur  Road,1846.0,3,140.0
Other,1100.0,2,106.0
Other,1690.0,3,75.0
Hormavu,1200.0,2,70.0
Yelahanka,3042.0,4,131.0
Rajaji Nagar,1640.0,3,223.0
Other,1068.0,2,40.05
Kanakpura Road,1135.0,2,58.0
Other,1925.0,3,120.0
Begur Road,1615.0,3,60.0
Other,650.0,1,26.0
Other,1200.0,9,120.0
Kaggadasapura,1150.0,2,42.0
Kothannur,930.0,6,135.0
Other,1410.0,3,45.12
6th Phase JP Nagar,600.0,3,100.0
Other,2000.0,3,207.0
Tumkur Road,1354.0,3,90.0
Other,1050.0,2,110.0
Arekere,600.0,1,28.0
Varthur,1320.0,4,110.0
Koramangala,1600.0,3,88.0
Kanakpura Road,3500.0,4,225.0
GM Palaya,1000.0,2,36.0
Other,1130.0,3,38.0
Vittasandra,1238.0,2,67.0
Other,2204.0,3,305.0
KR Puram,1200.0,8,110.0
Kudlu Gate,1364.0,3,46.38
Other,900.0,2,45.0
Gubbalala,1745.0,3,104.0
Kogilu,1200.0,2,53.33
Kanakapura,1020.0,2,42.83
Banashankari Stage III,1650.0,3,118.0
Other,1550.0,3,70.0
5th Phase JP Nagar,1440.0,2,60.0
Sarjapura - Attibele Road,1329.0,3,45.95
Other,916.0,2,42.0
Hulimavu,688.0,1,50.0
Other,1358.0,3,50.0
Kanakpura Road,1331.0,2,107.0
Malleshwaram,686.0,1,62.5
Hoodi,1050.0,2,50.0
Talaghattapura,2106.0,3,126.0
Bhoganhalli,1718.0,3,90.2
Raja Rajeshwari Nagar,1530.0,3,57.0
5th Block Hbr Layout,1206.0,2,56.0
Hebbal,1075.0,2,52.0
Sarjapur  Road,1200.0,3,95.0
Other,1936.0,3,54.21
Nagavara,2172.65,4,120.0
Sahakara Nagar,1100.0,3,75.0
BTM 2nd Stage,1260.0,3,185.0
Other,990.0,8,120.0
Jalahalli East,800.0,3,80.0
Sarjapur  Road,1117.0,2,29.99
Other,1685.0,3,110.0
CV Raman Nagar,740.0,2,37.0
Chamrajpet,1080.0,4,250.0
Magadi Road,1500.0,4,93.0
Banashankari,1800.0,3,115.0
Yelachenahalli,1700.0,3,130.0
Uttarahalli,850.0,2,37.93
Hennur Road,1891.0,3,139.0
Jalahalli,1400.0,2,80.0
Lakshminarayana Pura,1172.0,2,82.0
Sonnenahalli,896.0,2,43.75
Vijayanagar,1180.0,2,65.0
Basaveshwara Nagar,2460.0,7,350.0
Other,850.0,2,33.0
Anekal,530.0,1,18.0
Other,1550.0,3,110.0
Kanakapura,1699.0,3,97.0
Bellandur,2025.0,4,109.0
Other,500.0,1,20.0
Other,1146.0,2,38.5
Malleshwaram,2475.0,3,332.0
Haralur Road,1455.0,2,145.0
Seegehalli,800.0,2,50.0
Abbigere,765.0,1,30.0
Lingadheeranahalli,1521.0,3,94.99
Gottigere,1600.0,3,55.0
Other,3155.0,3,370.0
Hebbal Kempapura,2900.0,3,240.0
Other,1765.0,3,105.0
Kasavanhalli,1980.0,3,88.0
Amruthahalli,1900.0,3,135.0
Other,1265.0,2,70.0
Bommasandra,1034.0,2,40.0
Other,1012.0,2,59.0
Electronic City,1070.0,2,54.0
Mahadevpura,3555.0,4,230.0
5th Block Hbr Layout,1270.0,3,70.0
Yeshwanthpur,585.0,2,70.0
Other,2045.0,3,154.0
Bellandur,1490.0,3,98.0
Banaswadi,6150.0,7,830.0
Mysore Road,883.0,2,40.0
Yeshwanthpur,671.0,1,36.85
Kammasandra,1156.0,2,32.0
Haralur Road,2017.0,3,125.0
Thigalarapalya,3122.0,4,235.0
Ramagondanahalli,1635.0,3,62.0
Other,4400.0,7,120.0
Kanakpura Road,1296.0,2,89.0
Other,2400.0,6,280.0
Budigere,1139.0,2,62.0
CV Raman Nagar,1230.0,2,47.0
Other,581.91,1,25.0
Binny Pete,1245.0,2,86.28
Other,1158.0,3,85.0
Marathahalli,3951.0,4,220.0
Electronic City,550.0,2,15.0
Ramamurthy Nagar,360.0,1,26.0
Electronics City Phase 1,1350.0,3,55.0
Green Glen Layout,1670.0,3,120.0
Akshaya Nagar,1600.0,3,65.0
Horamavu Banaswadi,1307.0,2,51.6
7th Phase JP Nagar,1050.0,3,57.0
Hennur Road,1703.0,3,101.0
Kaggalipura,1210.0,3,58.0
Electronic City,1025.0,2,29.6
7th Phase JP Nagar,1343.0,3,56.41
R.T. Nagar,1560.0,3,85.0
Kalkere,925.0,2,51.0
Kanakpura Road,1420.0,3,75.0
1st Block Koramangala,1415.0,2,110.0
Other,1210.0,2,60.0
Yeshwanthpur,1852.0,3,160.0
Hoskote,1250.0,3,50.0
9th Phase JP Nagar,1100.0,2,65.0
Other,1150.0,2,40.25
Jakkur,1100.0,2,53.35
Magadi Road,1350.0,2,100.0
Panathur,1546.0,3,99.0
Ambedkar Nagar,1424.0,2,90.0
Bellandur,1398.0,3,68.0
Indira Nagar,1650.0,3,200.0
HBR Layout,1200.0,4,120.0
Brookefield,1476.0,3,105.0
Other,500.0,2,70.0
Magadi Road,1322.0,3,58.82
Other,432.0,2,40.0
Other,1100.0,2,55.0
Other,4750.0,4,600.0
Sarjapur,1285.0,3,68.0
Ambalipura,1150.0,2,80.0
Thanisandra,1430.0,3,56.0
Marathahalli,1350.0,3,62.0
Other,1350.0,3,195.0
Thubarahalli,1185.0,2,65.0
Bannerghatta Road,1760.0,3,67.0
Other,2400.0,4,350.0
Kanakpura Road,900.0,2,41.0
Kanakpura Road,1297.0,2,105.0
Other,1840.0,3,155.0
Ramamurthy Nagar,950.0,2,50.79
Chikkabanavar,1200.0,5,70.0
BTM 2nd Stage,950.0,2,52.0
Yeshwanthpur,1277.5,2,95.815
Electronic City,1571.0,3,89.0
Electronic City Phase II,1031.0,2,55.0
Whitefield,1485.0,2,90.0
Ananth Nagar,1109.0,2,60.0
Koramangala,2200.0,3,180.0
Whitefield,950.0,1,50.0
Laggere,1200.0,3,150.0
Basavangudi,2350.0,3,300.0
Electronic City Phase II,1003.0,2,40.6
Other,1350.0,2,185.0
9th Phase JP Nagar,1080.0,2,37.0
Hulimavu,1255.0,2,73.0
Banaswadi,1250.0,2,60.0
Brookefield,1700.0,4,152.0
Ramamurthy Nagar,1200.0,3,66.0
Other,824.0,2,60.0
1st Phase JP Nagar,1875.0,3,167.0
Bommasandra Industrial Area,1320.0,3,38.12
Kothanur,9600.0,5,550.0
Uttarahalli,1330.0,3,47.0
Kaikondrahalli,1220.0,3,56.0
Electronic City,1111.0,3,50.0
Kothannur,1197.0,2,47.88
Marathahalli,2519.0,4,185.0
Other,1340.0,3,100.0
Old Madras Road,1450.0,4,132.0
Hoodi,1837.0,3,145.0
Haralur Road,1200.0,4,245.0
Kudlu Gate,1238.0,2,55.0
7th Phase JP Nagar,1405.0,3,59.01
Doddaballapur,1690.0,4,80.0
Other,1620.0,3,110.0
Kanakpura Road,1673.0,3,115.0
Margondanahalli,1090.0,2,58.0
Varthur,1112.0,2,40.0
Marathahalli,1385.0,3,66.65
Electronic City Phase II,545.0,2,27.0
Subramanyapura,985.0,2,58.0
Kanakpura Road,825.0,1,36.29
Kanakpura Road,1080.0,2,37.8
Hosa Road,1430.0,2,97.52
Kengeri Satellite Town,1050.0,2,43.0
Kumaraswami Layout,2000.0,4,139.0
Banashankari Stage VI,4800.0,4,190.0
Other,1533.0,3,115.0
Other,2800.0,4,500.0
Malleshwaram,2610.0,3,399.0
Lakshminarayana Pura,1750.0,3,150.0
Prithvi Layout,1352.0,2,87.5
Harlur,1754.0,3,125.0
Other,1560.0,3,85.0
Bannerghatta,3012.0,4,268.0
Whitefield,3584.0,4,199.0
Channasandra,1470.0,3,90.0
9th Phase JP Nagar,1035.0,2,45.0
Whitefield,2400.0,4,329.0
Kammanahalli,1160.0,2,52.0
Jakkur,1100.0,2,52.0
Horamavu Agara,1170.0,2,38.0
Bannerghatta Road,595.0,1,31.83
HSR Layout,1650.0,3,110.0
1st Block Jayanagar,1875.0,3,235.0
Other,800.0,4,80.0
Other,1375.0,3,48.06
Ramagondanahalli,1235.0,2,46.8
Other,750.0,1,25.0
7th Phase JP Nagar,1400.0,3,115.0
Poorna Pragna Layout,1270.0,3,50.79
Bannerghatta Road,1105.0,2,51.0
Other,1375.0,3,85.0
Attibele,2168.0,4,95.0
Gottigere,1200.0,8,90.0
Yelahanka,1065.0,2,40.84
Other,3800.0,3,580.0
Raja Rajeshwari Nagar,3125.0,9,350.0
Whitefield,825.0,1,45.0
Other,1095.0,2,40.0
Ganga Nagar,720.0,3,65.0
Other,1440.0,3,60.33
Electronic City,870.0,2,39.5
Panathur,1195.0,2,84.0
Other,1200.0,2,49.5
Raja Rajeshwari Nagar,1530.0,3,61.2
Padmanabhanagar,1708.0,3,90.5
Other,975.0,2,43.0
KR Puram,750.0,2,25.0
Other,1200.0,8,190.0
Iblur Village,1920.0,3,130.0
Nagarbhavi,1200.0,6,240.0
Thanisandra,1183.0,2,58.56
Kothanur,1140.0,4,90.0
Mico Layout,1550.0,3,65.0
Kaggadasapura,1110.0,2,53.0
Other,1500.0,8,165.0
Kaggadasapura,1105.0,2,38.67
Anekal,1800.0,3,68.0
Other,2800.0,5,200.0
Bommanahalli,1000.0,2,29.9
Prithvi Layout,1190.0,2,68.0
2nd Stage Nagarbhavi,1350.0,4,200.0
Hebbal,3067.0,4,230.0
Sarjapur  Road,1929.0,3,103.0
Ramamurthy Nagar,1525.0,3,100.0
Nehru Nagar,1775.0,3,110.0
Banashankari,1125.0,2,63.0
Other,900.0,2,42.0
Sarjapur  Road,1155.0,2,58.0
Hulimavu,1200.0,4,75.0
Sonnenahalli,1268.0,2,73.0
Other,1500.0,3,88.0
Electronic City,630.0,1,47.0
Seegehalli,1525.0,3,65.0
Kaggadasapura,1060.0,2,48.0
Lingadheeranahalli,1687.0,3,127.0
Thanisandra,1847.0,3,123.0
Begur Road,1410.0,3,53.0
7th Phase JP Nagar,1075.0,2,42.99
Rajaji Nagar,3526.0,4,492.0
BTM Layout,3000.0,3,338.0
Basavangudi,1500.0,3,143.0
Other,1010.0,2,46.0
Other,1200.0,5,137.0
Kanakpura Road,983.0,2,50.6
Kasturi Nagar,1101.0,2,65.0
Other,1140.0,2,76.0
Sarjapur  Road,1215.0,2,110.0
Kengeri Satellite Town,1007.0,2,42.0
Bellandur,2039.0,3,168.0
Ulsoor,1020.0,3,110.0
Other,1198.0,2,84.0
Other,4000.0,4,520.0
Other,1470.0,4,34.5
Other,1370.0,2,75.0
Other,1316.0,2,55.5
Kaggadasapura,1350.0,3,55.5
Gunjur Palya,1050.0,2,43.0
KR Puram,1128.76,3,47.405
Electronic City,921.0,2,34.0
Kundalahalli,1010.0,2,49.27
KR Puram,1015.0,2,43.0
TC Palaya,1200.0,3,66.5
Lakshminarayana Pura,1179.0,2,75.0
Anjanapura,1850.0,4,86.0
Kammasandra,870.0,2,24.0
Bellandur,1605.0,3,85.0
Banashankari Stage VI,2800.0,4,89.0
Malleshwaram,2475.0,3,320.0
Other,3000.0,2,510.0
Other,2400.0,6,110.0
Other,1000.0,2,55.0
Ramamurthy Nagar,1200.0,2,80.0
Other,1200.0,2,125.0
Kammasandra,1200.0,2,66.0
Hennur,1255.0,2,57.5
Hosur Road,1085.0,2,30.38
Kanakpura Road,1592.0,3,125.0
Other,1313.0,2,58.27
Kogilu,1934.0,3,150.0
Harlur,1200.0,2,49.5
Uttarahalli,3600.0,6,120.0
Old Madras Road,935.0,2,45.0
Bommasandra,877.0,2,30.0
Other,936.0,2,42.0
Nagasandra,1470.0,3,110.0
Other,1050.0,1,70.0
Hennur Road,1232.0,2,69.61
Ambedkar Nagar,2225.0,3,169.0
Other,1200.0,3,80.0
Dasarahalli,1901.0,3,119.0
Sarjapur  Road,1819.0,3,100.0
Banashankari,2400.0,2,460.0
Old Madras Road,3715.0,4,200.5
9th Phase JP Nagar,5000.0,4,290.0
Other,1200.0,4,169.0
Other,1256.0,2,60.0
7th Phase JP Nagar,1100.0,2,44.0
TC Palaya,4800.0,4,302.0
Kothanur,1435.0,3,70.0
6th Phase JP Nagar,3245.0,4,250.0
Sarjapur  Road,1845.0,3,110.0
Jigani,2400.0,3,130.0
Ulsoor,1200.0,2,60.0
Talaghattapura,2254.0,3,170.0
Frazer Town,1750.0,3,150.0
Other,1020.0,2,37.0
Bommanahalli,515.0,1,25.0
Lingadheeranahalli,1893.0,3,140.0
Other,3025.0,3,500.0
Other,830.0,2,34.0
Singasandra,600.0,2,36.5
Bisuvanahalli,1075.0,3,90.0
Other,3200.0,4,1200.0
Kasavanhalli,1200.0,2,78.0
Sarjapur  Road,1233.0,2,77.65
Bannerghatta Road,1255.0,2,65.26
Begur Road,1200.0,2,37.8
Varthur,2145.0,3,175.0
1st Phase JP Nagar,1500.0,5,85.0
Kothannur,740.0,2,34.0
Kengeri,1250.0,3,48.0
Other,1210.0,2,40.0
Sarjapur  Road,1525.0,3,60.0
Kogilu,540.0,1,36.0
Tumkur Road,1240.0,3,84.0
Subramanyapura,1245.0,3,68.0
Other,1865.0,3,350.0
Hosa Road,1104.0,2,36.43
Bisuvanahalli,1075.0,3,35.99
Nagavara,2200.0,2,55.0
Whitefield,1155.0,2,60.0
Other,1520.0,2,62.0
Thigalarapalya,3122.0,4,245.0
Harlur,1290.0,2,85.0
Other,2300.0,3,80.0
Kannamangala,3000.0,4,200.0
Whitefield,1286.0,4,270.0
Other,400.0,1,14.0
Banashankari,1340.0,3,53.6
Malleshwaram,900.0,2,95.0
Rajaji Nagar,1800.0,6,324.0
Hennur Road,987.0,2,49.0
Old Madras Road,1720.0,3,100.0
Hebbal,1040.0,2,50.0
Anandapura,900.0,2,64.0
Raja Rajeshwari Nagar,1030.0,2,50.0
Neeladri Nagar,2556.0,3,133.0
Basavangudi,1850.0,3,168.0
Kaval Byrasandra,750.0,4,110.0
Balagere,1028.0,2,31.86
7th Phase JP Nagar,1270.0,2,83.0
Sahakara Nagar,1655.0,3,115.0
Electronics City Phase 1,940.0,2,40.0
Domlur,1050.0,2,85.0
Other,600.0,4,40.0
Other,946.0,2,38.0
CV Raman Nagar,1726.0,3,145.0
Sarakki Nagar,2121.0,3,253.0
Vittasandra,1404.0,2,75.0
Sarjapur,1525.0,3,48.0
Kengeri,1025.0,2,57.0
Other,1575.0,5,150.0
Other,860.0,2,43.0
Talaghattapura,1223.0,3,42.81
Other,3750.0,4,550.0
Kothannur,1197.0,2,47.8
Garudachar Palya,1150.0,2,52.75
Other,4800.0,4,629.0
R.T. Nagar,1040.0,2,46.0
Banashankari,1310.0,2,80.0
Uttarahalli,1788.0,3,98.34
Raja Rajeshwari Nagar,1144.0,2,38.55
Anjanapura,1070.0,2,39.0
Other,1200.0,2,70.0
Ambedkar Nagar,1862.0,3,120.0
Margondanahalli,1200.0,2,58.5
Begur Road,970.0,2,27.0
Kasavanhalli,1646.0,3,79.5
Sarjapur  Road,4395.0,4,242.0
Iblur Village,1995.0,3,135.0
1st Block Jayanagar,2400.0,4,450.0
Hosakerehalli,1085.0,2,47.74
Budigere,1139.0,2,56.8
Haralur Road,1092.0,2,44.0
Pattandur Agrahara,1767.0,3,98.0
Other,1700.0,3,80.0
Bellandur,1692.0,3,88.0
6th Phase JP Nagar,1645.0,3,100.0
Uttarahalli,1345.0,3,57.0
Gollarapalya Hosahalli,1408.0,3,62.0
Banashankari Stage III,2400.0,4,240.0
Kadugodi,1920.0,4,200.0
Other,6040.0,5,170.0
Thigalarapalya,2072.0,3,150.0
Malleshwaram,1420.0,2,158.0
Electronics City Phase 1,2040.0,3,137.0
Sarjapur  Road,1220.0,3,56.0
8th Phase JP Nagar,1200.0,4,145.0
Other,1300.0,2,79.0
Electronics City Phase 1,1150.0,2,39.0
KR Puram,1470.0,2,86.0
Hosa Road,1063.0,2,31.9
Other,1311.0,2,48.0
Other,3500.0,4,350.0
Nagarbhavi,600.0,4,100.0
Other,1400.0,3,55.0
Kanakpura Road,2200.0,2,62.0
Vidyaranyapura,1060.0,2,55.0
Other,1000.0,3,110.0
Sector 7 HSR Layout,1760.0,3,145.0
Whitefield,2010.0,3,92.0
Kanakpura Road,1480.0,3,64.23
8th Phase JP Nagar,1230.0,3,43.5
Gottigere,1300.0,3,65.0
Other,800.0,4,120.0
Frazer Town,4850.0,4,385.0
Singasandra,1100.0,2,52.0
Harlur,1752.12,3,116.0
Marathahalli,957.0,2,46.9
Balagere,790.5,1,41.9
Other,1942.0,3,102.0
Yeshwanthpur,668.0,1,36.85
Other,3000.0,5,1000.0
Nagarbhavi,600.0,3,80.0
Uttarahalli,1089.0,2,43.55
Thanisandra,1800.0,3,90.0
Yelahanka New Town,960.0,1,18.0
Yelahanka,1036.0,2,39.35
Marathahalli,1583.0,3,105.0
7th Phase JP Nagar,3300.0,4,150.0
Padmanabhanagar,1100.0,2,65.0
Thyagaraja Nagar,800.0,1,100.0
Vittasandra,1246.0,2,65.0
Dodda Nekkundi,850.0,2,28.0
Raja Rajeshwari Nagar,1196.0,2,51.51
Thanisandra,1697.0,3,114.0
TC Palaya,1000.0,2,64.0
HRBR Layout,1567.0,3,90.0
Sarjapur  Road,3750.0,4,290.0
Other,950.0,2,45.0
Other,1022.0,2,52.0
Kammasandra,1018.0,2,23.45
Other,2000.0,4,25.0
Bharathi Nagar,1322.0,2,68.0
Marsur,1800.0,4,145.0
Doddakallasandra,1460.0,3,58.39
Other,990.0,2,44.55
Other,2400.0,3,260.0
Whitefield,1635.0,3,85.0
Rajaji Nagar,3526.0,4,558.0
Padmanabhanagar,3400.0,4,210.0
Other,2770.0,3,460.0
EPIP Zone,3035.0,4,200.0
Other,1533.0,3,85.0
Akshaya Nagar,1720.0,3,134.0
Frazer Town,2000.0,3,200.0
Yeshwanthpur,1185.0,2,75.84
Varthur Road,900.0,2,27.0
Attibele,395.0,1,10.25
Electronic City Phase II,1031.0,2,56.35
Other,2400.0,6,650.0
Thanisandra,2650.0,4,240.0
Basaveshwara Nagar,2400.0,5,415.0
Hennur,1259.0,2,57.0
Raja Rajeshwari Nagar,1570.0,3,88.0
Whitefield,1216.0,2,79.0
Sarjapur  Road,1428.0,3,66.0
Begur Road,1160.0,2,40.59
Other,600.0,3,110.0
Other,1475.0,3,70.0
Harlur,1754.0,3,135.0
Rayasandra,1639.0,3,83.0
Hennur Road,1804.0,3,102.0
Whitefield,1200.0,3,56.2
Other,1135.0,2,55.0
Begur Road,1260.0,2,46.62
Other,1440.0,5,110.0
Hennur Road,2160.0,3,160.0
Rayasandra,700.0,7,85.0
Rachenahalli,1220.0,2,59.5
Margondanahalli,1200.0,2,67.0
Yelahanka,1300.0,2,65.0
Cox Town,605.0,1,29.0
Vijayanagar,1230.0,6,210.0
Bhoganhalli,1444.0,2,75.97
Amruthahalli,924.0,2,45.0
Kaikondrahalli,1000.0,2,30.0
Vishveshwarya Layout,600.0,4,95.0
Other,1200.0,3,225.0
Bisuvanahalli,845.0,2,29.0
Kanakpura Road,700.0,2,35.0
Kothanur,1187.0,2,58.0
Kaggadasapura,1625.0,3,55.0
 Devarachikkanahalli,1200.0,2,83.0
Other,1452.55,2,110.0
Other,2357.0,3,151.0
Kaval Byrasandra,1200.0,2,49.5
Budigere,1139.0,2,56.85
Basavangudi,600.0,1,97.5
Kanakpura Road,1660.0,3,75.0
Other,1170.0,2,105.0
Somasundara Palya,1448.0,2,68.0
Kadugodi,1762.0,3,110.0
Kaggadasapura,1105.0,2,38.65
Yelahanka,1825.0,3,105.0
Other,296.0,1,22.89
Other,1200.0,5,85.0
Thanisandra,1185.0,2,43.0
Electronic City Phase II,1320.0,3,38.12
Hulimavu,1058.0,2,48.0
Bellandur,1220.0,2,60.0
Sarjapur,925.0,2,25.0
Old Madras Road,1200.0,2,72.0
Kengeri,1160.0,3,40.6
Kengeri Satellite Town,600.0,3,72.0
Other,1411.0,3,91.72
Bannerghatta Road,1550.0,3,78.0
Green Glen Layout,3250.0,4,230.0
Haralur Road,2475.0,3,130.0
Jakkur,3181.0,4,260.5
7th Phase JP Nagar,2503.0,4,188.0
Marathahalli,2524.0,4,190.0
Kaggadasapura,1063.0,2,42.0
Kanakpura Road,1077.0,2,37.7
Other,1200.0,2,44.0
Hosakerehalli,1500.0,4,70.0
Jalahalli,1045.0,2,76.77
Kanakapura,1290.0,3,45.15
Hoodi,1400.0,2,78.0
Begur Road,1600.0,3,58.14
Other,3095.0,3,375.0
Nagavara,1545.0,3,58.0
Sarjapur  Road,1680.0,3,112.0
Other,1350.0,2,67.5
Gottigere,950.0,2,38.0
Thanisandra,1050.0,2,45.0
Banashankari Stage V,1305.0,3,49.0
Hosakerehalli,800.0,4,120.0
Kodichikkanahalli,2700.0,5,125.0
Other,1100.0,3,78.0
Thanisandra,3500.0,6,160.0
Begur Road,1634.0,3,83.33
Prithvi Layout,1352.0,2,85.0
Balagere,1145.0,2,65.0
Other,1240.0,2,43.79
7th Phase JP Nagar,2200.0,3,190.0
Bommasandra Industrial Area,1020.0,2,39.0
Other,3600.0,4,365.0
Raja Rajeshwari Nagar,1168.0,2,61.0
Electronic City Phase II,1205.0,2,75.0
Yeshwanthpur,1195.0,2,100.0
CV Raman Nagar,1028.0,2,49.0
Pai Layout,1550.0,3,90.0
Yeshwanthpur,1826.0,3,165.0
Hoodi,2400.0,5,160.0
Yelahanka,1603.0,3,96.0
Marathahalli,1350.0,3,72.0
KR Puram,714.0,1,28.0
Whitefield,1215.0,2,65.0
Malleshpalya,1405.0,3,77.0
KR Puram,1142.0,2,51.0
Other,4000.0,4,170.0
Whitefield,1870.0,3,90.0
Subramanyapura,1313.0,2,73.0
Other,1945.0,3,120.0
Thanisandra,1573.0,3,95.0
Sarjapur  Road,1255.0,2,92.0
Benson Town,1400.0,4,91.15
Kannamangala,1235.0,2,43.63
Sarjapur  Road,1380.0,3,52.0
Ramamurthy Nagar,1500.0,7,250.0
Other,1465.0,3,74.72
Thigalarapalya,1418.0,2,103.0
Other,1650.0,3,165.0
Other,351.0,1,16.0
Uttarahalli,1279.0,2,48.0
Kasavanhalli,1870.0,3,200.0
Hebbal,2526.0,3,250.0
Other,1550.0,3,150.0
Rajaji Nagar,3539.5,4,424.5
Uttarahalli,1845.0,3,68.27
Other,1360.0,3,59.27
Other,1150.0,3,75.0
Whitefield,1260.0,2,49.5
Other,1200.0,3,74.0
Dasanapura,965.0,2,42.5
Hoodi,1350.0,3,48.0
Bhoganhalli,1447.0,2,75.97
Other,1229.0,3,86.03
Kudlu,1027.0,2,43.0
Gottigere,1153.0,2,48.5
Whitefield,2856.0,4,145.5
Malleshpalya,1065.0,2,50.0
Other,1030.0,2,61.0
Mallasandra,1340.0,2,61.0
Other,600.0,1,32.0
Begur Road,1410.0,3,44.42
Varthur,1055.0,2,45.35
Yelahanka,1304.0,2,79.0
Sadashiva Nagar,2720.0,4,485.0
Kammasandra,990.0,2,31.5
7th Phase JP Nagar,1035.0,2,39.33
Tumkur Road,700.0,1,30.09
Sonnenahalli,1120.0,2,43.0
Haralur Road,1300.0,2,73.0
Tumkur Road,1239.0,2,82.0
Hosa Road,1365.0,2,92.0
Other,1165.0,2,135.0
Subramanyapura,1130.0,3,45.19
Green Glen Layout,1776.42,3,105.0
Vidyaranyapura,900.0,4,175.0
Other,1107.0,2,33.0
Nagavara,2319.0,3,180.0
Other,1520.0,3,80.0
Kannamangala,1536.0,3,89.0
Other,3000.0,4,240.0
Other,1050.0,2,38.0
Hoodi,1850.0,3,146.0
Billekahalli,1112.0,2,62.0
Marathahalli,1535.0,3,72.5
Kanakpura Road,1050.0,2,35.0
Banashankari,2400.0,4,370.0
7th Phase JP Nagar,1250.0,3,65.0
Kalena Agrahara,1187.0,2,52.0
9th Phase JP Nagar,1164.0,2,56.0
Electronic City Phase II,1395.0,3,62.78
Arekere,2072.0,3,108.0
Kanakpura Road,1450.0,3,60.91
Bannerghatta Road,1550.0,3,82.0
Other,1315.0,2,90.0
Other,1210.0,2,72.0
Bisuvanahalli,1075.0,3,47.0
Other,11338.0,6,1000.0
Other,1215.0,3,42.2
Kaggadasapura,1470.0,3,75.0
Dodsworth Layout,30000.0,4,2100.0
Hosur Road,1590.0,3,125.0
Kanakpura Road,1050.0,2,36.75
Raja Rajeshwari Nagar,1306.0,2,55.91
Malleshwaram,2000.0,3,250.0
Other,1445.0,3,64.0
Sarjapur  Road,1220.0,3,58.0
Sarjapur,3190.0,4,160.0
Ramagondanahalli,1215.0,2,51.26
Budigere,1920.0,3,88.0
Dodda Nekkundi,1390.0,2,60.0
Battarahalli,800.0,3,75.0
Nagarbhavi,600.0,3,100.0
Hoodi,1196.0,2,71.74
Bannerghatta Road,1550.0,3,75.0
Thigalarapalya,1418.0,2,101.0
Varthur Road,1655.0,3,115.0
KR Puram,1115.0,2,33.45
Other,1170.0,2,68.0
Anekal,1035.0,2,38.3
Singasandra,1306.0,3,58.0
Kengeri,750.0,2,22.0
Thanisandra,1917.0,3,122.0
Kaggadasapura,1615.0,3,58.0
Marathahalli,1071.0,2,52.25
Koramangala,1325.0,2,119.0
Malleshwaram,3000.0,7,900.0
5th Phase JP Nagar,1400.0,3,88.0
Tumkur Road,1246.0,2,82.0
Sarjapur,1215.0,2,40.0
Munnekollal,1200.0,2,49.5
Other,450.0,4,53.0
Kodigehaali,1200.0,2,60.0
Kaval Byrasandra,945.0,2,50.0
Benson Town,4460.0,4,650.0
Hormavu,1175.0,2,52.0
Whitefield,920.0,2,63.0
Hosakerehalli,3024.0,4,350.0
Other,1600.0,2,110.0
Sanjay nagar,750.0,4,110.0
Other,2400.0,4,700.0
Other,955.0,2,34.01
Uttarahalli,1425.0,3,64.0
Basavangudi,2150.0,3,265.0
Whitefield,1165.0,2,40.5
Kaggadasapura,1050.0,2,48.0
Other,1370.0,3,75.0
Electronic City,1374.0,3,72.0
Harlur,1754.0,3,124.0
Kothanur,1847.0,3,110.0
Ambedkar Nagar,1850.0,3,139.0
Chikka Tirupathi,3297.0,3,135.0
Other,1187.0,2,45.0
Bommasandra Industrial Area,1400.0,3,40.44
Other,600.0,3,30.0
Chamrajpet,1350.0,2,180.0
Doddaballapur,3000.0,3,120.0
Thanisandra,693.0,1,34.3
Dairy Circle,1980.0,3,224.0
KR Puram,1021.0,2,48.0
Thigalarapalya,1165.0,2,95.0
Horamavu Agara,1756.0,3,92.0
Bharathi Nagar,1739.0,3,105.0
Varthur,1280.0,2,65.0
Marathahalli,1215.0,2,58.86
Munnekollal,950.0,2,46.5
Kengeri,1082.0,3,49.0
Devanahalli,1080.0,2,53.35
Arekere,1100.0,2,55.0
Ardendale,3200.0,4,205.0
Sarjapur  Road,1311.0,2,78.0
Raja Rajeshwari Nagar,1608.0,3,67.98
Begur Road,1160.0,2,36.0
Whitefield,1170.0,2,71.0
Kengeri,1155.0,2,40.6
Rayasandra,1065.0,2,44.95
Neeladri Nagar,674.0,1,21.0
Ambedkar Nagar,1936.0,3,126.0
Sarakki Nagar,2289.0,3,260.0
Other,1100.0,2,38.45
Ramagondanahalli,2257.0,3,157.0
Nagarbhavi,1055.0,2,55.0
Raja Rajeshwari Nagar,1530.0,3,51.87
Other,1700.0,3,97.0
Raja Rajeshwari Nagar,1575.0,3,78.0
Frazer Town,3500.0,3,330.0
Rajiv Nagar,1263.0,2,93.32
KR Puram,1559.0,3,69.315
Kengeri Satellite Town,1043.0,2,65.0
Hennur,1255.0,2,53.5
JP Nagar,1352.5,2,93.865
Chandapura,590.0,1,13.57
Yelahanka,1550.0,3,120.0
Other,1900.0,3,160.0
Other,1360.0,3,55.0
Other,1100.0,2,75.0
8th Phase JP Nagar,1455.0,3,73.31
KR Puram,1035.0,2,40.5
Harlur,1152.0,2,69.0
Bellandur,1299.0,2,82.0
Rachenahalli,1050.0,2,52.5
Pai Layout,1050.0,2,40.0
Vittasandra,1246.0,2,67.4
Other,1929.0,3,115.0
Hennur,1285.0,2,60.0
Margondanahalli,1200.0,3,65.0
Other,3161.0,4,214.0
BTM 2nd Stage,1850.0,3,170.0
Sompura,1025.0,3,37.0
Malleshwaram,1124.0,2,80.0
Balagere,1012.0,2,54.59
Giri Nagar,4500.0,7,250.0
8th Phase JP Nagar,871.0,2,55.0
Other,1020.0,2,40.0
Rachenahalli,1550.0,3,73.5
Other,3515.0,3,420.0
Akshaya Nagar,1410.0,3,80.0
Chikka Tirupathi,3500.0,4,150.0
Whitefield,1118.0,2,75.0
Thanisandra,1098.0,2,68.0
Kanakapura,1130.0,2,45.2
Sarjapur  Road,1145.0,2,75.0
Kadugodi,950.0,3,80.0
Other,1051.0,2,33.0
Other,600.0,7,108.0
Marathahalli,1102.0,2,53.67
Jalahalli,1478.0,2,125.0
Hebbal,823.0,2,50.63
Abbigere,880.0,2,35.0
KR Puram,600.0,4,75.0
Budigere,1991.0,3,100.0
TC Palaya,1100.0,3,50.0
Gubbalala,1745.0,3,115.0
HAL 2nd Stage,1226.0,2,135.0
Begur Road,680.0,3,68.0
Other,1100.0,2,70.0
Banashankari Stage VI,1200.0,4,195.0
5th Phase JP Nagar,1450.0,2,58.0
Singasandra,3366.0,4,120.0
Sahakara Nagar,1150.0,2,54.0
Banashankari Stage VI,2200.0,4,195.0
Bommanahalli,1090.0,2,44.0
Kaggadasapura,1132.0,2,42.0
Hulimavu,1375.0,2,80.0
7th Phase JP Nagar,1500.0,4,220.0
Thanisandra,760.0,1,50.3
Kaggadasapura,1180.0,2,65.0
Jigani,918.0,2,45.0
Rachenahalli,600.0,5,50.0
Margondanahalli,1200.0,2,53.0
Other,2400.0,7,355.0
Ardendale,1728.0,3,95.0
Malleshwaram,2215.0,3,275.0
BTM 2nd Stage,1200.0,2,80.0
6th Phase JP Nagar,1280.0,2,56.0
Hulimavu,800.0,4,110.0
Other,1455.0,3,56.0
Other,440.0,1,28.0
Kanakpura Road,1500.0,3,97.0
Whitefield,1800.0,3,110.0
Mysore Road,1525.0,3,96.0
Rachenahalli,1204.0,2,38.5
Old Madras Road,1225.0,2,53.55
Kalyan nagar,800.0,6,98.0
Bannerghatta Road,1650.0,3,122.0
Electronic City,880.0,3,18.0
Other,4200.0,4,255.0
Sarjapur  Road,1152.0,4,230.0
9th Phase JP Nagar,1005.0,2,42.0
Whitefield,1562.0,3,103.0
Devanahalli,5000.0,4,395.0
Babusapalaya,810.0,6,95.0
Ramamurthy Nagar,1200.0,2,42.0
Kasavanhalli,1555.0,3,82.5
KR Puram,1550.0,2,71.0
Whitefield,1190.0,2,67.0
Chikkalasandra,1070.0,2,50.0
Sarjapur  Road,1800.0,2,28.785
Jalahalli East,1020.0,2,42.48
Yelahanka,1610.0,3,115.0
Other,1300.0,3,49.0
Hebbal,1420.0,2,123.0
Vidyaranyapura,1200.0,9,100.0
Hebbal,1069.0,3,65.4
Marathahalli,1900.0,3,123.0
Old Airport Road,1655.0,2,97.65
Uttarahalli,1155.0,2,40.42
Sarjapur  Road,1300.0,3,70.0
Electronic City,1100.0,2,45.0
Doddathoguru,1030.0,2,42.0
Vittasandra,2105.0,2,70.2
Bhoganhalli,1700.0,3,126.0
Jakkur,1760.0,3,139.0
Kadugodi,6200.0,9,200.0
Other,1400.0,2,67.0
Other,1200.0,2,53.0
Bannerghatta Road,912.0,2,55.0
Whitefield,1102.0,2,48.0
Other,1535.0,3,55.0
Jigani,918.0,2,63.2
Begur Road,1500.0,3,70.0
Other,3000.0,3,250.0
Kasavanhalli,1476.0,3,89.0
Mysore Road,1200.0,2,65.0
Vijayanagar,606.0,1,34.78
Other,1100.0,2,61.0
Garudachar Palya,1295.0,3,59.5
Neeladri Nagar,527.0,1,26.0
OMBR Layout,1300.0,2,80.0
Bommanahalli,680.0,3,68.0
Other,1260.0,1,41.0
Koramangala,1140.0,2,75.2
Other,1500.0,1,37.5
Whitefield,2321.0,3,128.0
Sarjapur  Road,1390.0,2,62.0
Sarjapur  Road,1725.0,3,90.0
Hebbal,3067.0,4,310.0
Hennur Road,1186.0,3,63.0
Kanakpura Road,1230.0,2,85.0
Other,600.0,1,17.0
Yeshwanthpur,1313.0,3,96.0
Ambalipura,1250.0,2,66.25
HBR Layout,1200.0,9,280.0
Binny Pete,660.0,1,54.0
Basavangudi,1036.0,2,105.0
Koramangala,2700.0,4,450.0
Old Madras Road,1100.0,2,70.0
Devanahalli,1950.0,2,46.8
BTM 2nd Stage,1500.0,4,450.0
Singasandra,525.0,4,56.0
Electronics City Phase 1,1015.0,2,56.0
Gottigere,812.0,1,26.0
Other,1360.0,3,65.0
Nehru Nagar,2167.0,3,170.0
Raja Rajeshwari Nagar,1200.0,2,35.0
Other,1165.0,2,75.0
BTM 2nd Stage,1274.0,2,70.0
Raja Rajeshwari Nagar,1151.0,2,39.02
Vidyaranyapura,1060.0,6,110.0
Thubarahalli,1626.0,3,120.0
Banashankari Stage V,1035.0,2,35.77
Other,1272.0,3,75.0
Other,965.0,2,45.0
Other,1600.0,5,140.0
Kothannur,1070.0,2,42.79
Raja Rajeshwari Nagar,1570.0,3,65.0
Other,1286.0,2,38.0
Other,780.0,2,25.0
Other,1000.0,3,65.0
9th Phase JP Nagar,1200.0,4,188.0
Tindlu,7500.0,7,400.0
5th Phase JP Nagar,1700.0,3,100.0
Haralur Road,1850.0,3,110.0
Kereguddadahalli,904.0,2,30.0
Other,1121.0,2,43.72
7th Phase JP Nagar,1385.0,3,58.17
Sahakara Nagar,1270.0,2,69.85
Kanakpura Road,1450.0,3,56.0
Other,2400.0,3,325.0
Mahadevpura,730.0,1,35.0
Raja Rajeshwari Nagar,1580.0,3,53.56
Thanisandra,1111.0,2,50.0
Kengeri,1125.0,4,88.0
Varthur,977.0,2,36.0
Gunjur Palya,674.0,2,19.9
Nagarbhavi,600.0,3,83.0
Sarjapur,2540.0,4,115.0
Jakkur,1290.0,2,100.0
Kumaraswami Layout,600.0,3,98.0
Abbigere,795.0,2,32.54
Other,1463.0,2,142.0
Vijayanagar,1000.0,3,140.0
Other,1306.0,3,58.0
Other,2401.0,3,185.0
Bommenahalli,1670.0,4,135.0
Other,1875.0,3,235.0
Marsur,1200.0,3,90.0
Dodda Nekkundi,1804.0,3,121.0
1st Phase JP Nagar,2065.0,3,210.0
Hoskote,1225.0,3,40.0
Thanisandra,1185.5,2,58.68
Bellandur,900.0,2,56.0
Binny Pete,1350.0,2,91.0
Kaggalipura,700.0,1,36.0
Mysore Road,1005.0,2,35.175
Poorna Pragna Layout,1160.0,2,46.39
Hennur Road,1680.0,3,99.27
LB Shastri Nagar,1043.0,2,55.0
Hoskote,1200.0,4,120.0
Hebbal,1040.0,2,46.0
Tindlu,1357.0,3,65.0
Other,1600.0,7,104.0
Other,1225.0,2,47.0
Other,1500.0,9,80.0
Yelachenahalli,1130.0,2,40.0
Basavangudi,2500.0,4,150.0
Sultan Palaya,1700.0,3,120.0
Doddathoguru,1549.0,3,65.0
Yeshwanthpur,1400.0,2,100.0
Dodda Nekkundi,1080.0,2,50.0
Ulsoor,1180.0,2,100.0
Other,780.0,7,150.0
Domlur,1800.0,3,150.0
Other,890.0,1,75.0
Abbigere,1005.0,2,39.59
Whitefield,1320.0,2,95.0
Anandapura,1475.0,4,50.0
Kudlu Gate,1707.0,3,99.745
Other,1110.0,2,51.0
Other,1300.0,2,54.0
Other,600.0,5,86.0
Electronic City,1128.0,2,65.35
Jakkur,1452.19,2,100.0
Other,2400.0,3,290.0
Banashankari,2600.0,3,135.0
Sarakki Nagar,2500.0,3,325.0
Sanjay nagar,630.0,2,35.0
Hosa Road,1243.0,2,48.5
Other,960.0,2,32.0
Other,1690.0,3,100.0
Whitefield,735.0,2,35.0
Banaswadi,1365.0,2,73.0
Rajaji Nagar,2849.0,5,300.0
Hebbal,1420.0,2,99.39
Somasundara Palya,1570.0,3,68.0
Bisuvanahalli,850.0,2,32.0
7th Phase JP Nagar,1575.0,3,110.0
Thigalarapalya,1418.0,2,104.0
Uttarahalli,1050.0,2,42.0
Ulsoor,1340.0,3,90.0
Yelahanka New Town,1610.0,3,92.0
Electronic City Phase II,1160.0,2,33.5
Kudlu,1092.0,2,44.0
Yelahanka,1455.0,3,61.5
Abbigere,734.0,1,19.82
Other,799.0,2,38.0
Whitefield,1896.0,3,75.0
Ardendale,1100.0,2,48.0
Bellandur,1350.0,2,79.0
Other,1355.0,3,61.0
Other,1350.0,2,90.0
Cunningham Road,3875.0,3,864.0
Kasavanhalli,1493.0,3,82.0
8th Phase JP Nagar,1098.0,2,43.91
Banashankari,1900.0,3,170.0
Other,1460.0,3,88.0
Frazer Town,2350.0,3,285.0
Horamavu Banaswadi,1600.0,5,140.0
Varthur,1091.0,2,32.0
Yelahanka,1180.0,2,42.0
Kanakpura Road,1366.0,2,76.85
Other,1685.0,3,95.0
Koramangala,1260.0,2,100.0
Whitefield,3010.0,3,200.0
Ramamurthy Nagar,1330.0,3,140.0
Mallasandra,1200.0,2,130.0
Whitefield,1346.0,2,96.17
Chandapura,630.0,1,13.86
Sarjapur  Road,1476.0,3,98.94
7th Phase JP Nagar,1850.0,3,140.0
Frazer Town,2350.0,5,423.0
Electronic City,755.0,2,34.0
Other,800.0,5,98.0
Other,1194.0,2,46.0
Whitefield,3850.0,3,316.0
Hebbal,4235.0,4,365.0
Other,800.0,1,52.0
Rachenahalli,2250.0,3,195.0
Vijayanagar,1352.0,2,68.0
Thanisandra,2002.0,3,112.0
Other,4000.0,4,280.0
Kaval Byrasandra,1060.0,2,45.0
Kanakpura Road,1419.59,3,59.0
Raja Rajeshwari Nagar,1196.0,2,51.15
Electronic City,1220.0,3,35.24
Electronics City Phase 1,1595.0,3,75.0
Banashankari,1260.0,2,75.0
Hebbal,1100.0,2,47.0
Frazer Town,1550.0,2,140.0
ISRO Layout,1180.0,2,52.0
Electronic City,4000.0,4,150.0
Akshaya Nagar,1662.0,3,85.0
Akshaya Nagar,1080.0,4,75.0
Ambedkar Nagar,1862.0,3,119.0
Raja Rajeshwari Nagar,1419.0,2,48.0
Whitefield,1410.0,3,43.71
Raja Rajeshwari Nagar,1560.0,3,62.4
Other,1100.0,5,150.0
Thanisandra,1634.0,3,78.0
Ambedkar Nagar,5530.0,5,627.0
Whitefield,1150.0,3,44.0
Other,1100.0,2,53.0
Yelahanka,1616.0,3,65.0
Nagavarapalya,1392.0,2,99.0
Jakkur,1798.0,3,120.0
Babusapalaya,1675.0,3,75.0
Other,792.0,2,70.0
Other,2000.0,5,103.0
Other,600.0,7,89.0
Hebbal,1700.0,3,124.0
Hulimavu,1248.0,2,69.0
Kalkere,1147.0,2,54.0
Sultan Palaya,1100.0,2,40.0
Vijayanagar,1527.0,3,115.0
Other,2400.0,5,235.0
Kanakpura Road,525.0,1,25.0
Kaggadasapura,1100.0,2,58.0
Seegehalli,1118.0,2,37.5
Kanakapura,1476.0,3,75.0
Other,2100.0,3,75.0
Other,1215.0,3,46.5
Ambalipura,1332.0,2,79.0
Hennur Road,1350.0,2,49.0
Kothannur,600.0,4,81.0
NGR Layout,1105.0,2,49.73
Padmanabhanagar,1500.0,3,200.0
Kasavanhalli,1200.0,2,50.0
Ramagondanahalli,1251.0,2,47.4
Pai Layout,1400.0,3,67.0
Rajaji Nagar,1800.0,3,260.0
Hegde Nagar,1703.0,3,113.0
NRI Layout,2500.0,5,130.0
Varthur,1250.0,3,71.0
Jigani,933.0,2,43.0
Other,461.82,1,31.7
Brookefield,1262.0,2,75.0
Yelahanka,915.0,2,48.0
Panathur,1370.0,3,61.5
Malleshpalya,1210.0,2,55.0
Kodihalli,2392.0,3,260.0
Other,1500.0,3,85.0
Other,1065.0,2,50.0
Rajaji Nagar,3100.0,4,570.0
Ramamurthy Nagar,1515.0,3,65.0
Sarjapura - Attibele Road,1800.0,4,110.0
Thanisandra,1445.0,3,40.31
Uttarahalli,1300.0,3,55.0
Vijayanagar,989.0,2,60.0
Jakkur,1300.0,2,85.0
Chandapura,1185.0,3,30.22
Battarahalli,1350.0,5,110.0
Marathahalli,1045.0,2,60.0
Other,1205.0,2,42.18
Other,1260.0,2,75.0
Other,1320.0,5,199.0
Ulsoor,1500.0,3,125.0
Bommanahalli,1250.0,3,42.5
Other,1199.0,2,50.0
Other,1222.0,6,250.0
Lakshminarayana Pura,1149.0,2,75.0
Sarjapur  Road,2180.0,3,170.0
TC Palaya,1200.0,8,110.0
Other,12000.0,10,525.0
Other,1200.0,5,195.0
Hulimavu,1818.0,3,135.0
Other,1070.0,2,33.0
Rajaji Nagar,1640.0,3,241.0
Nagarbhavi,1350.0,3,54.6
Chandapura,630.0,2,27.0
Hoodi,1430.0,2,113.0
Nagavara,2430.0,3,180.0
Other,1500.0,6,220.0
Sarjapur  Road,1084.0,2,55.0
Hennur Road,1186.0,3,56.0
Kengeri,1255.0,2,50.0
Haralur Road,3400.0,4,240.0
Hosa Road,1541.0,3,69.84
Iblur Village,3596.0,4,282.0
Raja Rajeshwari Nagar,1295.0,2,70.0
Other,2820.0,3,285.0
7th Phase JP Nagar,1370.0,3,54.79
Electronic City,1100.0,2,40.0
Hebbal,4772.0,4,510.0
Rajaji Nagar,1370.0,2,170.0
JP Nagar,1200.0,2,62.0
Gunjur,2000.0,4,95.0
9th Phase JP Nagar,3500.0,4,300.0
2nd Stage Nagarbhavi,1200.0,5,240.0
Kengeri,2400.0,4,253.0
Sarjapur  Road,1220.0,3,62.0
Other,1950.0,3,130.0
Somasundara Palya,1178.0,2,73.0
Dasanapura,1286.0,3,61.44
Begur Road,1160.0,2,42.0
Jigani,918.0,2,55.0
Electronic City,1563.0,3,91.84
Other,1326.0,2,62.17
Hebbal,3960.0,4,386.0
Begur Road,1240.0,2,39.06
Kaggadasapura,1325.0,2,50.0
Sonnenahalli,1100.0,2,44.0
Cunningham Road,3875.0,3,800.0
Gollarapalya Hosahalli,1605.0,3,50.0
Hennur Road,5600.0,5,515.0
Somasundara Palya,1260.0,2,60.0
Hoodi,1553.0,3,83.09
Whitefield,1280.0,2,52.0
Hebbal,1550.0,3,75.0
Arekere,1445.0,3,125.0
Murugeshpalya,1550.0,3,74.0
Electronics City Phase 1,1515.0,3,80.91
Hosa Road,1332.0,3,86.12
Electronic City,1652.0,3,70.0
Hegde Nagar,1570.0,3,105.0
Sarjapur  Road,5400.0,4,725.0
Sector 2 HSR Layout,794.0,1,60.0
Seegehalli,1200.0,3,62.0
7th Phase JP Nagar,3600.0,4,410.0
Hosakerehalli,1200.0,3,175.0
JP Nagar,1650.0,4,220.0
Other,600.0,4,85.0
HRBR Layout,2800.0,3,250.0
Sarjapur  Road,1750.0,3,110.0
Hebbal,1053.0,2,48.0
Kadubeesanahalli,1665.0,3,70.0
Other,4051.0,4,345.0
Malleshwaram,5500.0,4,1500.0
Bommasandra,1447.0,3,80.0
Balagere,1012.0,2,75.0
Malleshpalya,1900.0,3,60.0
Other,1308.0,2,92.66
Hormavu,1351.0,1,53.0
Electronic City,1000.0,2,22.0
Other,1200.0,4,350.0
Gunjur,1140.0,2,49.11
Uttarahalli,1250.0,3,55.0
Garudachar Palya,1320.0,3,60.6
Akshaya Nagar,1662.0,3,85.5
Other,8321.0,5,2700.0
Koramangala,1975.0,3,210.0
Battarahalli,1777.0,3,100.0
Kadugodi,1900.0,3,108.0
Anandapura,1576.0,3,59.1
Sompura,1020.0,2,41.0
Other,2100.0,3,170.0
Raja Rajeshwari Nagar,648.0,1,31.75
Neeladri Nagar,1167.0,3,38.0
Other,1000.0,7,160.0
Hoodi,1220.0,2,50.89
Kogilu,2350.0,3,327.0
Vittasandra,1259.0,2,67.4
Gottigere,2000.0,4,82.0
8th Phase JP Nagar,1800.0,3,80.0
Other,1991.0,3,160.0
Bannerghatta,1665.0,3,110.0
Other,1234.0,2,61.0
Mysore Road,1340.0,3,64.31
Banashankari,1170.0,2,46.79
Electronics City Phase 1,995.0,2,46.0
Old Airport Road,1075.0,2,60.0
Electronic City,1025.0,2,54.5
Rachenahalli,2721.0,3,113.0
Thanisandra,2000.0,3,99.0
Whitefield,2500.0,4,155.0
Mallasandra,1325.0,2,70.0
Kadugodi,1314.0,2,68.2
Kanakpura Road,2265.0,3,136.0
7th Phase JP Nagar,4800.0,7,170.0
Yelahanka,1026.0,2,41.0
Other,1200.0,3,66.0
Other,2220.0,3,65.0
KR Puram,1192.5,2,51.22
Sarjapur  Road,1888.0,3,95.0
JP Nagar,1300.0,2,90.87
Rajaji Nagar,1216.0,2,97.16
Other,3000.0,4,342.0
Begur,1559.0,3,63.0
Harlur,1290.0,2,87.0
Other,2400.0,6,245.0
Whitefield,905.0,1,55.0
Sarjapura - Attibele Road,829.0,2,22.8
Koramangala,1900.0,2,200.0
Other,1286.0,5,140.0
Sarjapur  Road,1300.0,3,60.0
Channasandra,1115.0,2,33.45
Rajaji Nagar,2409.0,3,360.0
Ambedkar Nagar,2150.0,3,125.0
Marathahalli,1305.0,3,69.0
Kanakpura Road,1252.0,2,56.32
Hosakerehalli,2400.0,5,250.0
Whitefield,1200.0,2,46.13
Electronic City Phase II,545.0,2,35.0
Other,1375.0,2,105.0
Subramanyapura,1313.0,2,66.5
Attibele,3640.0,4,275.0
Other,1693.0,3,108.0
Other,1160.0,2,41.75
Other,1200.0,3,200.0
Subramanyapura,1255.0,3,79.0
KR Puram,1000.0,4,75.0
Yelahanka New Town,1700.0,3,90.0
Indira Nagar,1875.0,3,180.0
Uttarahalli,1700.0,3,88.0
Harlur,1749.0,3,115.0
Dasanapura,1500.0,2,65.0
Other,1175.0,2,48.0
Akshaya Nagar,1280.0,2,60.0
Ramagondanahalli,1610.0,3,115.0
Electronic City,1070.0,2,46.0
TC Palaya,1200.0,2,66.0
9th Phase JP Nagar,1127.0,2,50.0
Indira Nagar,1210.0,2,102.0
Other,600.0,2,23.0
Thigalarapalya,4190.0,4,380.0
Other,1364.0,2,70.0
Whitefield,2268.0,4,146.0
Other,1150.0,3,77.5
Other,1146.0,2,39.5
Magadi Road,1345.0,2,55.0
Other,1110.0,2,41.0
Kengeri,750.0,2,36.0
Other,1156.0,2,49.5
Pattandur Agrahara,1247.0,2,59.8
Other,1058.0,2,60.0
Kaggalipura,950.0,2,48.0
Vasanthapura,420.0,2,35.0
BTM 1st Stage,600.0,4,90.0
Vijayanagar,1520.0,3,103.0
Other,900.0,1,30.0
Hennur Road,2350.0,3,174.0
Thanisandra,1050.0,2,46.0
Other,1672.0,3,150.0
Laggere,2800.0,5,125.0
Other,1400.0,2,65.0
Whitefield,1286.0,4,378.0
8th Phase JP Nagar,2700.0,4,130.0
Bommasandra,920.0,2,37.46
Sarjapur  Road,1200.0,3,70.0
Other,1250.0,3,139.0
Hosakerehalli,1817.0,3,153.0
Cooke Town,2043.0,5,375.0
Yelahanka,4346.0,4,450.0
Haralur Road,1464.0,2,56.0
Other,1468.0,2,130.0
Electronics City Phase 1,1555.0,3,82.0
Munnekollal,1200.0,6,110.0
Whitefield,1150.0,2,55.0
Kadubeesanahalli,970.0,2,35.0
Banashankari,2500.0,4,95.0
Other,1166.0,2,53.0
Konanakunte,2779.0,3,317.0
Electronic City,1350.0,3,58.0
Other,900.0,2,46.0
Other,1190.0,3,55.0
Kodichikkanahalli,1495.0,3,75.0
Indira Nagar,1224.0,2,105.0
Banashankari Stage III,1350.0,3,68.0
Green Glen Layout,940.0,2,56.8
Raja Rajeshwari Nagar,1100.0,2,55.0
Kaikondrahalli,1300.0,2,61.0
Other,1480.0,3,145.0
Hoodi,1105.0,2,46.37
Sarjapur  Road,2600.0,3,200.0
Yelahanka,1517.0,3,76.3
Horamavu Banaswadi,3800.0,6,200.0
Jalahalli,1615.0,3,89.75
Mysore Road,1082.0,3,50.5
Marathahalli,1365.0,2,73.0
Electronic City,1000.0,2,25.0
CV Raman Nagar,1392.0,2,98.0
Kodigehalli,1086.0,2,33.66
Hennur Road,1586.0,3,93.94
Hennur,1100.0,2,60.0
Electronic City Phase II,1065.0,2,30.75
TC Palaya,1500.0,3,120.0
7th Phase JP Nagar,1575.0,3,120.0
Hennur Road,1975.0,3,123.0
Other,820.0,2,24.0
Gubbalala,1745.0,3,110.0
Nagarbhavi,1223.0,2,60.0
Ananth Nagar,1200.0,3,65.0
Basaveshwara Nagar,1200.0,2,90.0
Binny Pete,665.0,1,46.08
Bharathi Nagar,1351.0,2,70.0
Sector 7 HSR Layout,3900.0,3,300.0
Thanisandra,1588.0,3,75.55
Amruthahalli,900.0,2,60.0
Other,440.0,3,50.0
Harlur,3385.0,4,260.0
Panathur,1370.0,3,75.0
Whitefield,1500.0,3,71.8
Other,2280.0,3,285.0
Hoodi,1247.0,2,53.0
Other,2000.0,3,200.0
Balagere,1020.07,2,68.38
Gunjur Palya,1033.0,3,32.0
Other,1460.0,3,73.0
Garudachar Palya,1150.0,2,52.8
Sarjapur  Road,5965.0,5,385.0
Babusapalaya,1141.0,2,46.0
Yelahanka,2912.5,4,125.5
Doddaballapur,4200.0,4,325.0
Hosa Road,1665.0,3,125.0
Kanakapura,1295.0,2,64.0
Haralur Road,1230.0,2,78.0
Other,1080.0,3,75.0
Kaggalipura,1000.0,2,60.0
Kaval Byrasandra,2400.0,3,50.0
Whitefield,630.5,1,32.79
Rayasandra,1708.0,3,75.0
Thanisandra,1697.0,3,115.0
Whitefield,3537.0,4,210.0
Hosa Road,615.0,1,28.29
Banashankari,1350.0,3,83.0
Kanakpura Road,1530.0,3,66.4
Jalahalli,1083.0,2,32.49
Gottigere,1460.0,3,65.0
Babusapalaya,1084.0,2,58.0
Bommasandra,1035.0,2,41.43
Other,2400.0,3,150.0
Hosur Road,460.0,1,21.0
Other,950.0,5,90.0
Whitefield,1285.0,2,55.9
Other,2000.0,19,490.0
Sarjapur,1200.0,3,78.0
Other,1070.0,2,35.0
Hegde Nagar,1801.0,3,140.0
Whitefield,1697.0,3,115.0
AECS Layout,1199.0,2,65.0
Iblur Village,2300.0,3,220.0
Marathahalli,3800.0,4,205.0
Jigani,600.0,5,50.0
Other,1125.0,2,75.0
Anandapura,1200.0,2,67.0
Subramanyapura,1050.0,2,41.0
Nagarbhavi,956.0,2,49.0
Sarjapur,1000.0,2,30.0
Other,1596.0,3,95.0
Other,1200.0,6,150.0
Kanakpura Road,1296.0,2,89.06
Other,1200.0,6,170.0
Other,1639.0,3,123.0
Electronic City Phase II,1219.0,2,61.25
Uttarahalli,1200.0,3,50.0
Bannerghatta Road,1218.0,2,73.0
Other,920.0,2,37.0
Yeshwanthpur,2559.0,3,141.0
Other,525.0,1,26.0
Bannerghatta Road,1427.0,3,48.51
Kothannur,1270.0,3,45.0
Ramagondanahalli,920.0,2,65.0
Dommasandra,2700.0,4,68.0
Other,1740.0,3,199.0
Ramamurthy Nagar,1355.0,3,40.0
Lingadheeranahalli,1530.0,3,90.0
Other,1372.0,3,90.0
Nehru Nagar,2363.0,4,120.0
Marathahalli,3895.0,4,220.0
Jakkur,1950.0,3,131.0
Other,885.0,2,40.0
Yelahanka,600.0,2,27.0
Kumaraswami Layout,1270.0,5,128.0
Vijayanagar,1380.0,2,225.0
Kanakpura Road,1339.0,2,62.0
Whitefield,1130.0,2,36.0
Uttarahalli,1085.0,2,43.0
Yeshwanthpur,1430.0,3,72.0
Bhoganhalli,1451.5,4,121.0
Other,6200.0,5,720.0
Other,1490.0,3,59.6
Other,1650.0,4,99.0
Bellandur,1286.0,2,57.0
Other,925.0,2,63.0
Bellandur,3016.0,4,230.0
Haralur Road,1000.0,2,44.0
Whitefield,1215.0,2,39.0
Lakshminarayana Pura,1336.0,2,100.0
Yeshwanthpur,673.0,1,36.85
Anandapura,1200.0,2,58.0
Other,600.0,6,63.0
Malleshwaram,1600.0,3,160.0
Indira Nagar,2480.0,6,750.0
Other,2500.0,3,270.0
Devanahalli,2400.0,5,100.0
Sector 2 HSR Layout,1143.0,2,65.0
Kanakpura Road,1470.0,2,61.74
Other,1584.0,4,145.0
Marathahalli,1785.0,3,94.0
Koramangala,2292.0,3,286.0
Kothanur,1460.0,3,71.0
Kasturi Nagar,1500.0,3,80.0
Yelahanka,1200.0,5,140.0
Sanjay nagar,3300.0,5,250.0
Chikkalasandra,1230.0,2,48.0
Yelahanka New Town,650.0,1,20.0
Benson Town,1480.0,2,120.0
Thanisandra,1220.0,2,43.92
Other,1570.0,3,115.0
Sadashiva Nagar,3000.0,3,400.0
Mallasandra,1665.0,3,86.91
Other,1350.0,3,380.0
Sarjapur  Road,4000.0,4,600.0
Ramamurthy Nagar,1100.0,2,68.0
Kathriguppe,1350.0,3,87.01
Kasavanhalli,1719.0,3,116.0
Budigere,664.0,1,35.0
Sonnenahalli,1011.0,2,50.53
Other,2400.0,6,130.0
Other,1680.0,3,85.0
Yeshwanthpur,717.0,2,49.475
Thyagaraja Nagar,700.0,4,110.0
Whitefield,1520.0,3,150.0
Uttarahalli,1350.0,3,53.0
Kothanur,1760.0,3,150.0
Pattandur Agrahara,875.0,2,33.0
Hennur,1231.0,2,48.0
Somasundara Palya,1174.0,2,74.0
Munnekollal,1560.0,3,75.0
Other,1464.0,2,56.0
Kanakpura Road,2200.0,3,130.0
Shivaji Nagar,850.0,2,55.0
Other,1750.0,3,180.0
1st Phase JP Nagar,2024.0,3,157.0
Other,1500.0,2,160.0
Other,2100.0,6,275.0
Kodihalli,2408.0,3,260.0
Devanahalli,1080.0,2,44.0
Indira Nagar,2070.0,3,225.0
Electronic City,1020.0,2,29.46
Begur Road,1500.0,3,55.0
Mahalakshmi Layout,1575.0,4,158.0
Kodichikkanahalli,3250.0,4,180.0
Channasandra,1030.0,2,34.5
Hebbal,1440.0,2,115.0
Hoodi,1500.0,2,84.0
Thanisandra,1380.0,1,62.1
Other,705.0,1,36.5
Harlur,2240.0,3,155.0
Hegde Nagar,1584.01,3,103.0
Other,1340.0,3,77.0
Other,1800.0,3,70.0
R.T. Nagar,1200.0,2,45.0
Sarjapur  Road,685.0,1,40.0
Kalkere,925.0,2,42.0
Other,1230.0,2,57.0
Other,1200.0,5,185.0
Kodichikkanahalli,1125.0,2,52.0
Hebbal,1100.0,2,54.0
Jigani,2400.0,3,149.0
Electronic City Phase II,1400.0,3,41.58
Uttarahalli,1200.0,7,225.0
Jakkur,1858.0,3,98.3
Ambedkar Nagar,3530.0,4,290.0
HSR Layout,1185.0,2,60.0
Other,1200.0,2,216.0
Hennur,1255.0,2,58.0
Rajaji Nagar,3436.0,4,475.0
Kudlu Gate,1335.0,3,89.0
Dodda Nekkundi,1999.0,3,132.0
Kundalahalli,1397.0,3,110.0
Jigani,1200.0,10,105.0
Cooke Town,3950.0,4,450.0
Yelahanka New Town,1200.0,2,130.0
Chikka Tirupathi,1616.0,3,95.0
Banashankari Stage III,1200.0,8,350.0
Other,1270.0,4,175.0
Raja Rajeshwari Nagar,1140.0,2,38.55
Varthur,1200.0,3,98.0
Other,700.0,1,162.0
Balagere,1205.47,2,81.0
Electronic City,1700.0,3,75.0
Thanisandra,750.0,5,62.0
Kanakpura Road,1090.0,2,54.54
Yeshwanthpur,3600.0,4,220.0
Kundalahalli,2400.0,1,650.0
Thanisandra,923.0,1,60.84
Other,3595.0,4,360.0
Green Glen Layout,1050.0,2,48.0
Hennur Road,1664.0,3,93.865
Other,1485.0,3,85.0
Dommasandra,1033.0,3,31.5
Electronic City,1400.0,3,48.0
Indira Nagar,500.0,1,70.0
Sarjapur  Road,944.0,2,35.0
Whitefield,3250.0,5,290.0
Whitefield,1216.0,2,66.48
Other,1100.0,2,39.5
Thanisandra,1743.0,3,93.25
Yelahanka,1274.0,2,48.42
Other,2500.0,3,425.0
Mysore Road,1512.0,3,110.0
Other,3100.0,4,385.0
Cox Town,1650.0,3,100.0
Doddathoguru,1875.0,3,55.0
Whitefield,1350.0,3,54.0
Other,1219.0,2,40.0
Other,1200.0,4,150.0
Sarjapura - Attibele Road,2400.0,3,85.0
Hormavu,1141.0,2,44.4
Anandapura,1151.0,2,43.1
Bommenahalli,832.0,3,77.0
Sarjapur  Road,915.0,2,38.0
Other,3259.0,3,270.0
Bannerghatta Road,1115.0,2,65.12
Thigalarapalya,2072.0,3,139.0
Kaggadasapura,1200.0,2,53.0
Singasandra,1300.0,2,65.0
Bellandur,1457.0,2,85.0
Kannamangala,1262.0,2,55.0
Other,1196.0,4,150.0
Ananth Nagar,900.0,2,22.5
Attibele,420.0,1,17.0
Kanakapura,1160.0,2,46.39
Kasavanhalli,1115.0,2,50.0
JP Nagar,1315.0,3,85.4
Babusapalaya,1500.0,2,57.0
HSR Layout,1127.0,2,68.0
Kundalahalli,1397.0,3,104.0
Whitefield,1173.0,2,60.0
Sompura,1090.0,2,28.0
Sarjapur  Road,2720.0,3,210.0
Jakkur,1230.0,2,76.0
Other,3200.0,4,190.0
Sarjapur  Road,858.0,2,31.57
Talaghattapura,1868.0,3,121.0
Uttarahalli,1689.28,3,91.2
Vishwapriya Layout,600.0,4,73.0
Banashankari,1425.0,3,49.88
Subramanyapura,1200.0,6,170.0
Tindlu,1350.0,2,100.0
Channasandra,4200.0,6,180.0
Uttarahalli,1310.0,3,85.0
Haralur Road,3185.0,4,175.0
Other,970.0,2,40.0
Kundalahalli,1397.0,3,108.0
Sarjapur,1157.0,2,40.0
Kasavanhalli,1125.0,2,61.2
Sonnenahalli,1157.0,2,42.0
Sarjapur  Road,1241.0,2,82.0
Binny Pete,660.0,1,62.0
Marathahalli,4000.0,4,220.0
Rajiv Nagar,2340.0,4,148.0
Other,596.0,1,42.0
Other,10000.0,16,550.0
Other,1200.0,4,110.0
Other,1910.0,3,190.0
Brookefield,1139.0,2,80.0
Thigalarapalya,3122.0,4,225.0
Sarjapura - Attibele Road,1033.0,2,28.41
Yeshwanthpur,1168.0,2,64.08
Chandapura,877.0,2,42.0
Electronics City Phase 1,1340.0,2,75.0
Other,1405.0,3,70.0
Other,1800.0,3,65.0
Other,1750.0,3,149.0
Malleshwaram,675.0,3,148.0
Other,985.0,2,63.0
Other,1300.0,2,129.0
Other,1490.0,3,88.0
Other,620.0,2,25.0
Hormavu,1130.0,2,42.3
Yelachenahalli,1080.0,2,55.0
Singasandra,3126.0,4,120.0
Begur Road,1410.0,3,52.17
Bommanahalli,1375.0,3,59.0
Hennur Road,1290.0,3,94.5
Hosa Road,1318.0,3,85.28
Electronic City,1128.0,2,68.0
Other,4428.0,4,255.0
Kanakpura Road,1051.0,2,56.74
Kengeri,3500.0,3,275.0
Kannamangala,2400.0,4,130.0
Yelahanka,1327.0,2,85.0
Thigalarapalya,2912.0,4,210.0
Other,1301.0,2,55.0
Other,650.0,1,30.0
Varthur,1200.0,3,67.75
Other,1500.0,3,89.99
Other,2700.0,4,675.0
Other,1350.0,4,145.0
Sarjapur  Road,984.0,2,45.91
Jakkur,1819.18,3,160.0
Nagarbhavi,900.0,1,175.0
Sarakki Nagar,2145.0,3,270.0
Malleshwaram,2475.0,3,300.0
Kaggadasapura,1118.0,2,30.0
Other,910.0,1,42.0
Other,1250.0,3,39.0
Hosakerehalli,1304.0,2,100.0
Begur Road,1615.0,3,58.0
Sarjapur  Road,1400.0,2,68.0
CV Raman Nagar,1070.0,2,47.5
Hebbal,3500.0,3,395.0
Hoodi,1132.0,2,89.37
Hebbal,2400.0,7,550.0
Sector 2 HSR Layout,794.0,1,65.0
Raja Rajeshwari Nagar,1090.0,2,43.59
Gottigere,1500.0,3,70.0
1st Phase JP Nagar,2059.0,3,225.0
Whitefield,1269.0,2,75.0
Other,4800.0,4,700.0
Kanakpura Road,1070.0,2,37.45
Talaghattapura,1150.0,2,28.0
Marathahalli,1208.0,2,70.0
Ramamurthy Nagar,1185.0,2,45.5
Laggere,1200.0,3,130.0
Anekal,888.0,2,34.0
Other,532.0,1,22.49
Other,1060.0,3,62.0
Electronic City,700.0,1,35.0
Other,902.0,2,42.0
Other,600.0,6,95.0
Binny Pete,1365.0,2,122.0
Doddathoguru,984.0,2,51.0
Hebbal,2700.0,4,100.0
Jalahalli East,1475.0,3,96.0
Haralur Road,1300.0,2,79.0
5th Block Hbr Layout,1200.0,5,220.0
Babusapalaya,1453.0,3,43.59
Other,1550.0,2,160.0
Akshaya Nagar,1666.0,3,95.0
Akshaya Nagar,1410.0,4,160.0
Yelahanka,4025.0,4,800.0
Murugeshpalya,1845.0,3,91.0
Sarjapura - Attibele Road,1676.0,3,52.0
Uttarahalli,1137.0,2,63.0
Electronic City,1360.0,3,70.5
Other,1374.0,3,70.0
Judicial Layout,1700.0,3,155.0
Whitefield,3227.0,5,250.0
Other,2145.0,4,125.0
Koramangala,2400.0,4,600.0
Kasavanhalli,2170.0,3,151.0
Other,1080.0,2,55.0
Electronic City Phase II,1790.0,3,100.0
Doddathoguru,550.0,1,17.0
Somasundara Palya,1033.0,2,48.0
Other,1000.0,2,80.0
Binny Pete,2940.0,4,280.0
Other,1240.0,2,52.6
Kasturi Nagar,1650.0,5,450.0
Other,1500.0,3,97.0
Marathahalli,1730.0,3,139.0
Kasavanhalli,1915.0,3,80.0
Whitefield,1545.0,3,79.0
Other,1865.0,3,140.0
Hebbal Kempapura,1150.0,2,40.0
Other,1200.0,2,49.0
Kengeri,963.0,2,40.0
Marsur,1200.0,3,120.0
Basavangudi,2600.0,4,260.0
Kaikondrahalli,1700.0,4,108.0
Lingadheeranahalli,1682.0,3,120.0
Yelahanka,1371.0,3,65.0
Hennur Road,901.0,2,49.5
Vishwapriya Layout,600.0,7,73.0
Ambalipura,1730.0,3,120.0
Konanakunte,1200.0,4,125.0
EPIP Zone,1500.0,3,102.0
Sarjapur  Road,3785.0,4,280.0
Other,3500.0,4,245.0
Other,1203.0,2,59.86
Horamavu Banaswadi,1357.0,2,54.0
Other,1600.0,3,76.0
Yelahanka New Town,350.0,1,13.5
Varthur,1665.0,3,53.0
Ramamurthy Nagar,1400.0,3,200.0
Sarjapur  Road,835.0,1,46.95
Other,815.0,2,160.0
Haralur Road,1444.0,3,80.0
Kanakapura,1277.0,2,55.0
Lingadheeranahalli,1521.0,3,94.71
Other,1134.0,2,40.0
Vasanthapura,995.0,2,34.82
Old Madras Road,2760.0,3,157.0
Marathahalli,1325.0,2,92.0
Kothanur,4000.0,6,150.0
Marathahalli,1525.0,3,90.0
Other,1320.0,3,73.0
Electronics City Phase 1,650.0,1,23.0
Old Airport Road,1858.0,3,167.0
Electronic City,1150.0,2,38.0
Electronic City Phase II,769.0,2,40.0
Electronic City,1571.0,3,105.0
Hennur Road,1445.0,3,86.56
Hosur Road,1590.0,3,135.0
Bommasandra,902.0,2,49.0
Sarjapur,2238.0,3,140.0
Electronic City,1090.0,2,31.49
Yelahanka,1712.0,3,82.0
Haralur Road,1088.0,2,68.0
Somasundara Palya,1575.0,3,63.1
Other,2150.0,6,205.0
Kundalahalli,1920.0,3,150.0
Margondanahalli,1000.0,2,57.0
Other,1100.0,2,56.1
Electronic City,1089.0,2,45.0
Horamavu Agara,1106.0,2,43.09
Kengeri,927.0,2,37.0
Kanakpura Road,1339.0,2,58.0
Thanisandra,923.0,1,45.69
Sarjapur  Road,2900.0,3,285.0
Lakshminarayana Pura,1175.0,2,75.0
Thubarahalli,975.0,2,55.0
Hebbal,2400.0,3,180.0
Subramanyapura,1330.0,3,72.0
Thanisandra,1183.0,2,59.74
Harlur,1758.0,3,133.0
Nagarbhavi,1200.0,3,265.0
Pai Layout,1100.0,2,50.0
Ramamurthy Nagar,1170.0,2,46.8
Other,2400.0,5,120.0
Raja Rajeshwari Nagar,1530.0,3,51.77
Hebbal,1420.0,2,107.0
Other,1200.0,4,300.0
7th Phase JP Nagar,1045.0,6,160.0
Kanakpura Road,1591.0,3,115.0
Other,675.0,2,52.0
Hoodi,1055.0,2,57.63
Iblur Village,1918.0,3,129.0
Sarjapur  Road,1280.0,2,76.0
Nagarbhavi,1560.0,3,66.0
Sarjapur  Road,1145.0,2,49.5
Other,1801.0,3,139.0
Seegehalli,1200.0,5,120.0
Rajaji Nagar,1718.0,2,288.0
Hebbal,1320.0,2,92.0
Other,1350.0,3,65.0
Other,2990.0,4,324.0
Kalyan nagar,3800.0,4,300.0
Bannerghatta Road,1344.0,3,42.0
Bannerghatta Road,1893.0,3,100.0
Chandapura,1107.0,3,43.0
R.T. Nagar,1200.0,9,180.0
Lakshminarayana Pura,1190.0,2,75.0
Whitefield,1000.0,2,35.0
Other,2400.0,2,160.0
Kumaraswami Layout,1000.0,2,48.5
Jalahalli,2113.0,3,155.0
KR Puram,1100.0,2,46.0
Sector 2 HSR Layout,1200.0,5,160.0
Harlur,1884.0,4,120.0
Electronic City,1110.0,2,40.0
Other,1250.0,3,40.0
Sarjapur  Road,1470.0,3,62.0
Other,1150.0,2,75.0
Other,1200.0,3,165.0
Kudlu Gate,703.0,1,52.0
Other,1400.0,3,62.0
Bellandur,1195.0,2,51.0
Other,1302.0,2,69.1
Begur Road,1583.0,3,74.4
Other,1488.0,3,60.0
Kammasandra,1385.0,3,34.63
Whitefield,3262.0,4,260.0
Electronic City,1600.0,3,104.0
Old Airport Road,1150.0,2,90.0
Other,4500.0,9,166.0
Sarjapur  Road,1263.0,2,78.0
KR Puram,1200.0,7,110.0
Kanakpura Road,1299.0,2,85.0
Banashankari,1330.0,2,78.0
Devanahalli,1282.0,3,52.43
Other,1853.0,3,82.0
Other,861.0,2,35.0
Bannerghatta Road,1600.0,3,95.0
Other,1256.0,2,62.8
Other,1390.0,3,80.0
Other,1550.0,3,90.0
Other,1200.0,11,150.0
Hebbal,919.0,2,49.0
Margondanahalli,1625.0,3,80.0
Gunjur,1195.0,2,44.0
Domlur,2400.0,6,600.0
Yelenahalli,1159.0,2,60.0
Whitefield,1386.0,3,57.46
Harlur,1197.0,2,79.0
Jigani,4303.5,4,226.0
Bommasandra,1295.0,3,50.28
Other,1310.0,3,37.83
Whitefield,1132.0,2,79.28
Other,2350.0,3,400.0
Other,2400.0,4,500.0
Hebbal,1645.0,3,135.0
Whitefield,3000.0,4,330.0
Marathahalli,1937.0,3,140.0
Doddathoguru,1015.0,2,33.5
Kathriguppe,1350.0,3,80.99
Kengeri Satellite Town,1149.0,3,29.0
Kothanur,1185.0,2,59.0
Domlur,1720.0,3,135.0
Hebbal,2080.0,3,175.0
Yelahanka,1566.0,3,97.0
Rajaji Nagar,2386.0,3,334.0
Other,1500.0,4,110.0
KR Puram,1290.0,2,49.02
Other,1531.0,3,72.0
Other,1839.0,3,165.0
Other,4200.0,4,760.0
Whitefield,1140.0,2,39.0
Tumkur Road,1343.5,3,57.76
Banashankari Stage III,2000.0,4,100.0
Kaval Byrasandra,1100.0,2,46.0
Bannerghatta,1618.0,3,68.0
Whitefield,2830.0,4,160.0
Uttarahalli,1315.0,3,74.0
Anandapura,1141.0,2,42.75
AECS Layout,1080.0,2,55.0
HBR Layout,1200.0,2,60.0
Varthur,1111.0,2,41.88
NGR Layout,1022.0,2,45.9
Bannerghatta Road,1275.0,2,65.0
Other,900.0,2,70.0
Rachenahalli,1224.0,2,39.2
Battarahalli,1135.0,2,43.0
Rachenahalli,1050.0,2,52.1
Nagavarapalya,1392.0,2,130.0
Bellandur,1050.0,2,72.0
Hosa Road,1513.0,3,103.0
Gottigere,1621.0,3,72.0
Bannerghatta Road,892.0,2,39.0
Whitefield,1205.0,2,40.0
Other,1250.0,5,300.0
Other,1650.0,7,345.0
Other,1200.0,4,70.0
Indira Nagar,1400.0,2,168.0
Kengeri,726.0,2,35.0
Other,1500.0,3,149.0
Hebbal,3895.0,4,405.0
Horamavu Agara,1079.0,2,41.0
Begur Road,1170.0,2,46.0
Doddathoguru,1104.0,2,39.0
Kanakpura Road,950.0,2,45.0
Hormavu,4818.0,4,390.0
Other,1650.0,3,52.0
Kogilu,1559.0,3,127.0
Other,1100.0,2,38.0
Benson Town,1750.0,3,150.0
Ramagondanahalli,1215.0,2,45.5
Talaghattapura,1868.0,3,135.0
Electronic City,1130.0,2,32.63
Sarjapur  Road,1691.0,3,98.0
Ardendale,4355.0,5,350.0
Hulimavu,1225.0,2,55.0
JP Nagar,1690.0,3,112.0
Kasturi Nagar,1896.0,4,125.0
Sonnenahalli,605.0,1,40.0
Begur Road,800.0,5,95.0
Electronic City Phase II,900.0,2,32.5
Other,750.0,1,50.0
Hoodi,780.0,3,62.0
Ananth Nagar,908.0,2,26.0
Sarjapur  Road,3416.5,4,143.0
Thanisandra,3216.0,4,226.0
Other,2400.0,5,225.0
Iblur Village,1400.0,2,68.0
Hulimavu,1255.0,2,74.0
Electronic City,1500.0,3,100.0
Thanisandra,1296.0,2,72.0
Horamavu Banaswadi,925.0,2,38.0
Raja Rajeshwari Nagar,1023.0,2,42.0
Other,600.0,2,75.0
Thanisandra,1020.0,2,44.5
Choodasandra,1530.0,3,77.0
Gubbalala,1650.0,3,71.0
Other,1605.0,3,85.0
Hosakerehalli,1925.0,2,50.0
Kogilu,1190.0,2,50.66
Jakkur,1374.0,3,68.0
6th Phase JP Nagar,1140.0,2,65.0
Green Glen Layout,1725.0,3,130.0
Bisuvanahalli,1075.0,3,50.0
Kannamangala,1574.0,3,93.34
Sanjay nagar,965.0,1,32.0
Marathahalli,1550.0,3,83.0
Other,1205.0,2,60.0
Kambipura,1082.0,3,55.0
Uttarahalli,1215.0,3,52.85
Hebbal,2483.0,4,230.0
Other,1200.0,2,46.14
Other,1500.0,1,19.5
1st Block Koramangala,2360.0,4,600.0
Ardendale,3198.0,4,250.0
Kanakpura Road,1452.0,3,60.98
Electronic City Phase II,1329.0,3,41.0
Other,1125.0,2,44.0
Sarjapur  Road,1350.0,3,39.97
Uttarahalli,1312.5,3,51.19
Hebbal,2600.0,3,195.0
Other,1200.0,2,160.0
Pai Layout,1255.0,2,80.0
Other,1904.0,3,155.0
Somasundara Palya,1329.0,2,70.0
Chandapura,1200.0,2,60.0
Murugeshpalya,2135.0,3,160.0
Other,2770.0,3,315.0
Other,813.0,1,39.0
Other,3884.0,4,240.0
Doddaballapur,3876.0,3,300.0
Kalena Agrahara,800.0,2,30.0
Other,4750.0,4,120.0
Hormavu,1500.0,3,70.0
Bannerghatta Road,1880.0,3,95.0
Electronic City,1440.0,3,55.0
Akshaya Nagar,1575.0,3,90.0
Other,1630.0,3,97.78
Yelahanka,1180.0,3,55.0
Other,1090.0,2,36.0
Other,2425.0,4,173.0
Varthur,1097.0,2,33.82
Raja Rajeshwari Nagar,1070.0,2,50.0
Kumaraswami Layout,1000.0,2,58.0
Hoodi,1120.0,8,150.0
Other,1150.0,2,56.0
Frazer Town,1900.0,3,145.0
Other,1141.0,2,49.0
Jigani,937.0,2,44.0
Green Glen Layout,1075.0,2,60.0
Panathur,1000.0,2,65.3
Kasavanhalli,1450.0,3,77.41
Yelachenahalli,897.0,5,85.0
Other,936.0,2,43.0
Other,1280.0,2,75.0
Babusapalaya,1050.0,2,45.0
Marathahalli,1350.0,2,86.0
Devanahalli,1174.0,2,59.0
Hosur Road,1890.0,3,162.0
Other,735.0,1,75.0
Other,500.0,1,24.0
Gottigere,1304.0,3,80.0
Yelahanka,1653.0,3,120.0
Bisuvanahalli,1075.0,3,52.0
7th Phase JP Nagar,1212.0,2,42.0
Rajaji Nagar,3436.0,4,500.0
Other,1200.0,3,145.0
Billekahalli,1140.0,2,50.0
Other,1200.0,2,100.0
Kudlu Gate,1532.0,3,83.0
Doddaballapur,2776.0,3,195.0
Padmanabhanagar,1531.0,3,75.0
Uttarahalli,1325.0,2,53.0
Other,1200.0,3,160.0
Electronic City,1156.0,3,44.0
R.T. Nagar,2000.0,4,320.0
Bannerghatta Road,1260.0,2,70.0
Vittasandra,1934.0,2,90.0
Malleshpalya,1060.0,2,40.0
Kasavanhalli,1476.0,3,95.0
Murugeshpalya,1185.0,2,85.0
Other,1265.0,3,82.0
Other,3200.0,4,150.0
Other,1196.0,2,56.81
EPIP Zone,1280.0,2,69.0
Marathahalli,800.0,4,86.0
Hulimavu,1175.0,2,45.0
Other,1850.0,3,98.0
Indira Nagar,2400.0,4,525.0
Whitefield,1195.0,2,70.0
Ulsoor,2000.0,3,185.0
Other,600.0,7,100.0
Hebbal Kempapura,800.0,4,155.0
Hosur Road,1180.0,2,36.5
Jakkur,1050.0,2,49.87
Electronic City,1400.0,3,40.44
Other,2360.0,4,150.0
Other,1030.0,2,77.25
Other,1512.0,2,65.01
Subramanyapura,929.0,2,48.0
Jigani,1252.0,3,61.0
Green Glen Layout,1485.0,3,115.0
Electronics City Phase 1,1124.0,3,55.0
TC Palaya,2400.0,6,370.0
Indira Nagar,1407.0,3,120.0
Hennur Road,1482.0,3,97.0
Jalahalli,1570.0,3,140.0
Whitefield,3480.0,3,284.0
Chandapura,520.0,1,14.04
Other,2000.0,3,160.0
Prithvi Layout,1352.0,2,75.0
Electronic City,1152.0,2,65.0
Other,1575.0,3,93.0
Hegde Nagar,1965.0,3,125.0
Other,1300.0,3,70.0
Sarjapur  Road,1.0,4,120.0
Marathahalli,957.0,2,47.0
Hoskote,1740.0,3,60.0
Kanakpura Road,1080.0,5,65.0
Neeladri Nagar,1060.0,2,35.0
Other,975.0,2,50.0
Ramamurthy Nagar,1150.0,2,51.0
Whitefield,1738.0,3,79.0
Bommanahalli,1250.0,3,55.0
Bannerghatta Road,1788.0,3,90.0
Kanakapura,1151.0,2,59.0
Uttarahalli,1300.0,3,60.0
Other,1380.0,2,75.0
Hebbal,1645.0,3,117.0
Babusapalaya,1141.0,2,45.9
7th Phase JP Nagar,1175.0,2,82.5
Banashankari Stage V,1355.0,3,61.0
Dasarahalli,1150.0,2,70.0
Other,5800.0,5,80.0
Other,1000.0,2,45.0
Balagere,1007.0,2,65.0
Other,3000.0,4,100.0
Kothanur,1436.0,3,70.0
Somasundara Palya,2372.0,3,140.0
R.T. Nagar,1500.0,6,240.0
BTM Layout,1286.0,3,10.0
Rajaji Nagar,1200.0,2,150.0
Rayasandra,1016.0,2,58.0
Dodda Nekkundi,1100.0,2,48.0
Other,1080.0,2,45.0
Electronic City,1070.0,2,60.0
Kadubeesanahalli,1532.0,3,115.0
Hennur,1040.0,2,42.12
Other,3100.0,3,250.0
Tumkur Road,1137.5,2,48.905
Thanisandra,1430.0,3,51.6
Rajaji Nagar,1160.0,2,163.0
ITPL,3262.0,4,205.0
Other,2100.0,7,410.0
Other,1190.0,2,100.0
Other,1827.0,3,100.0
HRBR Layout,1210.0,2,75.0
Hebbal,1251.0,2,88.73
HSR Layout,1600.0,3,115.0
Electronic City,1128.0,2,65.5
Budigere,1820.0,3,93.0
Thigalarapalya,2072.0,3,159.0
Raja Rajeshwari Nagar,1510.0,3,59.0
Hoodi,1925.0,3,114.0
Hennur Road,2651.0,3,225.0
Thigalarapalya,2072.0,3,147.0
Kumaraswami Layout,1000.0,2,36.0
KR Puram,1752.0,3,145.0
Sahakara Nagar,960.0,2,56.0
Other,1180.0,2,63.0
Benson Town,2270.0,3,180.0
NRI Layout,650.0,2,59.0
Lakshminarayana Pura,1200.0,2,75.0
Bisuvanahalli,1180.0,3,46.0
Other,1300.0,3,47.0
Bannerghatta Road,1157.0,2,40.0
Banashankari Stage III,1305.0,3,59.0
Hegde Nagar,2006.0,3,196.0
Jakkur,1290.0,2,80.0
Hoskote,1170.0,2,45.0
Other,971.0,4,135.0
Yelachenahalli,1400.0,2,78.0
Other,1155.0,3,60.0
Hormavu,1725.0,3,85.0
Kanakpura Road,700.0,2,40.0
Other,7000.0,4,2050.0
Hoodi,1112.0,2,88.0
Somasundara Palya,1178.0,2,78.0
Other,1274.0,2,81.0
Doddathoguru,915.0,2,32.0
6th Phase JP Nagar,1650.0,8,135.0
Hosur Road,760.0,1,21.28
Other,1540.0,3,68.0
Other,1206.0,2,38.5
Other,1200.0,4,170.0
Other,1200.0,4,140.0
Nehru Nagar,2342.0,4,115.0
Other,1200.0,3,55.0
Yelenahalli,1056.0,2,33.0
Raja Rajeshwari Nagar,4800.0,8,225.0
Kanakpura Road,1450.0,3,54.3
Other,1161.0,2,36.69
Other,1097.0,2,65.0
Uttarahalli,850.0,2,35.0
Green Glen Layout,1715.0,3,115.0
Basavangudi,2300.0,3,317.0
Electronic City,1200.0,2,59.0
8th Phase JP Nagar,1080.0,2,38.0
Kasavanhalli,1200.0,2,50.3
Other,2400.0,4,550.0
Banashankari,1400.0,3,78.0
Whitefield,1500.0,4,200.0
Kanakpura Road,458.0,1,19.695
Marathahalli,1230.0,2,57.0
Kalyan nagar,1640.0,3,88.0
Banashankari,1700.0,3,125.0
Bommasandra,1478.0,3,44.0
Other,6600.0,4,986.0
Banashankari,1020.0,2,40.79
Yelahanka,1275.0,3,95.0
Other,1600.0,4,165.0
Kanakapura,1110.0,2,38.85
Uttarahalli,1627.86,3,88.0
Other,620.0,2,22.0
Whitefield,3004.0,4,285.0
Hosa Road,1133.0,2,52.0
Hennur Road,1182.0,2,82.5
Tumkur Road,1500.0,3,100.0
Hebbal Kempapura,3900.0,4,360.0
Marathahalli,1200.0,2,58.0
Raja Rajeshwari Nagar,1128.0,2,48.79
Malleshwaram,2345.0,3,293.0
Amruthahalli,1100.0,2,45.0
Kengeri Satellite Town,635.0,2,22.0
Ardendale,2062.0,4,140.0
Thanisandra,1874.0,3,130.0
Vidyaranyapura,600.0,4,78.0
Old Madras Road,1171.0,2,75.0
Sarjapur,2020.0,3,85.0
8th Phase JP Nagar,1059.0,2,34.5
Panathur,1315.0,3,59.1
Jakkur,1760.0,3,110.0
Hennur Road,1192.0,3,62.0
Hebbal,1645.0,3,121.0
Whitefield,1250.0,2,72.0
Whitefield,709.0,1,34.385
Whitefield,1340.0,2,77.0
Cooke Town,2388.0,3,239.0
Hosa Road,1369.1,2,104.0
Other,1355.0,2,75.0
Bannerghatta Road,1150.0,2,65.0
Kanakapura,1938.0,3,113.0
Begur Road,2462.0,4,124.0
Budigere,1636.0,3,85.0
Akshaya Nagar,1430.0,3,75.0
Electronic City Phase II,993.0,3,50.0
Laggere,1260.0,4,150.0
Kanakpura Road,1700.0,3,88.0
Yelahanka,1270.0,2,78.0
Anjanapura,1500.0,3,121.0
Koramangala,2300.0,3,290.0
Other,7500.0,4,900.0
Marathahalli,1650.0,3,86.45
Panathur,1109.0,2,63.0
Other,1280.0,2,49.75
Sarjapur,2885.0,4,185.0
Banashankari,1200.0,9,145.0
Devanahalli,1600.0,3,180.0
Kothanur,1462.0,3,71.0
Marathahalli,607.0,1,35.0
Kammasandra,930.0,2,25.0
Varthur,4500.0,4,300.0
Sahakara Nagar,1200.0,5,160.0
Malleshwaram,2600.0,3,237.0
JP Nagar,3000.0,4,140.0
Electronic City Phase II,1418.0,3,52.47
Other,4200.0,2,160.0
EPIP Zone,1125.0,2,65.0
CV Raman Nagar,1825.0,3,126.0
Whitefield,1320.0,2,79.5
HAL 2nd Stage,1490.0,3,300.0
Other,1650.0,4,300.0
Whitefield,750.0,2,52.7
Yelahanka,1400.0,3,80.54
Other,4104.0,4,360.0
Rajaji Nagar,5000.0,4,375.0
Mahadevpura,3295.0,5,260.0
Other,1150.0,4,110.0
Whitefield,1200.0,3,61.96
Poorna Pragna Layout,965.0,2,48.0
KR Puram,1100.0,2,43.0
Whitefield,1180.0,2,41.0
HSR Layout,1145.0,2,48.0
Other,1215.0,2,49.85
Hegde Nagar,1200.0,2,75.0
Kenchenahalli,1015.0,2,58.0
Kaggalipura,2400.0,3,165.0
Whitefield,3000.0,4,306.0
7th Phase JP Nagar,3300.0,3,160.0
Other,1076.0,2,52.0
JP Nagar,1300.0,2,109.0
Hebbal Kempapura,1300.0,2,102.0
Hosa Road,1512.0,3,123.0
Bhoganhalli,1053.4,3,88.91
Yeshwanthpur,605.0,1,41.745
Hormavu,1153.0,2,65.0
Other,2080.0,2,150.0
Hulimavu,1255.0,2,69.0
Bannerghatta Road,1286.0,4,260.0
Marathahalli,1583.0,3,109.0
Other,1505.0,2,90.0
Kathriguppe,1365.0,3,75.08
Other,1200.0,3,95.75
Other,1810.0,3,148.0
Magadi Road,440.0,1,35.0
Subramanyapura,975.0,2,63.0
Other,1250.0,2,39.0
Other,1530.0,3,97.0
Kereguddadahalli,1300.0,3,39.0
Channasandra,1115.0,2,40.0
Sarjapur  Road,1308.0,2,83.0
Uttarahalli,1490.0,3,59.6
Bannerghatta Road,10000.0,4,450.0
Sarjapur  Road,1592.0,3,91.0
Rajaji Nagar,1222.0,2,112.0
Raja Rajeshwari Nagar,1267.0,2,42.85
Balagere,656.0,1,53.0
Dodda Nekkundi,3400.0,4,530.0
Garudachar Palya,4500.0,4,400.0
Chandapura,1200.0,2,36.0
Thanisandra,1698.0,3,102.0
Other,1500.0,3,70.0
Other,2000.0,4,80.0
Electronic City,1152.0,2,65.75
Raja Rajeshwari Nagar,550.0,1,21.0
Pattandur Agrahara,900.0,2,42.0
Akshaya Nagar,1419.0,3,73.0
AECS Layout,1800.0,3,65.0
Gottigere,990.0,2,40.0
Sarjapur  Road,1016.0,2,45.0
Bannerghatta Road,1100.0,2,39.0
Ramamurthy Nagar,850.0,4,65.0
Whitefield,1095.0,2,35.0
Budigere,1444.0,2,70.0
Whitefield,1415.0,2,67.0
Other,1500.0,3,130.0
Other,1600.0,3,72.0
Whitefield,1105.0,2,41.36
Electronic City,1225.0,3,45.03
Frazer Town,2560.0,3,265.0
Dasarahalli,2400.0,7,150.0
Talaghattapura,1856.0,3,135.0
Other,2100.0,6,71.0
Sarjapur  Road,1150.0,2,77.0
Abbigere,1200.0,5,98.0
Whitefield,2094.0,3,113.19
5th Phase JP Nagar,1485.0,3,67.0
Other,2500.0,3,75.0
Whitefield,1200.0,2,45.0
Hennur Road,1036.0,2,59.46
Whitefield,3445.0,4,270.0
Dodsworth Layout,1400.0,2,80.0
Bommanahalli,1110.0,2,33.0
Kodichikkanahalli,1150.0,2,48.0
Kenchenahalli,715.0,1,45.0
Magadi Road,1200.0,4,130.0
Rajaji Nagar,1200.0,5,260.0
Jakkur,2283.0,4,130.0
Other,1790.0,6,250.0
Hormavu,1453.0,3,43.58
Nagarbhavi,1400.0,3,85.0
Padmanabhanagar,1400.0,3,65.0
Whitefield,1700.0,3,140.0
Kanakpura Road,1591.0,3,120.0
Nagarbhavi,1515.0,3,79.0
Marathahalli,2500.0,5,200.0
Chandapura,975.0,2,24.86
Yeshwanthpur,1382.0,3,76.18
Nagasandra,1750.0,7,350.0
Other,1533.0,3,150.0
Cunningham Road,3815.0,3,763.0
Dairy Circle,3730.0,4,450.0
Banashankari Stage II,1500.0,3,120.0
Yelahanka,1391.0,3,64.5
Begur Road,1160.0,2,42.92
Chandapura,620.0,1,27.0
Other,2400.0,8,350.0
Vidyaranyapura,1200.0,8,130.0
Whitefield,4827.0,4,400.0
Kanakpura Road,1482.0,3,60.98
Whitefield,1405.0,2,84.5
Gunjur,1190.0,2,40.0
Harlur,1174.0,2,78.0
Seegehalli,1155.0,2,72.0
Thanisandra,1411.0,3,93.04
Other,745.0,2,50.0
Kereguddadahalli,1000.0,2,30.0
Jigani,923.0,2,50.0
Yeshwanthpur,1000.0,2,32.0
Battarahalli,1276.0,2,45.0
Other,1460.0,3,70.0
Other,1355.0,2,95.0
Other,833.0,1,49.0
Other,1200.0,8,275.0
Other,1750.0,5,450.0
Ramamurthy Nagar,1200.0,2,48.0
Yeshwanthpur,669.0,1,36.85
7th Phase JP Nagar,2200.0,3,105.0
Koramangala,1594.0,3,125.0
Kothanur,1790.0,3,105.0
NGR Layout,1020.0,2,45.0
Other,3250.0,4,850.0
Other,1037.0,2,36.28
Whitefield,1345.0,3,57.0
Kodichikkanahalli,1070.0,2,43.0
Other,3000.0,4,270.0
Yeshwanthpur,1385.0,3,76.18
Kanakpura Road,1207.0,2,79.9
Varthur,1140.0,2,55.5
Other,1220.0,2,68.0
Other,3811.0,4,475.0
Iblur Village,3596.0,4,252.0
Sarjapur  Road,1965.0,3,120.0
Koramangala,1760.0,3,115.0
Haralur Road,1225.0,2,70.0
Marathahalli,1075.0,2,52.43
Panathur,1000.0,2,68.0
Yelahanka,1322.0,2,86.0
Other,1095.0,3,215.0
Bellandur,3600.0,4,260.0
AECS Layout,1045.0,2,36.58
Other,1545.0,3,85.0
Thanisandra,1996.0,3,135.0
Brookefield,1125.0,2,70.0
Mysore Road,1560.0,3,115.0
Murugeshpalya,3100.0,4,310.0
Other,780.0,2,35.0
Other,1350.0,2,110.0
Sarjapur  Road,2275.0,3,180.0
Other,1350.0,2,41.0
Dasanapura,708.0,1,28.32
Sarjapur  Road,1680.0,3,160.0
Hoodi,1400.0,2,82.0
Bellandur,1310.0,2,72.0
BTM Layout,3300.0,6,165.0
Electronics City Phase 1,1175.0,2,57.0
Chikkalasandra,1428.0,3,80.0
Akshaya Nagar,750.0,4,62.0
Whitefield,3252.0,4,280.0
Other,750.0,8,200.0
8th Phase JP Nagar,1080.0,2,35.0
Other,1200.0,3,68.0
Other,1200.0,5,120.0
Bommasandra Industrial Area,1320.0,3,38.13
Other,1842.0,3,115.0
Sector 2 HSR Layout,1146.0,2,55.0
Rachenahalli,440.0,1,28.0
Sahakara Nagar,1048.0,2,50.0
Thanisandra,1801.0,3,115.0
Whitefield,1150.0,2,90.0
Talaghattapura,1868.0,3,120.0
Begur,1445.0,3,47.1
Hebbal Kempapura,1466.0,3,140.0
Harlur,1730.0,3,100.0
JP Nagar,3860.0,3,402.0
Somasundara Palya,1185.0,2,70.0
Yeshwanthpur,3027.0,3,260.0
Whitefield,2400.0,4,147.0
Kaval Byrasandra,1185.0,2,49.0
Other,1150.0,2,49.0
Other,2000.0,5,180.0
Other,875.0,6,98.0
Pai Layout,1075.0,2,35.0
Banashankari,1600.0,2,63.98
Other,910.0,4,140.0
Haralur Road,1000.0,2,78.0
7th Phase JP Nagar,1215.0,2,90.0
EPIP Zone,1734.0,3,125.0
Rachenahalli,1113.0,2,55.0
Horamavu Banaswadi,1272.0,2,48.0
Kereguddadahalli,1240.0,3,41.0
Varthur,704.0,8,92.0
Yelahanka,1100.0,2,70.0
Ambalipura,896.0,2,30.13
Rachenahalli,3657.0,4,220.0
BTM 2nd Stage,1200.0,2,35.0
Ramagondanahalli,2800.0,4,155.0
Ambalipura,3500.0,3,198.0
Ramamurthy Nagar,3600.0,3,150.0
Sarjapur,1500.0,2,30.0
Other,1200.0,8,220.0
Other,1096.0,2,48.0
Other,580.0,2,95.0
Other,1094.0,2,44.0
Other,1100.0,2,49.0
Iblur Village,2987.5,4,191.0
Koramangala,2503.0,4,325.0
Nagarbhavi,1145.0,2,40.0
Rachenahalli,1550.0,3,74.5
Seegehalli,1830.0,3,82.0
Hoodi,1746.0,3,84.95
Other,1280.0,4,115.0
Kengeri,918.0,2,27.54
Banashankari Stage III,1305.0,3,60.0
Thigalarapalya,1207.0,2,62.0
Thanisandra,1678.0,3,125.0
Kaggalipura,950.0,2,50.0
Munnekollal,1200.0,10,240.0
Ardendale,1732.46,3,92.0
Attibele,1639.0,3,40.98
Marathahalli,1360.0,2,103.0
Malleshpalya,2592.0,4,250.0
Other,4470.0,3,700.0
Other,720.0,5,62.0
Lakshminarayana Pura,1656.0,3,150.0
Sarjapur  Road,985.0,2,49.0
Dodda Nekkundi,1999.0,3,135.0
7th Phase JP Nagar,1050.0,2,75.0
Whitefield,1440.0,3,64.0
Basavangudi,1600.0,3,160.0
Ramagondanahalli,1253.0,2,52.66
Padmanabhanagar,1360.0,3,75.0
Other,1086.0,2,47.5
Other,1655.0,3,155.0
Old Madras Road,2600.0,4,260.0
Sarjapur  Road,1418.0,2,78.0
Kalena Agrahara,1270.0,2,100.0
Other,1150.0,2,74.0
Ramamurthy Nagar,600.0,2,45.0
Other,1440.0,3,65.8
Other,1200.0,3,108.0
Other,1200.0,2,75.0
Begur Road,1410.0,3,50.06
Chandapura,1200.0,4,92.0
Jalahalli,600.0,3,60.0
Whitefield,624.0,1,35.0
Electronic City,1060.0,2,58.0
Vidyaranyapura,1200.0,4,175.0
Sarjapur,1917.0,4,60.0
KR Puram,950.0,2,40.0
Channasandra,3040.0,2,48.0
BTM 2nd Stage,1250.0,3,50.0
Vishwapriya Layout,1235.0,2,60.0
Budigere,722.0,1,46.0
Kanakpura Road,2775.0,4,165.0
Sarjapur  Road,1200.0,2,93.0
Bannerghatta Road,1400.0,3,68.0
Other,1225.0,3,60.0
Marathahalli,1220.0,2,58.5
Nagavarapalya,705.0,1,52.5
Battarahalli,1880.0,3,94.36
Yelahanka,1200.0,2,70.0
Other,1550.0,3,60.0
Lingadheeranahalli,1893.0,3,130.0
Other,1650.0,3,75.0
Other,1113.0,2,46.0
Other,1500.0,2,203.0
Other,1800.0,9,180.0
Sarjapur  Road,1586.0,3,70.0
Seegehalli,4000.0,3,235.0
Yelahanka New Town,1541.0,3,80.0
Haralur Road,1830.0,3,101.0
Kodigehalli,1200.0,2,48.0
Other,1800.0,3,72.0
Bommasandra,1015.0,2,40.0
Raja Rajeshwari Nagar,1120.0,2,37.95
Hoodi,706.0,1,48.24
Other,1350.0,4,85.0
Kumaraswami Layout,610.0,6,95.0
Kanakpura Road,1900.0,3,99.0
Harlur,1200.0,4,243.0
Seegehalli,3000.0,4,150.0
Bisuvanahalli,1075.0,3,42.0
Kanakpura Road,1290.0,2,80.0
Akshaya Nagar,1200.0,2,50.0
Hormavu,1150.0,2,53.11
Uttarahalli,1360.0,3,61.2
Other,4500.0,9,500.0
Other,935.0,2,32.73
Cox Town,1730.0,3,140.0
Sarjapur  Road,1260.0,2,53.0
Other,675.0,6,125.0
Marathahalli,4000.0,4,650.0
Marathahalli,950.0,2,45.68
Other,600.0,2,85.0
Other,2500.0,5,120.0
Hegde Nagar,3216.0,4,300.0
Other,800.0,6,120.0
Budigere,1991.0,3,88.0
Sarjapur  Road,1115.0,2,60.0
Koramangala,1900.0,3,150.0
Whitefield,1109.0,2,41.49
Rajiv Nagar,2340.0,4,129.0
Judicial Layout,1200.0,6,300.0
Whitefield,4356.0,4,850.0
9th Phase JP Nagar,1005.0,2,43.0
Kengeri,416.0,1,19.5
1st Phase JP Nagar,1394.0,2,100.0
Harlur,2138.0,3,110.0
Other,1550.0,3,160.0
Nagavarapalya,1300.0,3,80.0
Thanisandra,1265.0,2,82.0
Other,1140.0,2,52.0
Other,1050.0,2,40.0
Thanisandra,1100.0,2,48.0
Varthur,1012.0,2,59.0
Varthur,1600.0,4,112.0
Yelahanka,1326.0,2,57.0
Hebbal Kempapura,1654.0,3,85.0
Other,1705.0,3,290.0
Chikkalasandra,1070.0,2,42.8
Whitefield,1700.0,3,95.0
Bhoganhalli,910.2,2,80.64
Whitefield,4960.0,4,400.0
Kanakapura,945.0,2,47.0
Begur Road,2462.0,4,150.0
Giri Nagar,1350.0,3,240.0
Marathahalli,615.0,1,44.0
Ramamurthy Nagar,1110.0,2,65.0
Haralur Road,575.0,1,88.0
Electronic City,1025.0,2,54.1
Other,1758.0,3,95.0
Other,3179.0,4,351.0
Kaikondrahalli,1342.0,3,92.0
Kalyan nagar,1800.0,3,85.0
Whitefield,2928.0,4,198.0
Doddathoguru,1140.0,2,32.0
Raja Rajeshwari Nagar,1608.0,2,85.0
Kadugodi,1645.0,3,82.0
Ramamurthy Nagar,1410.0,3,56.4
Harlur,1200.0,2,52.0
8th Phase JP Nagar,1275.0,3,41.5
Dodda Nekkundi,3800.0,4,600.0
Other,909.0,3,40.0
Other,1200.0,2,85.0
Kalyan nagar,1080.0,2,73.0
Other,1200.0,2,34.0
Akshaya Nagar,1092.0,2,60.0
Jalahalli,1932.0,3,135.0
KR Puram,1156.0,2,72.0
Bellandur,924.0,2,35.11
Thubarahalli,1330.0,2,75.0
Thanisandra,1917.0,3,113.0
Chandapura,985.0,2,25.12
Other,2400.0,6,408.0
Other,1800.0,4,500.0
Other,1290.0,2,225.0
Kodigehalli,655.0,1,53.0
Other,1800.0,3,140.0
Margondanahalli,1360.0,4,45.0
Bellandur,1785.0,3,118.0
Kadugodi,4000.0,7,130.0
Hebbal,1645.0,3,120.0
Gottigere,1235.0,2,63.0
Anandapura,900.0,2,48.0
Thanisandra,662.0,1,42.0
TC Palaya,1440.0,5,100.0
Whitefield,1215.0,2,62.0
Sarjapur  Road,1525.0,3,87.0
Other,1000.0,2,48.0
Hebbal,1255.0,3,90.0
Mysore Road,1560.0,3,120.0
Kasavanhalli,2100.0,3,110.0
Kodichikkanahalli,1620.0,3,85.0
Marathahalli,1595.0,3,90.0
Other,1095.0,2,38.52
9th Phase JP Nagar,835.0,2,37.0
Hennur Road,2182.0,3,72.04
Thigalarapalya,1418.0,2,106.0
Sanjay nagar,1900.0,3,180.0
Whitefield,2700.0,3,175.0
BTM 2nd Stage,1070.0,2,48.0
Ramamurthy Nagar,2000.0,9,150.0
Munnekollal,2400.0,43,660.0
Electronics City Phase 1,755.0,1,42.41
Sarjapur,2400.0,3,190.0
Other,3900.0,4,333.0
Other,2400.0,3,200.0
Other,2416.0,10,600.0
Electronics City Phase 1,919.0,2,28.0
Bannerghatta Road,1725.0,3,110.0
Sarjapur  Road,1346.0,2,71.32
Electronic City Phase II,1070.0,2,45.0
Begur Road,1225.0,2,35.52
Sarakki Nagar,880.0,6,75.0
Neeladri Nagar,640.0,1,20.5
Chikkalasandra,1310.0,3,52.4
Kanakapura,1190.0,2,39.0
Other,1645.0,3,87.5
Marathahalli,1350.0,2,89.0
Vittasandra,1404.0,2,68.8
Electronic City,1105.0,3,35.0
Other,1650.0,4,320.0
Dodda Nekkundi,1100.0,2,41.15
Thanisandra,2100.0,4,95.0
Thanisandra,1948.0,3,130.0
Singasandra,1464.0,3,56.0
Raja Rajeshwari Nagar,1210.0,2,45.0
Yelahanka,4000.0,5,220.0
Other,1252.0,2,55.0
Nagarbhavi,1200.0,5,240.0
Sarjapur  Road,3905.0,5,290.0
Other,2600.0,3,140.0
7th Phase JP Nagar,1300.0,3,89.13
7th Phase JP Nagar,1130.0,2,73.0
Budigere,1200.0,4,135.0
Thanisandra,1690.0,3,125.0
Padmanabhanagar,4500.0,3,360.0
Other,950.0,2,60.0
Marathahalli,1020.0,2,57.0
Other,2107.0,4,95.0
Marathahalli,1735.0,3,72.0
Sarjapur  Road,915.0,2,37.0
Other,1450.0,3,68.0
Thigalarapalya,2215.0,3,156.0
Other,2431.0,3,100.0
Marathahalli,1600.0,2,88.0
Uttarahalli,1280.0,2,75.0
Koramangala,1320.0,2,150.0
Hoodi,1257.0,2,69.0
Raja Rajeshwari Nagar,1240.0,2,53.27
Other,1200.0,4,240.0
Bannerghatta Road,1850.0,6,150.0
Hulimavu,1255.0,2,66.0
Ananth Nagar,870.0,2,36.0
Tumkur Road,1789.0,3,98.0
Basaveshwara Nagar,800.0,6,110.0
Electronic City,660.0,2,18.0
Other,600.0,3,54.0
Other,1155.0,2,56.0
R.T. Nagar,1235.0,2,65.0
Yelahanka,2675.0,4,140.0
CV Raman Nagar,1025.0,2,50.0
Raja Rajeshwari Nagar,1395.0,3,72.0
Dodda Nekkundi,1252.0,3,71.0
Hennur Road,1081.0,2,30.27
Haralur Road,1255.0,3,130.0
Ardendale,2062.0,4,150.0
Choodasandra,1220.0,3,56.0
Jigani,1408.0,3,55.0
Bisuvanahalli,1180.0,3,60.0
Sarjapur  Road,715.0,1,29.0
Sarjapur  Road,1230.0,2,94.5
Kaggadasapura,1035.0,2,45.5
EPIP Zone,3360.0,4,225.0
Kathriguppe,1300.0,3,77.99
Kanakpura Road,1100.0,3,52.97
Whitefield,1216.0,2,84.0
Other,1450.0,2,62.63
Nagavarapalya,705.0,1,57.0
Gottigere,1385.0,3,64.0
Anekal,1200.0,2,36.1
Electronic City Phase II,1310.0,3,32.75
Sarjapur  Road,1043.0,2,39.5
Koramangala,1320.0,2,110.0
Other,1900.0,3,205.0
Varthur,1140.0,2,39.9
Kadugodi,1100.0,2,45.0
Hebbal,1586.0,3,90.0
Other,1365.0,2,60.0
Rajaji Nagar,1263.0,2,107.0
Begur Road,1565.0,3,59.76
Karuna Nagar,1163.0,3,180.0
Whitefield,2882.0,4,204.0
Hennur Road,2320.0,3,170.0
Sarjapur  Road,1750.0,3,99.0
Kudlu,1143.0,2,55.0
Hennur Road,1936.0,3,118.0
Electronic City,660.0,2,15.0
Chandapura,700.0,2,19.0
Other,1402.0,3,85.0
Hebbal,4640.0,4,600.0
Electronic City,1000.0,2,41.0
Gottigere,1000.0,2,35.0
Kengeri Satellite Town,818.0,2,26.0
Bommenahalli,1680.0,4,135.0
Kalyan nagar,2422.0,4,150.0
Indira Nagar,1145.0,2,100.0
Sarjapur  Road,1145.0,2,62.0
Somasundara Palya,1575.0,3,68.0
Bannerghatta Road,9000.0,3,390.0
Thanisandra,1200.0,2,46.0
Yelahanka,1500.0,3,63.0
Ramamurthy Nagar,2560.0,4,75.0
Kothanur,1583.0,3,76.1
Kanakpura Road,700.0,2,34.98
Bannerghatta Road,950.0,2,38.0
Banashankari,1041.0,2,36.44
Thubarahalli,1085.0,2,70.0
Anjanapura,1070.0,2,37.0
Raja Rajeshwari Nagar,1165.0,2,45.0
Bommasandra,1000.0,2,35.0
Horamavu Agara,1169.0,2,64.0
Whitefield,1840.0,3,140.0
Other,1550.0,3,75.0
Kaval Byrasandra,997.0,2,53.0
Gunjur,1457.0,2,60.0
KR Puram,1000.0,2,60.0
Sarjapur  Road,1500.0,3,88.0
Other,958.0,5,210.0
Lakshminarayana Pura,1165.0,2,75.0
Other,1200.0,7,169.0
Kasavanhalli,1787.0,3,123.0
Raja Rajeshwari Nagar,1288.0,3,70.0
Thanisandra,1430.0,3,54.11
Hulimavu,3035.0,3,271.0
Doddathoguru,750.0,1,25.5
Yelachenahalli,900.0,4,115.0
Channasandra,1200.0,3,67.77
Electronic City,1500.0,3,78.0
Ambalipura,1230.0,2,66.25
Marathahalli,780.0,1,55.0
Bannerghatta Road,1220.0,2,80.0
Kanakpura Road,1110.0,2,43.0
Other,2100.0,3,240.0
Hosakerehalli,1380.0,9,150.0
Akshaya Nagar,1690.0,3,85.0
Bannerghatta Road,1130.0,2,78.0
Electronic City,1213.0,2,59.32
Kengeri,900.0,2,45.0
Panathur,1199.0,2,85.0
Other,5000.0,4,290.0
Bhoganhalli,2072.5,4,111.0
Bellandur,700.0,7,100.0
Uttarahalli,661.0,1,36.0
Other,1804.0,2,285.0
Marathahalli,1710.0,3,100.0
Kengeri Satellite Town,1030.0,2,50.0
Marathahalli,1530.0,3,73.5
Ramamurthy Nagar,1200.0,2,78.0
Nagarbhavi,300.0,1,20.0
Green Glen Layout,1751.0,3,115.0
R.T. Nagar,800.0,2,170.0
Panathur,1255.0,2,79.0
Whitefield,1778.0,3,122.0
Other,1100.0,2,45.0
Hennur Road,1480.0,2,65.0
Marathahalli,1358.0,2,81.0
Electronics City Phase 1,580.0,1,27.0
Choodasandra,1197.0,2,63.0
HRBR Layout,1200.0,4,170.0
Lingadheeranahalli,1705.0,3,110.0
Electronic City Phase II,1310.0,3,37.83
Hoodi,1132.0,2,67.9
Other,1200.0,3,140.0
Other,814.0,2,55.0
Electronic City,1575.0,3,90.0
Pattandur Agrahara,1302.0,2,66.0
Sultan Palaya,1800.0,6,175.0
Hegde Nagar,2006.8,3,196.0
Other,1100.0,2,44.0
Other,2400.0,5,400.0
Other,830.0,2,37.0
Other,435.0,1,19.5
Other,1590.0,3,120.0
Electronic City Phase II,1140.0,2,33.06
Kasavanhalli,1090.0,2,59.8
Thanisandra,1922.0,3,106.0
Thanisandra,965.0,2,67.0
Mysore Road,883.0,2,40.95
Electronic City Phase II,1089.0,2,32.67
Babusapalaya,1358.0,3,43.1
Hoodi,1108.0,2,87.0
Sarjapur  Road,1190.0,2,50.0
Dairy Circle,3754.0,4,430.0
Vijayanagar,1749.0,3,117.0
Sarjapur  Road,1750.0,4,215.0
Kasavanhalli,1691.0,3,104.0
Electronic City,1449.0,3,100.0
Bommanahalli,1625.0,3,87.72
Whitefield,1400.0,2,80.0
Electronic City,1310.0,3,37.83
Other,1230.0,3,53.51
Green Glen Layout,1750.0,3,130.0
Haralur Road,1810.0,3,126.0
Vittasandra,1246.0,2,62.3
Brookefield,1420.0,3,85.0
Old Airport Road,2658.0,4,187.0
Other,1450.0,3,89.6
Sanjay nagar,1200.0,5,185.0
Kadugodi,1711.0,3,75.0
Other,750.0,9,112.0
Raja Rajeshwari Nagar,1120.0,2,37.97
Kaggalipura,950.0,2,47.0
Basavangudi,1560.0,2,145.0
Other,1250.0,14,125.0
Kanakpura Road,1225.0,2,60.0
Other,1340.0,2,77.0
Sarjapur  Road,1846.0,3,145.0
Dodda Nekkundi,1155.0,2,46.0
Balagere,1205.0,2,70.0
Thanisandra,1140.0,2,36.0
Raja Rajeshwari Nagar,1140.0,2,38.65
Jalahalli East,1300.0,3,63.0
Bellandur,1051.0,2,60.0
Uttarahalli,1134.0,2,45.36
Kodihalli,2500.0,3,260.0
Other,12000.0,8,1900.0
Other,1135.0,2,32.91
Other,1745.0,3,77.0
Banashankari,500.0,5,92.0
Other,1665.0,3,105.0
Other,1220.0,2,48.79
Kanakpura Road,1868.0,3,113.0
Anandapura,640.0,3,45.0
Other,2300.0,4,200.0
Other,1210.0,2,76.0
Ambalipura,1351.0,2,77.0
Hebbal,1636.0,3,119.0
R.T. Nagar,2400.0,5,450.0
Attibele,418.0,1,12.0
Bannerghatta,2370.0,3,195.0
Other,1100.0,2,46.0
7th Phase JP Nagar,1350.0,3,58.0
Marathahalli,1290.0,2,52.0
Bommasandra Industrial Area,1220.0,3,35.23
Sarjapur  Road,1846.0,3,155.0
Hegde Nagar,1847.0,3,135.0
Whitefield,3100.0,4,350.0
Hoodi,1430.0,2,110.0
Attibele,1350.0,3,85.0
Kammanahalli,540.0,3,60.0
Hennur Road,1590.0,3,96.5
Other,1286.0,3,67.0
Other,1141.0,2,40.0
Shivaji Nagar,1554.0,2,130.0
Hebbal,3520.0,3,430.0
Malleshwaram,7500.0,5,1700.0
Harlur,1749.0,3,112.0
Other,2250.0,5,360.0
Other,1140.0,2,45.0
Bommenahalli,1632.0,4,128.0
Ramamurthy Nagar,1000.0,3,41.0
Other,1065.0,2,58.0
Haralur Road,1520.0,3,96.0
Bisuvanahalli,1075.0,3,43.0
Other,5.0,7,115.0
Gubbalala,1539.0,3,52.36
Sector 7 HSR Layout,1342.0,2,115.0
HBR Layout,1004.0,2,49.0
Ramagondanahalli,1295.0,2,95.0
Thanisandra,1098.0,2,74.0
Kothanur,1070.0,2,45.5
Hosa Road,1016.0,2,40.0
Bellandur,1450.0,3,68.0
Yelahanka,654.0,1,37.0
Koramangala,5985.0,4,775.0
Yelachenahalli,1080.0,2,38.0
Vijayanagar,1046.0,2,75.0
Domlur,1950.0,3,165.0
Bhoganhalli,1610.0,3,84.53
Doddakallasandra,2493.0,3,115.0
Ramagondanahalli,1151.0,2,50.5
Electronic City,1125.0,2,58.0
Kammasandra,992.0,2,25.79
1st Block Jayanagar,1000.0,2,60.0
Banashankari Stage II,2400.0,5,510.0
Bommanahalli,1850.0,3,90.0
Harlur,1174.0,2,75.0
Hebbal,2661.0,3,226.5
Sultan Palaya,1100.0,2,45.0
Raja Rajeshwari Nagar,1095.0,2,38.33
Banashankari,3580.0,3,411.0
Choodasandra,900.0,3,155.0
Other,1082.0,3,42.0
Uttarahalli,1350.0,3,47.24
Kadugodi,1314.0,2,78.0
Other,1290.0,2,40.63
Kaggadasapura,1010.0,2,55.0
Shivaji Nagar,2200.0,2,110.0
Other,1636.0,3,97.0
9th Phase JP Nagar,1050.0,2,39.0
7th Phase JP Nagar,1200.0,2,200.0
Haralur Road,1520.0,3,125.0
5th Phase JP Nagar,2500.0,5,110.0
Sarjapur  Road,1067.0,2,60.0
NRI Layout,1060.0,2,35.0
Bommasandra,955.0,2,35.28
8th Phase JP Nagar,1200.0,9,225.0
Anekal,700.0,2,19.4
Kanakpura Road,1366.0,2,83.0
Electronic City,1090.0,2,35.03
Jigani,1250.0,3,58.0
Other,3600.0,4,450.0
Electronics City Phase 1,950.0,2,33.0
Indira Nagar,1470.0,2,170.0
Yelahanka,1250.0,2,40.0
HBR Layout,800.0,4,180.0
Hennur Road,1445.0,3,105.0
Vijayanagar,606.0,1,40.0
 Devarachikkanahalli,1170.0,2,40.0
Koramangala,2461.0,4,353.0
Marathahalli,1205.0,2,75.0
Other,1224.0,8,200.0
Rajaji Nagar,660.0,1,75.0
Dommasandra,1153.0,2,43.5
OMBR Layout,2400.0,5,275.0
Old Madras Road,4500.0,5,294.0
Vijayanagar,1200.0,2,62.0
Other,1450.0,3,42.0
Budigere,1139.0,2,60.0
Green Glen Layout,1530.0,3,105.0
Other,825.0,6,400.0
Electronic City,1575.0,3,101.0
Whitefield,650.0,1,25.0
Other,1120.0,2,40.0
Akshaya Nagar,1700.0,3,80.0
Varthur,1090.0,2,48.0
Akshaya Nagar,1897.0,3,93.0
Other,1200.0,3,72.0
Thanisandra,1437.0,2,71.13
Ambedkar Nagar,1856.0,3,120.0
Hennur Road,1036.0,2,59.45
Other,3000.0,6,90.0
Mico Layout,1125.0,2,40.0
Uttarahalli,1320.0,3,55.44
Malleshwaram,2215.0,3,310.0
Electronic City,660.0,2,16.0
Marathahalli,1730.0,3,110.0
Other,750.0,4,85.0
Talaghattapura,1804.0,3,115.0
Thanisandra,1795.0,3,140.0
7th Phase JP Nagar,1050.0,2,50.0
Dasarahalli,2100.0,3,120.0
Rayasandra,1199.0,3,48.5
Other,1350.0,3,280.0
Other,1100.0,2,47.0
Other,1000.0,2,75.0
Kanakapura,1254.0,3,70.0
Other,600.0,8,70.0
Electronics City Phase 1,940.0,2,49.0
BTM 2nd Stage,1280.0,2,80.0
Whitefield,2155.0,4,125.0
Sarjapur  Road,3200.0,5,140.0
Kasavanhalli,4260.0,4,272.0
Hebbal,1255.0,3,95.0
Other,1388.0,3,69.99
Other,905.0,1,52.0
Other,1176.0,2,44.0
Uttarahalli,1390.0,3,61.16
Sahakara Nagar,1160.0,2,55.0
Seegehalli,2800.0,4,140.0
5th Block Hbr Layout,1200.0,4,205.0
Marathahalli,1583.0,3,115.0
Jigani,1252.0,3,63.0
Bannerghatta Road,1350.0,3,51.0
Gottigere,1075.0,2,30.0
Hosa Road,972.0,2,40.0
Bannerghatta Road,1486.0,3,83.22
Margondanahalli,555.0,2,37.0
Other,4830.0,4,390.0
Other,850.0,2,75.0
Sarjapur  Road,2383.0,4,215.0
Naganathapura,1103.0,2,55.0
Rayasandra,1577.0,3,67.0
Yelahanka,1465.0,3,80.01
Other,1600.0,3,64.0
Uttarahalli,1090.0,2,45.0
Yelahanka,1721.0,3,80.86
Varthur,1450.0,3,71.0
Battarahalli,1071.0,2,62.0
Old Madras Road,2266.0,3,169.0
Other,2065.0,3,130.0
Kanakpura Road,1800.0,3,90.0
Other,1150.0,2,125.0
Hormavu,1123.0,2,56.0
Akshaya Nagar,1884.0,3,98.0
1st Block Jayanagar,930.0,7,85.0
Lakshminarayana Pura,1145.0,2,75.0
Hebbal,1328.0,3,60.0
Subramanyapura,950.0,2,55.0
Other,1250.0,2,59.0
Other,1115.0,2,46.0
Gollarapalya Hosahalli,1318.0,3,54.0
JP Nagar,3300.0,3,160.0
Kalyan nagar,1280.0,2,48.0
Whitefield,1230.0,2,59.0
Raja Rajeshwari Nagar,1420.0,3,60.0
Kasavanhalli,2111.0,3,120.0
Vidyaranyapura,1100.0,2,54.0
Harlur,1750.0,3,136.0
Other,2550.0,3,290.0
Shampura,700.0,2,35.0
Uttarahalli,1235.0,2,90.0
Yeshwanthpur,1200.0,2,63.0
Kengeri,900.0,2,30.0
Thanisandra,1146.0,2,38.0
Yeshwanthpur,1200.0,4,110.0
Banashankari,2400.0,1,200.0
Marathahalli,1200.0,6,108.0
Other,615.0,1,24.0
Mysore Road,1070.0,2,49.65
Rajaji Nagar,1538.0,5,300.0
Poorna Pragna Layout,1355.0,3,58.25
Other,3080.0,4,285.0
Kundalahalli,1800.0,3,80.0
Begur Road,1400.0,3,50.06
Uttarahalli,1123.0,2,48.0
Konanakunte,1200.0,4,130.0
Kengeri,787.0,2,31.0
Seegehalli,1096.0,2,41.0
Vidyaranyapura,1200.0,7,140.0
R.T. Nagar,1140.0,3,130.0
Other,1130.0,2,52.0
Electronic City,550.0,1,12.0
Mahadevpura,1058.0,2,85.0
Hebbal,1269.0,3,73.0
Prithvi Layout,946.0,3,140.0
Other,3400.0,4,420.0
Kanakpura Road,2689.0,4,245.0
Hennur Road,1976.0,3,65.21
Kothanur,1820.0,3,77.0
Uttarahalli,1329.0,3,56.0
Nagarbhavi,1250.0,4,175.0
Other,800.0,6,98.0
Kanakpura Road,1339.0,2,71.5
Uttarahalli,938.0,2,35.0
Other,450.0,1,25.0
BTM 2nd Stage,1100.0,2,70.0
2nd Stage Nagarbhavi,600.0,4,95.0
Yelahanka,1060.0,2,40.0
Whitefield,1125.0,2,40.0
Whitefield,810.0,1,21.0
Bellandur,1060.0,2,65.0
Anandapura,1749.0,4,90.0
Sahakara Nagar,1200.0,3,75.0
Other,1100.0,2,85.0
Rachenahalli,680.0,1,32.64
Jalahalli East,720.0,4,48.0
Gunjur,6613.0,5,950.0
Hoodi,1925.0,3,110.0
Kengeri,502.0,1,25.0
Bommenahalli,3339.0,3,250.0
Begur,1475.0,3,74.0
Other,1550.0,3,258.0
Other,966.0,2,49.0
Other,1350.0,6,160.0
Haralur Road,1300.0,2,75.0
Other,4400.0,5,350.0
Kogilu,1559.0,3,120.0
Vittasandra,1246.0,2,63.0
Rajaji Nagar,2790.0,3,950.0
Begur Road,1410.0,3,53.58
Varthur Road,1300.0,4,75.0
Other,900.0,4,75.0
Channasandra,1104.0,2,35.5
Sultan Palaya,900.0,2,45.0
Other,1550.0,3,79.0
Kanakpura Road,670.0,1,35.0
Jakkur,1483.0,2,98.0
Other,1540.0,3,70.0
Naganathapura,1200.0,8,100.0
Hennur,1255.0,2,54.5
OMBR Layout,600.0,3,100.0
Other,1036.0,2,110.0
Bannerghatta Road,1460.0,3,75.0
Other,1230.0,2,58.0
Kanakpura Road,1340.0,2,60.0
Yelenahalli,1600.0,3,61.37
Hegde Nagar,2162.0,3,200.0
Electronic City,919.0,2,40.0
Other,1070.0,2,38.9
Hosur Road,1733.0,3,85.0
Jigani,1221.0,3,72.0
Other,1041.0,2,36.44
Ambalipura,2550.0,4,149.0
Shampura,1400.0,3,70.0
Anjanapura,600.0,1,55.0
Nagarbhavi,710.0,1,40.0
Electronic City,1500.0,3,78.25
Thigalarapalya,3122.0,4,237.0
Akshaya Nagar,2061.0,3,175.0
Brookefield,2400.0,5,325.0
Malleshwaram,2425.0,7,140.0
Balagere,1210.0,2,74.0
Anjanapura,950.0,2,40.0
Other,1376.0,4,156.0
Raja Rajeshwari Nagar,1303.0,2,44.17
Thigalarapalya,1418.0,2,105.0
Kengeri Satellite Town,1200.0,2,65.0
Basavangudi,1825.0,3,175.0
Bannerghatta Road,1015.0,2,48.0
Other,1150.0,3,60.0
Singasandra,1010.0,2,40.0
Other,1508.0,3,75.0
7th Phase JP Nagar,1275.0,2,87.0
7th Phase JP Nagar,1460.0,3,70.0
Old Airport Road,946.0,2,58.0
Other,1110.0,2,58.0
Hennur Road,1832.0,3,125.0
Hebbal,1088.0,2,61.45
Thanisandra,1564.0,3,104.0
Kadugodi,1030.0,2,35.02
9th Phase JP Nagar,660.0,2,27.0
Sarjapur  Road,1700.0,3,95.0
BTM 1st Stage,1100.0,4,121.0
Panathur,1205.0,2,62.9
Other,1950.0,3,90.0
Other,1080.0,2,62.0
Ardendale,2800.0,4,140.0
Other,999.0,2,43.66
Other,900.0,4,175.0
Kanakpura Road,1300.0,2,89.76
HRBR Layout,1265.0,2,78.0
Attibele,1200.0,2,42.0
Bhoganhalli,1974.0,4,106.0
Other,1180.0,2,40.0
Amruthahalli,1350.0,3,63.0
Kodichikkanahalli,1560.0,3,65.0
Other,2800.0,2,650.0
Hosakerehalli,1085.0,2,41.23
Vijayanagar,1300.0,3,75.0
Marathahalli,1600.0,3,56.0
Other,1127.0,2,55.0
Kengeri Satellite Town,795.0,2,32.0
Nagarbhavi,1850.0,3,88.0
Bommasandra Industrial Area,1020.0,2,29.45
Other,1475.0,3,200.0
Other,1200.0,3,96.25
Uttarahalli,1345.0,3,47.0
Kaikondrahalli,849.0,2,25.4
Kanakpura Road,1706.0,3,135.0
Yelahanka,2100.0,4,180.0
Other,1250.0,3,65.0
Kanakpura Road,1260.0,3,63.58
Horamavu Agara,1265.0,3,65.0
Abbigere,1260.0,3,45.0
Jalahalli,1045.0,2,58.0
Hebbal Kempapura,3895.0,4,495.0
Other,412.5,1,19.8
Bellandur,1100.0,2,62.0
Kudlu Gate,1113.0,2,50.0
Old Airport Road,2774.0,4,208.0
Varthur,1210.0,2,60.0
Kogilu,700.0,1,30.84
Kanakpura Road,1155.0,2,55.5
Hoodi,1132.0,2,89.0
Hennur Road,1359.0,2,104.0
Other,2631.0,4,200.0
Kothanur,1145.0,2,56.0
5th Phase JP Nagar,600.0,1,30.0
Laggere,1200.0,1,125.0
Other,830.0,2,60.0
HSR Layout,1009.0,2,56.0
Basavangudi,1800.0,3,195.0
Yelahanka,1226.0,2,52.71
Other,1500.0,2,88.0
Electronic City,1363.0,2,79.0
Poorna Pragna Layout,1400.0,3,240.0
Bommasandra Industrial Area,1165.0,2,33.64
HSR Layout,2792.0,4,220.0
Kammanahalli,700.0,1,59.0
Kaval Byrasandra,1060.0,2,42.0
Marathahalli,1200.0,2,67.0
Other,1518.0,3,76.0
Nagappa Reddy Layout,1495.0,3,75.0
Sanjay nagar,1575.0,2,90.0
Rajaji Nagar,1440.0,2,170.0
Kasavanhalli,1545.0,3,69.0
Kengeri,1470.0,3,50.0
Cooke Town,1500.0,3,95.0
BTM Layout,1450.0,3,81.0
Hosur Road,1179.0,2,49.0
7th Phase JP Nagar,1650.0,3,110.0
Chandapura,1095.0,3,32.0
Other,856.0,2,48.0
Naganathapura,1143.0,2,62.0
Hebbal,1349.0,2,97.8
Anjanapura,1280.0,3,45.0
Malleshwaram,480.0,1,60.0
Whitefield,1216.0,2,69.06
Malleshwaram,1290.0,2,120.0
Banjara Layout,1200.0,5,96.0
Electronic City,1156.0,2,42.0
Thanisandra,1230.0,2,44.0
Other,1070.0,2,33.15
Devanahalli,3752.5,2,177.115
Ramagondanahalli,1235.0,2,49.3
Other,1117.0,2,110.0
Kundalahalli,1724.0,3,124.0
Jalahalli,1200.0,4,90.0
Other,600.0,1,43.0
KR Puram,1930.0,3,57.9
Whitefield,1216.0,2,75.0
KR Puram,1452.0,3,60.0
Whitefield,1355.0,2,78.0
Other,7500.0,4,425.0
Sarjapur  Road,2145.0,3,190.0
Bommanahalli,957.0,2,53.0
Other,925.0,2,48.0
Bellandur,1550.0,2,59.0
Yelahanka New Town,4000.0,4,899.0
Kanakpura Road,2100.0,3,140.0
Bannerghatta Road,1115.0,2,61.0
Yelahanka,1692.0,3,83.0
Other,1100.0,2,52.0
Hormavu,1385.0,3,69.0
Hosa Road,760.0,1,24.9
Electronics City Phase 1,1335.0,2,67.0
Bommanahalli,910.0,2,45.0
Kanakpura Road,1610.0,3,55.0
Hennur Road,1341.0,2,75.76
Uttarahalli,1285.0,3,44.98
HAL 2nd Stage,2100.0,3,252.0
Yeshwanthpur,1679.0,3,92.13
Other,2675.0,4,290.0
Other,1016.0,2,45.9
Banashankari Stage II,1500.0,4,650.0
Other,660.0,3,100.0
Rajaji Nagar,2448.0,3,400.0
8th Phase JP Nagar,500.0,1,31.0
Other,1800.0,3,88.0
Whitefield,1255.0,2,77.0
Hennur Road,1040.0,2,50.0
Other,1062.0,2,47.0
Varthur Road,805.5,2,19.33
Hosur Road,950.0,2,60.0
Whitefield,1216.0,2,73.0
HSR Layout,1300.0,2,98.0
5th Phase JP Nagar,1390.0,2,65.0
Yelahanka,1033.0,2,52.58
Yelahanka,1390.0,2,65.31
Jalahalli,1020.0,2,52.0
Whitefield,709.0,1,34.735
Whitefield,1140.0,2,45.0
Yeshwanthpur,670.0,1,36.85
Bhoganhalli,2171.0,4,111.0
Bannerghatta Road,1136.0,2,48.0
Other,1477.0,3,80.0
KR Puram,1001.0,2,30.0
Yelahanka,1040.0,2,48.86
Garudachar Palya,1060.0,2,48.5
Sarjapur,1240.0,2,44.3
Other,42000.0,9,175.0
Varthur,1070.0,2,46.0
Electronic City Phase II,1253.0,2,65.8
Whitefield,1190.0,2,60.0
Whitefield,1312.0,2,55.0
KR Puram,750.0,2,40.0
Koramangala,1615.0,3,115.0
Marathahalli,1095.0,2,60.0
Whitefield,1745.0,3,100.0
Other,2080.0,4,440.0
Thanisandra,1220.0,2,44.6
Other,1793.0,3,98.0
Uttarahalli,1100.0,2,45.0
Yelahanka New Town,1385.0,2,65.0
Attibele,400.0,1,10.0
Bellandur,1400.0,3,44.81
Other,960.0,2,33.0
Uttarahalli,1125.0,2,47.0
Akshaya Nagar,1551.0,3,60.0
BTM Layout,600.0,4,122.0
Whitefield,3200.0,4,224.0
Marathahalli,1060.0,2,48.0
Bharathi Nagar,1384.0,2,59.0
Other,620.0,2,23.0
Bommasandra,1005.0,2,39.77
Sarakki Nagar,1200.0,3,128.0
Other,1400.0,3,35.0
HSR Layout,2400.0,3,88.0
Whitefield,1096.0,2,39.0
Kaggadasapura,1180.0,2,50.0
Uttarahalli,1300.0,3,47.0
Other,1020.0,2,62.0
Margondanahalli,600.0,2,35.0
Other,3563.0,4,310.0
Other,1165.0,2,47.0
Bellandur,1685.0,3,100.0
Balagere,1210.0,2,83.0
Kammasandra,1030.0,2,25.75
Nagappa Reddy Layout,1100.0,2,43.5
Jakkur,1482.0,3,86.0
Hebbal,1344.0,2,108.0
Kothannur,1275.0,3,39.8
Vidyaranyapura,462.0,3,38.0
Other,3300.0,4,318.0
Panathur,1210.0,2,85.0
Hebbal,1320.0,3,226.0
Hosa Road,1532.0,3,98.13
JP Nagar,1245.0,2,110.0
Nagarbhavi,1212.0,2,50.0
Sarjapur  Road,1230.0,2,65.0
Indira Nagar,1000.0,5,180.0
Ramagondanahalli,2257.0,3,159.0
Vittasandra,1246.0,2,65.4
Gunjur,1080.0,2,41.0
Other,1286.0,6,75.0
Varthur,1360.0,3,85.0
Yelenahalli,1260.0,2,47.88
Kengeri Satellite Town,1200.0,4,110.0
Kasavanhalli,950.0,2,39.0
Nagarbhavi,1020.0,2,55.0
Electronic City Phase II,1400.0,3,40.44
Other,1440.0,4,88.0
Other,800.0,6,75.0
KR Puram,1462.5,3,62.81
Electronics City Phase 1,1175.0,2,69.0
Raja Rajeshwari Nagar,1185.0,2,40.17
Other,2250.0,3,113.0
Sarjapur  Road,1178.0,2,40.43
Ulsoor,36000.0,4,450.0
Whitefield,825.0,1,44.9
Other,1250.0,3,43.0
Electronics City Phase 1,1113.12,2,55.0
Other,1718.0,3,223.0
Gottigere,1010.0,2,35.0
Other,1500.0,4,240.0
Rayasandra,540.0,1,16.5
Hosur Road,1194.0,2,71.64
Vijayanagar,1470.0,8,300.0
2nd Stage Nagarbhavi,600.0,3,100.0
Electronic City,1108.0,2,67.15
Hebbal,3895.0,4,451.0
Kanakpura Road,700.0,2,34.99
Somasundara Palya,1600.0,3,68.0
Nagarbhavi,1850.0,3,90.0
Tumkur Road,1250.0,2,33.0
Ramamurthy Nagar,600.0,1,43.0
Raja Rajeshwari Nagar,1140.0,2,49.27
Other,1200.0,3,75.0
Other,985.0,2,55.0
Bellandur,982.0,2,55.0
9th Phase JP Nagar,600.0,1,20.0
Old Madras Road,2640.0,3,142.0
Akshaya Nagar,1314.0,2,68.8
Other,1700.0,3,68.5
1st Phase JP Nagar,1077.0,2,93.0
Chandapura,1891.0,4,66.165
Other,2000.0,5,99.0
Other,1643.0,3,75.0
Kengeri,1200.0,3,67.0
Abbigere,1020.0,2,41.82
Vittasandra,621.0,7,64.0
Other,1740.0,3,55.0
GM Palaya,1225.0,2,47.0
Thanisandra,1241.0,3,61.0
Hennur,1041.0,2,40.6
Bommanahalli,1050.0,2,46.0
Other,4400.0,3,901.0
Kanakpura Road,1309.0,2,64.39
Dodda Nekkundi,1128.0,2,45.0
Raja Rajeshwari Nagar,1430.0,3,50.0
Old Madras Road,1065.0,2,47.86
OMBR Layout,1085.0,2,64.0
Vishveshwarya Layout,750.0,1,30.0
Bellandur,981.0,2,37.28
Bhoganhalli,1548.3,4,129.0
Hebbal Kempapura,2302.0,4,300.0
Kalyan nagar,1410.0,3,60.0
Hosa Road,1525.84,3,117.0
Begur Road,1200.0,2,42.6
Other,1030.0,2,80.0
BTM 1st Stage,1852.0,3,95.0
Electronic City,1160.0,2,33.5
Jigani,918.0,2,49.0
HRBR Layout,1200.0,6,250.0
JP Nagar,1150.0,3,49.9
Indira Nagar,2700.0,3,324.0
Other,1150.0,2,69.0
Whitefield,1227.0,2,53.49
Other,840.0,6,120.0
Panathur,1198.0,2,82.0
 Devarachikkanahalli,1200.0,3,160.0
Frazer Town,1286.0,3,180.0
Other,2600.0,4,95.0
Pattandur Agrahara,797.0,2,32.0
Other,1350.0,3,68.0
Sahakara Nagar,2500.0,4,200.0
Thigalarapalya,2215.0,3,160.0
Bannerghatta Road,2700.0,4,260.0
Other,1500.0,3,90.0
Poorna Pragna Layout,1355.0,3,58.27
Kudlu Gate,1465.0,3,49.81
Ramamurthy Nagar,1006.0,2,57.0
Vishveshwarya Layout,2000.0,4,75.0
Electronic City,1128.0,2,65.7
Other,850.0,2,35.0
ISRO Layout,1310.0,3,68.0
Banashankari,1390.0,2,86.0
Kathriguppe,1390.0,3,76.45
Marathahalli,2396.0,4,325.0
Electronic City,1170.0,2,33.0
Gottigere,1385.0,3,50.0
Old Madras Road,1160.0,2,42.0
Bannerghatta Road,1200.0,3,69.0
Mahadevpura,1475.0,2,55.0
Sarjapur  Road,1939.0,3,98.0
7th Phase JP Nagar,850.0,2,42.0
Balagere,675.0,1,45.0
Electronic City,1060.0,2,51.0
Whitefield,1235.0,2,47.0
Other,600.0,2,110.0
Other,1250.0,2,60.0
Banashankari,1460.0,2,70.0
Indira Nagar,850.0,1,57.0
Kanakpura Road,1843.0,3,82.0
7th Phase JP Nagar,1680.0,3,117.0
Kundalahalli,1047.0,2,84.0
8th Phase JP Nagar,1100.0,2,35.0
Indira Nagar,3250.0,8,600.0
Nagarbhavi,1120.0,2,53.0
Other,970.0,2,35.0
Bommanahalli,1200.0,5,125.0
Hosa Road,1100.0,3,85.0
Uttarahalli,1685.0,3,85.0
Other,1148.0,2,59.0
Marathahalli,1050.0,2,65.0
Bannerghatta Road,1465.0,3,76.0
Kothanur,3401.0,4,230.0
Electronic City,630.0,1,60.0
Vidyaranyapura,1200.0,9,175.0
Other,1750.0,4,225.0
Other,1350.0,3,60.0
Sector 7 HSR Layout,1760.0,3,160.0
Rajaji Nagar,1440.0,2,185.0
Banashankari Stage III,1200.0,2,42.0
Other,1100.0,2,78.0
Kaggadasapura,1140.0,2,46.0
Hormavu,1617.5,3,73.595
Gottigere,1410.0,2,45.0
Mahadevpura,1434.0,3,67.39
Other,1180.0,2,74.0
EPIP Zone,1343.0,2,86.0
LB Shastri Nagar,1184.0,2,69.0
Koramangala,2246.0,3,300.0
Other,4510.0,3,200.0
Other,1540.0,3,85.0
Kanakpura Road,1550.0,3,65.11
Yelahanka,1345.0,3,57.0
Electronic City Phase II,975.0,3,45.0
JP Nagar,1152.0,2,34.56
Old Airport Road,3200.0,4,700.0
Other,1033.0,3,31.5
Other,1800.0,3,230.0
Subramanyapura,1223.0,3,42.81
Kadugodi,1762.0,3,112.0
Kengeri Satellite Town,560.0,2,16.6
KR Puram,2000.0,6,85.0
Electronic City,1410.0,3,38.0
Thanisandra,1853.0,3,64.86
Kothanur,1455.0,2,69.0
Hebbal,1138.0,2,110.0
Sarjapur  Road,2556.0,3,169.0
Other,1200.0,2,37.0
Thanisandra,1286.0,3,185.0
Whitefield,1870.0,3,138.0
Panathur,1199.0,2,86.0
Other,800.0,6,150.0
Doddakallasandra,1360.0,3,54.4
Babusapalaya,1230.0,3,53.0
Other,2000.0,3,120.0
Kasturi Nagar,1200.0,4,250.0
Kundalahalli,1047.0,2,83.0
Electronic City Phase II,6000.0,4,260.0
Ramamurthy Nagar,1200.0,2,76.0
Kengeri Satellite Town,1302.5,2,44.285
Kengeri,725.0,2,30.0
Jakkur,1645.0,3,100.0
Sultan Palaya,870.0,2,65.0
Marathahalli,1026.0,2,49.95
Other,2000.0,3,145.0
Cooke Town,1710.0,2,200.0
Hosur Road,1766.0,3,130.0
Other,500.0,1,15.0
JP Nagar,1100.0,2,15.0
Jigani,1221.0,3,52.0
Rachenahalli,680.0,1,46.0
Sarjapur  Road,1278.0,2,90.0
Kodichikkanahalli,1025.0,2,66.0
Whitefield,1175.0,2,39.0
Sarjapur  Road,975.0,2,28.275
6th Phase JP Nagar,600.0,1,75.0
Other,850.0,2,42.0
Anjanapura,710.0,2,25.0
Other,1165.0,2,33.64
Sarjapur,625.0,1,19.0
Kaggadasapura,1340.0,3,66.0
Ananth Nagar,937.0,2,35.0
Other,1500.0,7,210.0
JP Nagar,750.0,1,52.5
Judicial Layout,1286.0,5,400.0
Shampura,1475.0,3,78.0
Other,2230.0,4,130.0
Other,2200.0,4,100.0
Mysore Road,900.0,2,65.0
Electronic City Phase II,1116.0,2,37.0
Hoodi,948.0,2,75.0
R.T. Nagar,970.0,2,55.0
Other,1519.0,3,67.23
Thanisandra,1200.0,3,65.0
Bhoganhalli,1760.0,3,127.0
Whitefield,4400.0,4,525.0
Sahakara Nagar,1914.0,3,179.0
Budigere,1820.0,3,85.5
Kalena Agrahara,1565.0,3,78.0
Begur Road,1334.0,2,42.69
Sarakki Nagar,924.0,2,76.23
Jigani,914.0,2,49.0
Kengeri,500.0,1,17.0
Yelahanka,2145.0,3,125.0
Yelahanka,1200.0,5,162.0
Electronic City,1650.0,3,100.0
Marathahalli,3940.0,4,220.0
Electronic City,1020.0,2,29.45
Basaveshwara Nagar,1180.0,2,58.0
Ulsoor,1255.0,2,120.0
Other,2777.29,3,650.0
Bommasandra,1014.0,2,35.0
Shampura,920.0,4,90.0
Attibele,695.0,2,25.0
Prithvi Layout,2273.0,3,220.0
GM Palaya,1140.0,2,48.95
Giri Nagar,3000.0,6,375.0
Begur Road,2400.0,4,152.0
Attibele,850.0,2,25.0
Banashankari,1200.0,2,60.0
Other,3160.0,4,206.0
Hoodi,1769.0,3,96.87
Jigani,1286.0,4,160.0
Bhoganhalli,1554.3,4,131.0
Other,4920.0,4,1150.0
Mallasandra,905.0,2,40.0
Kothanur,627.0,1,30.0
Domlur,2180.0,3,285.0
Frazer Town,2400.0,3,260.0
Marathahalli,1435.0,3,73.0
Jakkur,3405.1,4,400.0
Kodihalli,1620.0,3,130.0
Whitefield,1862.0,3,125.0
Kaikondrahalli,674.0,2,19.9
Marathahalli,1220.0,2,59.0
Electronic City,1025.0,2,49.0
Thanisandra,1430.0,3,54.5
Panathur,1235.0,2,65.0
Electronics City Phase 1,1291.0,3,32.0
Kanakpura Road,1498.0,3,95.0
Sarjapur  Road,2180.0,3,240.0
Electronic City,1000.0,2,29.7
Other,922.0,2,70.0
Other,850.0,2,72.0
Other,750.0,3,155.0
AECS Layout,1123.0,2,64.0
Raja Rajeshwari Nagar,1235.0,2,75.0
Kogilu,1250.0,2,55.55
Whitefield,2403.0,4,360.0
Sarjapur  Road,1305.0,2,99.0
Other,600.0,3,90.0
Hebbal,2790.0,4,204.0
Old Madras Road,2010.0,4,125.0
Electronics City Phase 1,995.0,2,42.0
Varthur Road,1277.0,2,59.0
7th Phase JP Nagar,1236.0,2,61.33
Akshaya Nagar,1265.0,2,67.0
Kanakpura Road,525.0,1,27.0
Gubbalala,2570.0,5,141.0
Hennur Road,2400.0,4,390.0
Other,1442.0,3,56.24
Ardendale,1224.0,2,70.0
Bellandur,1205.0,2,59.0
Other,1233.0,2,100.0
5th Block Hbr Layout,1312.0,2,69.0
Electronic City,1449.0,3,90.0
Yelenahalli,1090.0,2,54.0
Kaggadasapura,2100.0,5,150.0
JP Nagar,1200.0,2,78.0
Mallasandra,600.0,4,50.0
BTM 2nd Stage,1000.0,2,58.0
Devanahalli,2400.0,4,190.0
Thanisandra,1732.0,3,85.73
Banashankari,1290.0,2,80.0
Other,1840.0,3,85.0
Thanisandra,1917.0,3,100.0
Other,1100.0,2,57.0
Kudlu,1455.0,3,60.0
Haralur Road,1200.0,5,255.0
 Devarachikkanahalli,1425.0,3,65.0
Whitefield,1655.0,3,113.0
Haralur Road,2805.0,4,160.0
R.T. Nagar,600.0,7,93.0
Other,1040.0,2,46.79
Akshaya Nagar,1126.0,2,55.0
Kodichikkanahalli,1600.0,6,200.0
Hebbal,1250.0,2,55.55
Yelahanka,1800.0,4,180.0
Other,2050.0,4,100.0
Whitefield,530.0,1,29.44
Sarjapur,2585.5,4,139.5
Kambipura,883.0,2,37.0
Sompura,1275.0,3,59.0
Other,800.0,2,30.0
Devanahalli,1200.0,1,95.0
Bellandur,1063.0,2,58.0
Balagere,656.0,1,43.0
Other,1125.0,2,36.0
Marathahalli,881.0,2,48.06
Other,1350.0,9,200.0
Bisuvanahalli,700.0,2,32.0
Other,1936.0,3,110.0
Hosa Road,1680.0,3,101.0
Rayasandra,1253.0,2,57.0
Rajaji Nagar,1640.0,3,230.0
Mysore Road,1082.0,3,50.0
Electronic City,1065.0,2,30.75
Iblur Village,2100.0,3,145.0
Electronic City,1070.0,2,58.0
Raja Rajeshwari Nagar,1280.0,3,57.6
Other,1200.0,5,300.0
Electronic City Phase II,1125.0,2,29.25
Sarjapur  Road,1755.0,3,122.0
Electronic City,1210.0,2,54.0
Talaghattapura,951.0,2,30.43
Electronic City,1500.0,3,75.0
Other,1652.5,3,90.0
Yeshwanthpur,1381.0,3,76.18
Whitefield,1085.0,2,57.0
Whitefield,905.0,1,50.0
Hennur Road,1685.0,3,95.0
Somasundara Palya,1200.0,2,75.0
Anandapura,1151.0,2,42.9
Brookefield,3532.0,4,170.0
Kanakpura Road,1665.0,3,86.91
Kengeri Satellite Town,800.0,2,40.0
Chamrajpet,1050.0,2,162.0
Rajiv Nagar,1030.0,2,46.5
Hoodi,1257.0,2,71.03
Whitefield,1600.0,3,82.0
Choodasandra,1465.0,3,75.0
Jakkur,1650.0,3,111.0
Yelahanka New Town,680.0,2,80.0
Whitefield,1230.0,4,80.0
Koramangala,1300.0,2,82.0
KR Puram,1000.0,2,44.5
Mahadevpura,1146.0,2,53.8
Other,1200.0,6,120.0
Indira Nagar,2601.0,3,312.0
Other,2159.0,3,110.0
Whitefield,1255.0,2,40.0
Padmanabhanagar,1200.0,2,60.0
Sarjapur  Road,1040.0,2,37.0
TC Palaya,1500.0,8,150.0
Other,906.0,4,55.0
Uttarahalli,1180.0,2,41.3
Other,850.0,6,100.0
KR Puram,1200.0,2,47.0
Sarjapur  Road,1374.0,3,51.0
Vidyaranyapura,4700.0,9,130.0
Whitefield,630.5,1,32.15
Other,2400.0,3,480.0
Other,1200.0,5,130.0
Jalahalli,2384.0,3,165.0
Electronic City,1033.0,3,28.41
Yelahanka,1200.0,2,54.0
Haralur Road,2017.0,3,105.0
Other,1500.0,3,138.0
Other,700.0,2,43.0
Shampura,1150.0,6,75.0
Kanakpura Road,1495.0,3,52.33
Kothanur,1302.0,2,68.5
Whitefield,905.0,1,52.0
Electronics City Phase 1,1350.0,3,71.0
Gottigere,1380.0,3,95.0
Harlur,1620.0,3,110.0
Chandapura,4800.0,4,250.0
Sarjapur  Road,1000.0,2,38.5
Ramamurthy Nagar,800.0,3,88.0
Thanisandra,1250.0,2,54.0
Other,1750.0,3,170.0
Anekal,997.0,3,55.0
Kothanur,1760.0,3,111.0
Yelahanka,1322.0,2,75.0
Other,1365.0,3,99.0
Sahakara Nagar,1500.0,3,125.0
Kaggadasapura,1256.0,3,50.0
Brookefield,941.0,2,48.0
Devanahalli,5000.0,4,465.0
Hennur Road,1414.0,2,84.18
Chikkalasandra,1270.0,3,55.25
Other,800.0,3,80.0
Kengeri Satellite Town,4100.0,4,300.0
Other,1800.0,6,105.0
Kanakpura Road,712.0,1,38.44
Rajaji Nagar,2648.0,4,251.5
Other,900.0,3,180.0
Hebbal,1200.0,2,49.0
Kengeri Satellite Town,654.0,1,22.0
Other,708.0,2,55.0
Other,600.0,4,75.0
Other,1680.0,3,135.0
Other,990.0,2,58.0
Uttarahalli,1380.0,2,42.0
Hebbal,1088.0,2,62.0
Harlur,1414.0,3,77.5
Other,1240.0,2,100.0
Other,1810.0,3,118.0
Other,2005.0,3,240.0
Kothanur,1185.0,2,58.0
Whitefield,1200.0,3,57.15
Other,1265.0,2,58.0
Sahakara Nagar,1100.0,2,55.0
Other,1035.0,2,44.0
Sonnenahalli,614.5,1,30.715
Other,1000.0,2,97.0
Hegde Nagar,1179.0,2,49.35
Vittasandra,1650.0,3,84.0
Other,2800.0,6,100.0
Other,3500.0,8,120.0
Other,1430.0,3,78.65
Marathahalli,1130.0,3,58.0
JP Nagar,1850.0,3,110.0
Hennur,1340.0,3,54.24
Sarjapur  Road,4334.0,4,338.0
Other,600.0,2,30.0
Banashankari,2582.0,3,250.0
Channasandra,1160.0,2,55.0
Other,1200.0,1,45.0
Other,1116.0,2,37.6
Other,600.0,3,85.0
Sarakki Nagar,2663.0,3,338.0
Other,1090.0,2,45.0
JP Nagar,1100.0,2,45.0
Kammasandra,1365.0,3,34.13
Vijayanagar,1484.0,3,79.19
Green Glen Layout,1630.0,3,68.0
Whitefield,1451.0,3,52.43
Kanakpura Road,1330.0,2,107.0
Thanisandra,2127.0,3,135.0
Other,875.0,5,120.0
Other,1260.0,4,65.0
Sarjapur  Road,1173.0,3,45.75
Electronics City Phase 1,1445.0,3,56.0
Other,2250.0,4,400.0
Bannerghatta Road,1500.0,3,239.0
Thanisandra,2336.5,3,115.89
JP Nagar,1197.0,2,47.88
2nd Stage Nagarbhavi,1200.0,4,225.0
Sarjapur  Road,3930.0,5,329.0
Kanakpura Road,1450.0,3,62.4
Whitefield,1187.0,2,37.85
Other,4000.0,6,850.0
Channasandra,1050.0,2,41.0
Panathur,1370.0,3,54.8
Yelahanka,1036.0,2,39.37
JP Nagar,1275.0,3,41.2
Old Madras Road,2010.0,4,115.0
Thanisandra,1265.0,2,46.6
Anandapura,1576.0,3,58.0
Dodda Nekkundi,1148.0,2,56.0
Other,1000.0,2,36.0
Kudlu,1293.0,3,85.0
Munnekollal,1210.0,2,75.0
HSR Layout,1126.0,2,69.0
Sarakki Nagar,1840.0,3,175.0
Vidyaranyapura,1440.0,3,70.0
Ramamurthy Nagar,1300.0,3,52.0
Thanisandra,1276.0,2,75.0
Other,600.0,6,105.0
Whitefield,1216.0,2,83.0
Other,840.0,1,75.0
Other,1240.0,5,300.0
Sompura,1126.0,2,39.0
Mysore Road,45.0,1,23.0
Raja Rajeshwari Nagar,1162.0,2,65.0
Whitefield,1301.0,2,65.0
Devanahalli,658.0,1,34.0
Sahakara Nagar,1350.0,3,250.0
Whitefield,2500.0,3,280.0
1st Phase JP Nagar,1286.0,1,63.0
Chandapura,1208.51,3,42.0
Raja Rajeshwari Nagar,1133.0,2,38.41
Other,1760.0,3,116.0
Sarjapur,940.0,2,25.38
Other,1145.0,2,57.0
Bannerghatta Road,1302.5,2,67.73
Other,3900.0,4,550.0
Other,3317.5,4,268.5
Dasarahalli,1300.0,2,50.0
Malleshwaram,2475.0,3,326.0
6th Phase JP Nagar,2040.0,3,200.0
Hosakerehalli,1200.0,1,150.0
Jigani,2420.0,4,190.0
Thubarahalli,1216.0,2,80.0
Tumkur Road,1459.0,3,110.0
Jakkur,1622.0,3,80.0
Kanakpura Road,1843.0,3,85.0
Other,600.0,2,52.0
Malleshpalya,1430.0,3,69.5
Kammanahalli,1800.0,4,280.0
Begur Road,1565.0,3,57.91
Other,1670.0,3,160.0
Lakshminarayana Pura,1695.0,3,150.0
Other,1410.0,2,75.0
Kengeri Satellite Town,1060.0,2,42.0
Sarjapur  Road,1120.0,2,50.0
Hosa Road,880.0,2,50.0
Dodda Nekkundi,1435.0,3,57.2
Doddakallasandra,1425.0,3,56.99
Arekere,900.0,2,50.0
Other,2400.0,5,93.0
Kengeri,600.0,3,90.0
Electronic City,2435.0,4,119.0
Iblur Village,1920.0,3,150.0
Hulimavu,1200.0,5,101.0
Nagavarapalya,705.0,1,55.0
Other,1200.0,3,75.6
Mahadevpura,1532.0,2,62.0
Rajiv Nagar,1330.0,2,93.0
Sarjapur  Road,1530.0,3,60.0
Kasavanhalli,1105.0,2,42.0
1st Phase JP Nagar,1566.0,2,180.0
Harlur,1630.0,3,95.1
Banashankari,1200.0,6,180.0
Brookefield,1595.0,3,75.0
7th Phase JP Nagar,1000.0,2,53.0
Other,2400.0,5,285.0
Other,2360.0,4,650.0
Uttarahalli,1737.0,3,95.0
Other,2100.0,4,150.0
Hosakerehalli,3600.0,8,145.0
Mysore Road,883.0,2,50.0
BTM Layout,1776.0,3,75.0
Anjanapura,1347.0,3,37.72
Whitefield,1330.0,3,55.0
Other,600.0,2,120.0
Rajaji Nagar,3730.0,4,370.0
Harlur,1459.0,3,135.0
Thanisandra,2259.0,4,135.0
JP Nagar,2700.0,7,160.0
Gubbalala,1008.0,2,32.25
Other,1200.0,2,52.5
Other,2328.0,4,528.0
BTM 1st Stage,600.0,7,110.0
Electronic City,660.0,2,15.5
Rajaji Nagar,1800.0,3,250.0
Rajaji Nagar,3100.0,4,550.0
Yelahanka,1405.0,2,50.58
Yelahanka,602.0,1,26.0
JP Nagar,1500.0,3,82.0
Other,1539.0,3,60.0
Other,806.0,6,128.0
Judicial Layout,1100.0,3,53.0
Raja Rajeshwari Nagar,1151.0,2,49.0
Other,920.0,2,46.0
Kathriguppe,1350.0,3,78.3
Bannerghatta Road,1200.0,2,65.0
Thanisandra,1265.0,2,78.0
Other,600.0,8,60.0
Sarjapur  Road,1700.0,3,93.5
Other,1550.0,4,120.0
R.T. Nagar,1560.0,3,125.0
Horamavu Agara,1000.0,6,98.0
Raja Rajeshwari Nagar,1200.0,4,160.0
Sarjapur  Road,1403.0,3,56.0
Tumkur Road,1416.0,3,94.0
Kanakpura Road,1628.0,2,68.0
Chamrajpet,1660.4,4,211.0
7th Phase JP Nagar,1680.0,3,125.0
Doddathoguru,1595.0,3,62.0
Kanakpura Road,1507.0,3,95.0
Frazer Town,2560.0,3,288.0
Hennur Road,1949.0,3,133.0
BTM 2nd Stage,800.0,2,175.0
Other,905.0,2,50.0
Hosakerehalli,2480.0,3,245.0
Other,1495.0,3,200.0
Kaikondrahalli,1605.0,3,105.0
Bommanahalli,1290.0,2,73.0
Yelahanka,1100.0,2,60.0
Vishveshwarya Layout,2100.0,6,92.0
Electronics City Phase 1,995.0,2,49.8
Banashankari Stage II,500.0,2,55.0
Rajaji Nagar,3526.0,4,598.0
Gottigere,1425.0,3,47.0
Other,1455.0,3,55.0
Other,550.0,1,23.0
Vishveshwarya Layout,7000.0,4,210.0
Other,4000.0,5,130.0
Other,1060.0,2,53.0
HBR Layout,1783.0,3,125.0
Haralur Road,1520.0,3,90.0
Sarjapur  Road,1060.0,2,55.0
Raja Rajeshwari Nagar,1267.0,2,54.35
Whitefield,1155.0,2,55.0
Karuna Nagar,2500.0,3,180.0
Bannerghatta Road,1240.0,2,65.0
Other,1570.0,3,78.0
NGR Layout,1019.0,2,45.9
Whitefield,1355.0,2,76.0
Other,1537.0,3,110.0
Whitefield,4075.0,4,226.0
Raja Rajeshwari Nagar,1550.0,3,52.45
Raja Rajeshwari Nagar,1100.0,2,50.0
Other,1750.0,3,150.0
9th Phase JP Nagar,1466.0,2,71.0
Rachenahalli,1550.0,3,72.5
Akshaya Nagar,2300.0,3,102.0
Kengeri,540.0,1,22.5
8th Phase JP Nagar,950.0,3,130.0
Other,2800.0,7,250.0
Other,1020.0,2,48.0
Cunningham Road,2880.0,3,501.0
Hebbal,1987.0,3,165.0
Hoodi,1305.0,2,75.0
Sarjapur,2100.0,4,125.0
Electronic City,1125.0,2,32.5
Horamavu Banaswadi,1225.0,2,49.5
Hennur,1255.0,2,55.5
Other,1191.0,2,90.0
Uttarahalli,3600.0,6,303.0
Electronic City,1165.0,2,33.64
Other,865.0,2,35.11
Marsur,497.0,2,17.0
Yelahanka,1614.0,3,100.0
Magadi Road,600.0,2,22.0
Thigalarapalya,2072.0,3,155.0
Electronic City,919.0,2,34.0
Other,2100.0,4,90.0
Shampura,672.0,4,54.0
Other,800.0,8,110.0
Marsur,1200.0,3,150.0
Other,2849.0,4,250.0
Other,1000.0,2,42.0
Lingadheeranahalli,2245.0,4,154.0
Bannerghatta Road,1476.0,3,125.0
Ambedkar Nagar,1852.0,3,130.0
Panathur,1597.0,3,67.12
Jakkur,2423.0,3,160.0
Marathahalli,1152.0,2,90.0
Harlur,1762.0,3,133.0
Kammasandra,1400.0,3,92.0
Other,2400.0,6,400.0
Yelahanka,1890.0,3,108.0
Varthur Road,1247.0,3,58.0
1st Block Jayanagar,700.0,8,104.0
HRBR Layout,1000.0,6,275.0
Bellandur,1201.0,2,59.99
Gunjur Palya,830.0,2,40.0
Electronic City Phase II,1165.0,2,30.29
Bommanahalli,1100.0,2,55.0
9th Phase JP Nagar,1890.0,3,93.0
Other,1685.0,3,60.0
Sarakki Nagar,3131.0,4,349.0
Battarahalli,1165.0,2,43.0
Other,827.0,2,45.0
Other,396.0,3,48.0
Uttarahalli,1200.0,4,179.0
Electronics City Phase 1,635.0,1,26.0
Whitefield,4000.0,4,380.0
Other,1050.0,2,50.0
Other,600.0,5,76.0
Jakkur,1819.18,3,168.0
Kanakapura,1500.0,3,125.0
Yelenahalli,1500.0,3,57.0
Benson Town,2850.0,3,470.0
Raja Rajeshwari Nagar,1751.0,3,72.0
Other,4750.0,4,1102.0
Bommasandra,1020.0,2,40.89
Thanisandra,1148.0,2,43.5
Basavangudi,1754.0,6,650.0
Other,4273.0,3,1100.0
Other,1060.0,2,49.27
Haralur Road,1300.0,2,60.0
Hormavu,3000.0,4,100.0
Bellandur,1325.0,2,65.0
Other,1261.0,2,61.0
Ramamurthy Nagar,700.0,2,33.0
7th Phase JP Nagar,1675.0,3,135.0
Other,3400.0,4,190.0
Kodihalli,3260.0,4,388.0
Other,1180.0,2,56.0
Uttarahalli,1160.0,2,45.0
Kasavanhalli,1863.0,4,105.0
Sahakara Nagar,1914.0,3,149.0
BTM Layout,1458.0,3,79.0
Other,1200.0,5,115.0
Babusapalaya,1105.0,2,40.0
Hulimavu,3035.0,3,220.0
Bannerghatta Road,1200.0,6,160.0
Akshaya Nagar,1662.0,3,90.0
Yelahanka,1556.0,3,86.0
Jigani,918.0,2,50.0
Sarjapur  Road,1455.0,3,98.0
Other,1205.0,2,70.0
Other,1194.0,2,65.0
Laggere,1200.0,2,75.0
Bannerghatta Road,1100.0,3,52.0
Sarjapur  Road,1405.0,3,48.87
Subramanyapura,929.0,2,56.0
Frazer Town,3436.0,4,341.0
8th Phase JP Nagar,2100.0,4,92.0
Channasandra,1065.0,2,40.47
Bannerghatta Road,1532.5,3,84.29
Kengeri,1500.0,6,150.0
Other,1200.0,5,99.0
Hormavu,1093.0,2,32.78
Anandapura,1250.0,2,45.0
Marathahalli,1680.0,3,105.0
Nagarbhavi,1146.0,2,50.0
Other,1250.0,2,58.0
Ramagondanahalli,1451.0,3,60.44
Other,1424.0,3,55.0
Gottigere,1435.0,3,62.0
Devanahalli,658.0,1,26.91
Bommanahalli,1300.0,3,45.0
Whitefield,1242.0,2,65.0
Marathahalli,1910.0,3,119.0
Yelahanka,1610.0,3,85.0
Hulimavu,1127.0,2,65.0
Yelahanka,1075.0,3,42.0
Mysore Road,1155.0,2,51.0
Other,1280.0,5,250.0
Other,1250.0,3,55.0
Other,2200.0,3,160.0
Billekahalli,2400.0,3,150.0
Chandapura,876.0,2,29.5
Nagarbhavi,1850.0,3,89.0
Kadugodi,1314.0,2,83.0
Rachenahalli,690.0,1,39.8
Electronic City Phase II,3550.0,4,167.5
Other,1230.0,2,55.0
Bommasandra,920.0,2,37.2
Sarjapur  Road,1850.0,3,140.0
Electronic City,1073.0,2,60.0
Other,1540.0,3,76.0
Kanakpura Road,1550.0,3,63.5
Kalyan nagar,1198.0,2,65.0
HBR Layout,1656.0,3,90.0
Other,1900.0,3,155.0
Ramagondanahalli,1910.0,3,142.0
Mysore Road,1003.0,2,43.0
Other,1286.0,2,48.0
Whitefield,1495.0,3,67.0
Thanisandra,2172.0,3,76.02
Sarakki Nagar,2400.0,4,358.0
Other,1200.0,2,95.0
Whitefield,1548.0,3,65.0
Other,5400.0,7,972.0
Whitefield,2856.0,4,154.5
Hosur Road,1689.0,3,103.0
Electronic City Phase II,1031.0,2,53.0
Other,1060.0,2,37.0
Other,1350.0,4,225.0
Other,1050.0,5,80.0
Hennur Road,1250.0,3,77.88
Other,1100.0,2,110.0
Seegehalli,1420.0,3,46.0
Other,1942.0,3,155.0
Haralur Road,1985.0,3,130.0
Sarjapur  Road,950.0,1,39.9
Green Glen Layout,1752.0,3,105.0
Abbigere,1200.0,4,120.0
Mahalakshmi Layout,1200.0,5,200.0
Old Madras Road,1480.0,3,84.0
Other,600.0,3,81.0
Sarjapur  Road,1826.0,3,130.0
8th Phase JP Nagar,1035.0,2,39.33
Sarjapur  Road,2600.0,4,98.0
Kasavanhalli,1667.0,3,92.0
Thanisandra,934.0,2,55.0
JP Nagar,1286.0,3,69.34
Mahadevpura,1620.0,3,76.0
Electronic City,1070.0,2,47.0
Hosur Road,3600.0,5,180.0
Uttarahalli,1280.0,3,60.0
Other,1400.0,2,60.0
Vishveshwarya Layout,1200.0,7,180.0
Other,1330.0,2,64.0
Electronic City Phase II,1611.0,3,48.33
Whitefield,1405.0,3,58.0
Other,1515.0,3,90.0
Thigalarapalya,1830.0,3,150.0
Kaggadasapura,1710.0,3,60.0
BTM Layout,935.0,2,51.5
Jakkur,2197.0,3,136.0
TC Palaya,600.0,4,65.0
Yeshwanthpur,1678.0,3,92.13
Brookefield,1410.0,3,80.0
Jakkur,1125.0,2,65.0
Magadi Road,1191.0,3,55.38
Thubarahalli,1200.0,2,79.0
CV Raman Nagar,1525.0,3,67.0
Seegehalli,920.0,2,27.0
Yelahanka,651.0,1,17.5
Chikkabanavar,600.0,2,25.0
Thanisandra,1185.0,2,44.0
Electronics City Phase 1,1190.0,2,68.0
Other,1286.0,2,200.0
Whitefield,2856.0,4,158.5
Whitefield,1355.0,2,73.0
KR Puram,1200.0,2,65.0
Kundalahalli,7000.0,4,550.0
Ramamurthy Nagar,1200.0,6,110.0
Yelahanka New Town,500.0,1,24.0
Bommasandra Industrial Area,1250.0,3,50.0
Uttarahalli,1480.0,3,58.0
Ambalipura,3300.0,4,329.0
KR Puram,1583.0,3,70.445
Other,1206.0,2,53.0
Rajaji Nagar,1357.0,2,130.0
Hosakerehalli,925.0,2,46.5
8th Phase JP Nagar,909.0,2,40.9
Seegehalli,3000.0,3,335.0
Brookefield,1100.0,2,55.0
Malleshwaram,3000.0,4,815.0
Raja Rajeshwari Nagar,1306.0,2,44.17
Kalena Agrahara,610.0,1,39.0
Yelahanka,1484.0,3,56.4
Ramamurthy Nagar,1125.0,2,47.0
Whitefield,2882.0,4,158.0
Vidyaranyapura,750.0,4,88.0
Kundalahalli,2075.0,3,115.0
Horamavu Banaswadi,1272.0,2,51.5
Banashankari Stage II,1050.0,4,125.0
Other,625.0,2,24.0
1st Phase JP Nagar,840.0,1,50.0
Hennur Road,2502.0,4,180.0
Rayasandra,583.0,1,26.9
Gunjur Palya,900.0,2,27.0
Kanakapura,2200.0,3,121.0
Whitefield,750.0,1,51.0
Marathahalli,1600.0,3,58.0
Chikkalasandra,1365.0,3,49.0
Other,1300.0,3,64.0
Other,1200.0,1,69.0
Hormavu,1260.0,2,35.0
Electronics City Phase 1,1190.0,2,33.92
Hosakerehalli,2480.0,3,260.0
Vishwapriya Layout,1250.0,3,38.0
Kaggadasapura,1500.0,3,75.0
Banashankari Stage V,1510.0,3,47.57
7th Phase JP Nagar,1187.0,2,59.0
Kundalahalli,1120.0,2,53.76
Whitefield,1115.0,2,34.555
Dodsworth Layout,1717.0,3,99.0
Other,2099.0,3,95.0
Kasturi Nagar,1100.0,2,58.0
Other,1200.0,1,48.0
Bannerghatta Road,1465.0,3,45.87
Kothanur,1500.0,1,75.0
Other,4050.0,5,600.0
Haralur Road,1255.0,3,90.0
5th Phase JP Nagar,1220.0,2,88.0
Electronic City Phase II,1065.0,2,30.88
Sultan Palaya,1765.0,3,80.0
Bellandur,1281.0,2,87.0
Electronic City,1210.0,2,25.0
Kaggadasapura,1215.0,2,43.0
Ananth Nagar,1200.0,4,87.0
Mysore Road,1237.0,2,73.0
Lakshminarayana Pura,1300.0,2,70.0
Whitefield,1105.0,2,39.99
Chandapura,1505.0,3,42.0
Hebbal Kempapura,3900.0,4,310.0
Banashankari,1186.0,2,65.0
Other,900.0,4,51.0
Kengeri,750.0,2,35.5
Varthur,1083.0,2,28.0
Thanisandra,1056.0,2,68.0
Other,2108.0,3,85.0
Banashankari,1650.0,3,101.0
Electronic City Phase II,1220.0,3,36.6
Rayasandra,1198.0,2,54.0
Other,1190.0,2,70.0
Other,900.0,2,41.0
Other,2690.0,4,185.0
Kanakapura,1340.0,2,65.0
Bommenahalli,2940.0,4,2250.0
Giri Nagar,2400.0,6,400.0
Whitefield,2324.0,2,26.73
Yelahanka,1260.0,2,59.2
Talaghattapura,2254.0,3,153.0
Old Madras Road,2990.0,3,210.0
Other,1800.0,4,250.0
JP Nagar,820.0,2,45.0
Electronic City,1296.0,2,65.0
Uttarahalli,1190.0,2,53.55
Whitefield,1173.0,2,77.0
Sarjapura - Attibele Road,1800.0,3,90.0
Yelahanka,1102.0,2,52.0
Sarjapur,913.0,2,36.0
Hormavu,1176.0,3,35.27
Prithvi Layout,1620.0,3,65.0
Billekahalli,2968.0,3,225.0
Yelahanka,1519.0,2,65.0
Dodsworth Layout,1594.0,3,99.0
Other,1250.0,2,68.0
Haralur Road,1056.0,2,60.0
Whitefield,1200.0,3,68.4
Other,1290.0,2,77.5
Other,1150.0,2,48.0
Other,1464.0,2,145.0
Anekal,1200.0,4,36.0
Gollarapalya Hosahalli,861.0,2,36.5
Kundalahalli,1047.0,2,82.62
Other,1200.0,10,190.0
Other,1065.0,2,45.0
Rajaji Nagar,2300.0,3,369.0
Ramamurthy Nagar,1000.0,2,62.0
Lingadheeranahalli,1682.0,3,113.0
Harlur,1756.0,3,131.0
Other,4000.0,5,1000.0
Other,1050.0,4,90.0
Vittasandra,1238.0,2,67.32
Dasanapura,814.0,2,42.0
Dodda Nekkundi,1145.0,2,46.5
Varthur,965.0,2,34.0
Other,750.0,2,36.0
Banashankari,1300.0,3,55.0
1st Phase JP Nagar,1590.0,3,131.0
Begur Road,644.0,1,40.0
Whitefield,982.0,2,37.0
Indira Nagar,1260.0,2,100.0
Rayasandra,1555.0,3,75.17
Other,2500.0,4,450.0
Kaggadasapura,1225.0,2,48.0
Electronics City Phase 1,1085.0,2,46.0
Rajaji Nagar,1640.0,3,220.0
Thanisandra,1595.0,3,110.0
Raja Rajeshwari Nagar,1196.0,2,40.44
Yelahanka,1859.0,3,108.0
9th Phase JP Nagar,1079.0,2,60.0
Shivaji Nagar,550.0,2,27.0
Whitefield,1118.0,2,42.0
CV Raman Nagar,1198.0,2,60.0
Chandapura,1162.5,3,30.215
Thigalarapalya,1830.0,3,135.0
Banashankari Stage VI,1160.0,2,59.0
Other,1485.0,3,156.0
Other,2070.0,3,135.0
Basaveshwara Nagar,750.0,6,150.0
Kannamangala,957.0,2,52.5
Basaveshwara Nagar,2400.0,5,310.0
Bannerghatta Road,1268.0,2,69.0
Bannerghatta Road,1450.0,3,87.0
Uttarahalli,1330.0,3,57.0
Jakkur,1355.0,3,65.0
Other,1100.0,2,38.49
Chikkalasandra,1075.0,2,46.76
Other,800.0,2,55.0
Other,900.0,2,44.0
Haralur Road,1140.0,2,42.0
Ganga Nagar,1480.0,3,125.0
Padmanabhanagar,1710.0,3,90.63
Talaghattapura,2106.0,3,148.0
Yeshwanthpur,2400.0,9,270.0
Other,3800.0,3,130.0
Other,800.0,3,120.0
Marathahalli,1602.0,2,104.0
Sarjapur  Road,1660.0,3,116.0
Electronic City Phase II,1549.0,3,80.0
Marathahalli,700.0,1,38.0
Balagere,1012.0,2,64.0
Whitefield,1216.0,2,69.0
Electronic City Phase II,1065.0,2,56.13
Thanisandra,1411.0,3,93.15
Pai Layout,1400.0,2,57.5
Hoskote,1250.0,3,29.0
Haralur Road,1245.0,2,62.0
Vidyaranyapura,1000.0,2,35.0
Panathur,1580.0,3,71.89
Subramanyapura,1800.0,3,90.0
Other,1500.0,2,130.0
Kothannur,1275.0,3,44.0
Kasavanhalli,1494.0,3,82.0
Bhoganhalli,1949.0,3,129.0
BTM Layout,1020.0,2,46.5
Mysore Road,883.0,2,45.0
Old Airport Road,3200.0,4,280.0
Uttarahalli,1680.0,6,125.0
Mysore Road,2232.0,12,300.0
Other,2010.0,3,125.0
Yeshwanthpur,1240.0,2,80.0
6th Phase JP Nagar,1213.0,2,63.0
Hegde Nagar,1835.0,3,88.0
Hoskote,1800.0,9,185.0
Bannerghatta Road,2932.0,4,195.0
Whitefield,3425.0,4,250.0
Gottigere,945.0,2,45.0
Other,1504.0,3,100.0
Lakshminarayana Pura,1569.0,3,150.0
Harlur,1755.0,3,130.0
Vijayanagar,1760.0,3,140.0
Hoodi,1240.0,2,43.94
Electronics City Phase 1,1450.0,3,72.54
5th Phase JP Nagar,1000.0,2,48.0
Shivaji Nagar,3820.0,1,306.0
Thyagaraja Nagar,2000.0,5,145.0
Choodasandra,1215.0,2,59.0
Other,1286.0,5,550.0
Yelachenahalli,1330.0,3,73.5
Raja Rajeshwari Nagar,1178.0,2,75.0
Hulimavu,1500.0,4,192.0
Other,2040.0,2,59.0
Bellandur,2000.0,3,85.0
Other,1602.0,3,165.0
Other,1200.0,4,130.0
Other,1800.0,3,220.0
Dasarahalli,2400.0,3,152.0
Sarjapur  Road,1700.0,3,108.0
Jigani,1200.0,3,65.0
Other,1500.0,3,72.0
Karuna Nagar,1240.0,3,165.0
Whitefield,3000.0,3,400.0
Kanakpura Road,1737.0,3,85.0
Other,1280.0,3,48.0
CV Raman Nagar,1560.0,2,85.0
Kambipura,883.0,2,44.0
Kengeri Satellite Town,750.0,2,33.0
Brookefield,2400.0,4,140.0
Hormavu,1030.0,2,49.35
7th Phase JP Nagar,1850.0,3,155.0
Hennur Road,1831.0,3,110.0
Other,1095.0,2,38.33
Sarjapur  Road,1272.5,3,40.72
7th Phase JP Nagar,1000.0,2,61.0
Budigere,1820.0,3,85.4
Bisuvanahalli,1075.0,3,41.0
TC Palaya,1500.0,3,83.0
Electronics City Phase 1,360.0,1,16.9
Kadugodi,925.0,1,40.7
Electronic City,1140.0,2,70.93
Other,1145.0,2,58.4
Other,1862.0,3,120.0
 Devarachikkanahalli,947.0,2,43.0
Other,1286.0,4,211.0
Other,700.0,3,195.0
Kalena Agrahara,1120.0,2,40.0
Other,2700.0,3,200.0
Kaggadasapura,1805.0,3,75.0
Basavangudi,1100.0,2,93.0
Bommenahalli,1355.0,4,135.0
Other,1677.0,3,98.0
Other,2500.0,8,95.0
Uttarahalli,1560.0,3,74.0
Arekere,2060.0,3,150.0
Koramangala,1716.0,3,115.0
Harlur,1864.0,3,140.0
Electronics City Phase 1,638.0,1,32.0
Other,1200.0,9,95.0
Kodigehalli,1150.0,8,170.0
Chandapura,937.0,2,30.0
Other,1490.0,3,115.0
Frazer Town,4856.0,4,410.0
Whitefield,4003.0,4,525.0
Whitefield,1100.0,2,37.0
Thigalarapalya,1000.0,2,48.53
Horamavu Agara,1060.0,2,37.0
Kundalahalli,1047.0,2,91.0
Basaveshwara Nagar,1200.0,2,80.0
Akshaya Nagar,1420.0,3,75.0
Sarjapur  Road,1539.0,3,85.0
Other,1550.0,3,59.0
Kasavanhalli,1555.0,3,82.0
Other,600.0,7,138.0
Seegehalli,1553.0,3,68.0
Electronic City Phase II,920.0,2,26.0
Other,1740.0,3,120.0
OMBR Layout,1855.0,3,145.0
Kundalahalli,1724.0,3,146.0
Other,1020.0,2,60.0
Banaswadi,1000.0,6,150.0
Uttarahalli,1250.0,3,50.0
Sanjay nagar,1450.0,3,75.0
Thubarahalli,1200.0,2,80.0
Haralur Road,1140.0,2,58.0
Hoskote,900.0,5,110.0
Other,550.0,1,16.0
Bannerghatta Road,1450.0,3,44.0
Jigani,1500.0,2,25.49
Kanakpura Road,700.0,2,35.07
Whitefield,1200.0,3,56.0
Yelahanka,1050.0,2,45.0
Somasundara Palya,1600.0,3,69.0
Bannerghatta Road,1625.0,3,75.0
Other,1492.0,2,65.0
Whitefield,2856.0,4,157.5
Sarjapur  Road,1489.0,3,82.0
Kanakapura,1560.0,3,62.38
Other,1431.0,3,65.0
Lingadheeranahalli,1682.0,3,114.0
Panathur,1198.0,2,86.26
Other,3664.0,3,325.0
Sarjapur  Road,1550.0,3,69.75
Kodichikkanahalli,1026.0,2,45.0
Hennur,1260.0,3,52.0
Other,690.0,2,42.0
Sarjapur  Road,539.0,1,45.0
Sarakki Nagar,1200.0,4,85.0
Attibele,2400.0,3,120.0
Thubarahalli,1200.0,2,79.55
Kundalahalli,2500.0,4,350.0
Sarjapur  Road,1186.0,3,40.0
Thanisandra,1039.0,2,39.5
Other,1500.0,4,233.0
Gottigere,1500.0,5,100.0
Malleshwaram,2520.0,3,150.0
Brookefield,1225.0,2,66.5
Bommanahalli,1350.0,2,72.0
Other,1030.0,2,300.0
Whitefield,1550.0,3,49.6
Hoodi,1490.0,3,79.0
Other,1520.0,3,111.0
Whitefield,4100.0,4,550.0
Other,1391.0,3,64.5
Rachenahalli,1200.0,2,50.0
Other,1200.0,4,86.0
Other,2500.0,5,500.0
Yelahanka,1322.0,2,80.0
Whitefield,2173.0,3,128.0
Sarjapur  Road,1200.0,2,75.0
Thubarahalli,1200.0,2,47.0
Mysore Road,1170.0,2,65.0
NRI Layout,1125.0,2,45.56
Devanahalli,698.5,1,28.57
Other,1250.0,2,90.0
Yelahanka,1075.0,3,36.0
Other,1900.0,3,190.0
Whitefield,1435.0,3,45.0
Electronics City Phase 1,1175.0,2,64.98
Other,900.0,2,33.0
Electronics City Phase 1,585.0,1,21.0
Jigani,3170.0,4,230.0
Other,1602.0,3,170.0
Thanisandra,1220.0,2,42.0
Rajaji Nagar,2500.0,3,350.0
Sarjapur  Road,2145.0,3,180.0
Bannerghatta Road,960.0,2,58.0
NGR Layout,907.0,1,38.0
Old Madras Road,1210.0,2,74.0
Kammanahalli,900.0,4,150.0
Other,1230.0,2,70.0
5th Phase JP Nagar,1350.0,3,75.0
Kenchenahalli,1150.0,2,58.0
Sarjapur,1404.0,3,53.35
OMBR Layout,1050.0,2,48.0
Kothanur,1020.0,8,155.0
Yelahanka,1285.0,2,56.0
Hormavu,1018.0,2,50.8
Hoskote,1200.0,3,57.0
Other,1600.0,3,95.0
9th Phase JP Nagar,1480.0,2,80.0
Kodichikkanahalli,2500.0,5,125.0
Kaval Byrasandra,480.0,1,25.0
Akshaya Nagar,1435.0,3,53.0
Other,450.0,1,60.0
Other,600.0,1,23.0
CV Raman Nagar,1590.0,3,85.0
Hoskote,1730.0,2,28.545
Nagavara,936.0,2,40.2
Banashankari,1181.0,2,75.0
Kengeri,1741.0,3,80.0
JP Nagar,1750.0,3,123.0
Varthur Road,1050.0,2,42.7
Tumkur Road,1027.0,2,60.0
Other,596.0,2,22.0
Other,3463.0,4,310.0
Sector 2 HSR Layout,1600.0,3,70.0
Sahakara Nagar,1000.0,2,60.0
Varthur,1120.0,2,44.24
Kasturi Nagar,1570.0,3,110.0
Koramangala,1500.0,3,135.0
Frazer Town,1315.0,2,140.0
Electronic City Phase II,1140.0,2,33.84
Banashankari,1105.0,2,90.0
Electronic City,1200.0,2,34.65
Whitefield,905.0,1,62.0
HSR Layout,2400.0,4,350.0
Kudlu Gate,1185.0,2,50.0
Koramangala,1083.0,2,100.0
Rayasandra,1458.0,3,60.0
Hormavu,1555.0,3,75.0
Other,1200.0,2,45.0
Sarjapur  Road,1308.0,2,58.86
Kudlu,1024.0,2,44.0
Kanakapura,1450.0,3,75.0
Seegehalli,1639.0,3,120.0
Hennur Road,1232.0,2,87.0
Kasavanhalli,1719.0,3,184.0
Other,2000.0,3,130.0
Jakkur,1230.0,2,79.0
Other,1350.0,4,140.0
KR Puram,1076.0,2,67.0
Kumaraswami Layout,2400.0,7,125.0
Other,995.0,3,34.82
Kodigehaali,2120.0,3,177.0
Other,2400.0,6,460.0
Other,850.0,6,78.0
Electronic City,1096.0,2,40.55
Horamavu Agara,1107.83,2,41.51
Chamrajpet,505.0,1,85.0
Sarjapur  Road,1320.0,2,115.0
8th Phase JP Nagar,1431.5,3,72.02
Whitefield,1320.0,2,99.26
Whitefield,2901.0,3,190.0
GM Palaya,1315.0,3,65.0
Other,1000.0,2,44.0
Hosakerehalli,1596.0,3,79.8
Bannerghatta Road,1750.0,3,130.0
Whitefield,2403.0,4,270.0
Old Madras Road,1350.0,3,47.25
Old Madras Road,4062.5,4,341.0
Other,1175.0,2,79.0
Talaghattapura,921.0,2,29.47
Malleshwaram,4000.0,4,1100.0
Sultan Palaya,1713.0,3,125.0
Other,1200.0,2,43.0
8th Phase JP Nagar,1900.0,3,90.0
Kudlu Gate,1664.0,3,68.0
Binny Pete,1795.0,3,139.0
Kereguddadahalli,600.0,1,19.5
Hoodi,1240.0,2,65.0
Hegde Nagar,1965.0,3,132.0
Vishveshwarya Layout,600.0,3,99.0
Sarjapur,4111.0,4,370.0
Electronics City Phase 1,1200.0,2,59.76
Ganga Nagar,1112.0,2,68.0
Raja Rajeshwari Nagar,3000.0,3,60.0
Mahadevpura,1136.0,2,64.5
Jigani,914.0,2,55.0
Rachenahalli,1050.0,2,47.25
Marathahalli,1385.0,3,68.5
Other,990.0,2,35.0
Yelahanka,845.0,2,43.0
Whitefield,1485.0,2,96.51
Kanakapura,1460.0,3,43.79
Thanisandra,1450.0,2,57.0
HSR Layout,1360.0,3,53.0
Singasandra,1375.0,2,58.0
Uttarahalli,1125.0,2,48.0
Banashankari,720.0,1,60.0
7th Phase JP Nagar,1460.0,3,100.0
Other,1107.0,2,40.0
Other,1158.0,2,75.0
Yelachenahalli,800.0,2,30.0
Sector 2 HSR Layout,600.0,9,90.0
Bhoganhalli,1760.0,3,128.0
Other,3200.0,4,200.0
HAL 2nd Stage,600.0,2,145.0
TC Palaya,1350.0,3,60.0
Giri Nagar,600.0,6,100.0
Other,1125.0,2,32.49
Frazer Town,1706.0,3,154.0
BTM Layout,1600.0,3,112.0
Other,1200.0,2,90.0
Whitefield,1755.0,3,101.0
Hulimavu,1200.0,2,50.0
Other,1200.0,2,67.0
Other,1266.67,2,69.0
Sector 7 HSR Layout,1200.0,3,275.0
Other,800.0,3,60.0
Whitefield,4800.0,4,550.0
Mysore Road,1029.5,2,50.855
Raja Rajeshwari Nagar,1128.0,2,40.0
Other,2000.0,2,160.0
Panathur,1210.0,2,80.0
Arekere,2710.0,4,142.0
Raja Rajeshwari Nagar,1151.0,2,39.0
Rajaji Nagar,7500.0,5,1700.0
Electronic City,1017.0,2,27.0
Sarjapur  Road,920.0,2,40.0
HRBR Layout,1200.0,4,180.0
Other,1000.0,5,140.0
Munnekollal,1750.0,3,86.5
Dasanapura,1163.0,2,65.0
Other,1800.0,3,95.0
CV Raman Nagar,1100.0,2,58.0
R.T. Nagar,1200.0,2,60.0
Ganga Nagar,1410.0,3,65.0
Begur Road,1933.0,3,98.0
Begur Road,1200.0,2,45.6
Whitefield,1608.0,3,63.0
Other,2679.0,4,280.0
Horamavu Banaswadi,1156.0,2,46.9
Other,1230.0,2,75.0
Kasavanhalli,770.0,1,43.82
Ardendale,1777.26,3,105.0
Kanakpura Road,1339.0,2,85.0
Sarjapur  Road,3044.0,3,183.0
Other,1080.0,2,44.8
Other,3150.0,8,145.0
Other,2400.0,2,135.0
Hulimavu,1450.0,3,72.0
Kothanur,1075.0,2,53.0
Sarjapur  Road,1163.0,3,62.0
Other,1200.0,8,135.0
Marathahalli,3090.0,4,325.0
Hebbal,1299.0,2,100.0
HRBR Layout,1170.0,2,75.0
JP Nagar,2195.0,3,152.0
Yelahanka,2600.0,4,175.0
KR Puram,1140.0,2,43.32
Kanakpura Road,1900.0,3,125.0
Electronic City,1110.0,2,39.95
HBR Layout,1089.0,2,60.0
Other,880.0,2,48.0
Kereguddadahalli,1080.0,2,32.0
Thanisandra,1093.0,2,68.1
Banashankari Stage III,1480.0,3,75.48
Hegde Nagar,1703.0,3,125.0
Hebbal,1200.0,2,60.0
Marathahalli,1690.0,3,116.0
Yelahanka,1305.0,2,78.0
Talaghattapura,1257.0,3,40.22
Other,1150.0,2,45.0
Other,1194.0,2,55.0
Other,2000.0,3,90.0
Anekal,1500.0,3,99.0
Other,1025.0,2,42.5
Horamavu Agara,980.0,2,38.19
Hosakerehalli,1200.0,3,100.0
Whitefield,2225.0,3,149.0
Other,1022.0,2,57.0
Other,882.0,4,72.0
Other,1153.0,2,45.0
Pai Layout,1175.0,2,60.0
Vidyaranyapura,1560.0,3,68.0
Yelahanka New Town,650.0,1,17.0
Other,600.0,3,65.0
Billekahalli,1350.0,2,55.0
Other,1200.0,2,76.0
Chandapura,800.0,2,25.0
Electronic City,2093.0,4,104.0
Bannerghatta Road,1275.0,2,73.0
Begur Road,1215.0,2,43.13
Begur Road,1444.0,3,71.5
Other,950.0,2,38.0
Padmanabhanagar,1000.0,2,90.0
Banashankari Stage II,1240.0,3,59.52
2nd Stage Nagarbhavi,600.0,4,125.0
Hennur,1231.0,2,50.0
Benson Town,1300.0,2,120.0
Yeshwanthpur,1713.0,3,110.0
Sarjapur  Road,3004.0,3,158.0
Sonnenahalli,1310.0,3,46.0
Jalahalli,790.0,2,49.5
Koramangala,1744.0,3,200.0
Other,1605.0,3,100.0
Whitefield,1250.0,2,82.0
Malleshwaram,2476.0,3,337.0
Subramanyapura,1260.0,3,76.0
Rajaji Nagar,1615.0,3,175.0
Yelahanka,1180.0,2,56.0
Uttarahalli,1255.0,3,50.19
Electronic City,1025.0,2,53.9
Sarjapur  Road,1877.0,3,150.0
Lakshminarayana Pura,1649.0,3,150.0
5th Block Hbr Layout,2600.0,9,675.0
Hennur,2500.0,5,125.0
Other,1542.0,3,98.0
Other,1012.0,2,42.0
Chandapura,1200.0,2,65.0
Sarjapur  Road,1115.0,2,43.0
Green Glen Layout,1680.0,3,95.0
Old Madras Road,1171.0,2,72.0
Tumkur Road,1027.0,2,68.62
Shampura,1700.0,3,75.0
Kanakapura,1090.0,2,38.15
Hennur Road,1232.0,2,74.0
Anekal,766.0,2,28.0
Banashankari Stage III,1200.0,5,180.0
Hosa Road,1286.0,3,109.0
JP Nagar,1452.0,3,41.0
Choodasandra,1254.0,3,65.0
Other,3600.0,5,110.0
Kanakpura Road,1593.0,3,118.0
Other,1333.0,2,77.27
Other,1100.0,3,110.0
Raja Rajeshwari Nagar,1375.0,3,54.99
Ardendale,1650.0,3,82.0
Thanisandra,1430.0,3,51.48
Electronic City,940.0,2,54.0
Electronic City,435.0,1,21.0
Begur Road,1160.0,2,36.54
Electronic City,1500.0,3,77.5
Koramangala,1890.0,3,100.0
Other,1050.0,2,70.0
Singasandra,1200.0,6,220.0
Haralur Road,1027.0,2,43.0
Whitefield,1495.0,3,61.28
Seegehalli,3000.0,3,235.0
Tumkur Road,1459.0,3,95.0
Yelahanka,1711.0,3,85.61
Hoodi,1250.0,2,98.0
Anandapura,875.0,2,57.0
Ramamurthy Nagar,1334.0,2,67.0
Other,1140.0,2,32.92
Amruthahalli,1200.0,3,200.0
Rajaji Nagar,1776.0,3,190.0
Thigalarapalya,2072.0,3,160.0
Kundalahalli,1600.0,3,170.0
Other,1200.0,6,115.0
Kengeri Satellite Town,920.0,2,39.0
Chandapura,778.0,2,25.29
Nagasandra,1310.0,4,95.0
Electronic City,1631.0,3,80.0
Kanakpura Road,525.0,1,27.5
Jalahalli,1395.0,3,82.0
Other,2000.0,3,105.0
Hennur Road,1232.0,2,66.0
Other,1075.0,2,55.0
Gubbalala,1205.0,2,70.0
Rayasandra,1179.0,3,55.0
Kodigehaali,1013.0,2,51.0
Uttarahalli,1160.0,2,40.6
Thyagaraja Nagar,1286.0,8,290.0
7th Phase JP Nagar,1200.0,2,62.5
Other,1200.0,7,80.0
Other,1100.0,3,145.0
Other,1200.0,3,99.0
Kudlu Gate,1400.0,1,285.0
Marathahalli,1065.0,2,55.0
Lakshminarayana Pura,1395.0,2,75.0
Hebbal Kempapura,1725.0,3,165.0
Kengeri,1436.0,3,55.0
Other,4250.0,6,150.0
Mysore Road,940.0,2,43.61
KR Puram,4300.0,6,175.0
Hebbal,2850.0,3,343.0
Indira Nagar,1740.0,3,191.0
Sadashiva Nagar,3761.0,3,650.0
Dodda Nekkundi,1829.0,3,125.0
Whitefield,1800.0,4,178.0
Other,1000.0,2,60.0
Other,5720.0,3,350.0
Other,675.0,2,15.0
Hebbal,1390.0,2,95.0
Lakshminarayana Pura,1500.0,3,104.0
Vijayanagar,2047.0,3,136.0
Jakkur,1202.0,2,79.0
Gunjur,2132.0,3,80.0
Raja Rajeshwari Nagar,1350.0,4,340.0
Whitefield,605.0,1,40.0
Harlur,1331.0,2,88.0
Margondanahalli,1200.0,2,69.0
Other,1150.0,2,250.0
Sahakara Nagar,1200.0,2,136.0
Other,1800.0,2,300.0
Kammanahalli,600.0,3,50.0
Other,1280.0,3,49.0
Balagere,1007.0,2,62.0
Thanisandra,1370.0,3,61.0
Kalkere,925.0,2,35.0
TC Palaya,1500.0,2,75.0
Attibele,450.0,1,12.5
Hennur Road,1341.0,2,95.0
Other,1350.0,3,47.25
Tumkur Road,992.0,2,60.0
Uttarahalli,1163.0,2,68.0
Sarjapur  Road,1229.0,2,70.0
Other,600.0,2,39.0
Electronic City Phase II,1219.0,2,61.26
Raja Rajeshwari Nagar,1525.0,3,99.13
Kasavanhalli,1147.0,2,60.0
Akshaya Nagar,1412.0,3,88.0
Munnekollal,1200.0,9,215.0
Sarjapur  Road,1044.0,2,34.77
Nagarbhavi,1190.0,2,63.0
Other,1240.0,3,65.0
Jigani,1352.0,3,65.0
Uttarahalli,1330.0,3,39.9
Other,1700.0,3,111.0
Electronic City,1355.0,2,67.0
Ramamurthy Nagar,1200.0,2,46.0
Kengeri,400.0,1,25.0
Sarjapur  Road,1342.0,2,70.0
Begur Road,1615.0,3,50.87
Other,1340.0,2,65.0
Yeshwanthpur,400.0,1,55.0
Devanahalli,1080.0,2,52.0
Other,1600.0,2,31.0
Electronic City,1200.0,2,34.0
Hennur Road,2700.0,3,150.0
Other,1780.0,3,110.0
Amruthahalli,1605.0,3,65.0
Ulsoor,7200.0,4,1584.0
Other,646.0,3,65.0
Kammanahalli,1200.0,2,80.0
Margondanahalli,900.0,2,49.0
Sarjapur,1830.0,3,88.0
Vishwapriya Layout,690.0,5,83.0
Other,650.0,1,500.0
Other,1800.0,5,68.0
Chandapura,715.0,3,32.0
Chandapura,1230.0,3,31.37
Uttarahalli,1065.0,2,42.59
Other,1350.0,8,185.0
Other,1080.0,3,149.0
Other,900.0,3,65.0
Other,946.0,2,45.0
Laggere,1500.0,1,60.0
Sarjapur  Road,1711.0,3,110.0
Other,1200.0,4,160.0
Chandapura,950.0,2,25.65
Kudlu Gate,1656.0,3,80.0
Uttarahalli,1075.0,2,46.76
Harlur,1752.12,3,133.0
Hebbal,6000.0,8,220.0
6th Phase JP Nagar,600.0,4,125.0
LB Shastri Nagar,665.0,1,32.0
Sector 2 HSR Layout,1665.0,3,110.0
Electronics City Phase 1,1145.0,2,54.0
Whitefield,1185.0,2,41.0
Other,1200.0,3,190.0
Marathahalli,1693.0,3,125.0
Other,2456.0,3,220.0
Rajaji Nagar,2559.0,3,403.0
Uttarahalli,1155.0,2,40.6
Other,1610.0,3,64.4
Whitefield,1200.0,3,56.58
Other,1530.0,2,185.0
EPIP Zone,1709.0,3,80.0
Amruthahalli,600.0,4,60.0
Brookefield,2700.0,8,290.0
Other,840.0,1,150.0
Gottigere,1400.0,3,50.0
KR Puram,1200.0,2,42.0
Other,1439.0,3,57.23
Kasavanhalli,1375.0,2,72.0
BTM 2nd Stage,2990.0,5,416.0
Vijayanagar,1200.0,3,75.0
Yelahanka,1315.0,2,75.0
Dommasandra,1500.0,2,40.0
Yelahanka,3600.0,6,200.0
Vijayanagar,1178.0,2,82.0
Bannerghatta Road,1430.0,3,59.0
Mahadevpura,1400.0,3,65.8
Thanisandra,1093.0,2,72.0
Horamavu Banaswadi,1200.0,2,45.0
Magadi Road,5000.0,5,360.0
1st Block Jayanagar,1200.0,3,130.0
Whitefield,2210.0,3,156.0
Uttarahalli,1150.0,2,70.0
Other,1435.0,3,60.0
Other,600.0,4,100.0
Whitefield,1173.0,2,78.2
Thanisandra,1140.0,2,39.0
Other,1717.0,3,120.0
Mallasandra,1325.0,2,65.0
Hoodi,1370.0,3,67.0
Electronics City Phase 1,1025.0,2,90.0
Other,1409.0,3,62.0
Bellandur,1200.0,2,52.0
Thanisandra,1200.0,2,53.5
Whitefield,1740.0,3,130.0
Hennur Road,1232.0,2,88.0
Whitefield,5924.0,4,625.0
Other,1250.0,2,50.0
Other,1475.0,2,171.0
Bommanahalli,2100.0,4,85.0
5th Phase JP Nagar,552.0,1,23.5
Uttarahalli,1065.0,3,42.59
Hennur,1000.0,3,130.0
Other,1225.0,2,65.0
Other,650.0,1,16.0
Padmanabhanagar,1067.0,2,52.0
Sarjapur,1364.0,3,56.0
Other,1750.0,3,75.0
Bannerghatta Road,1240.0,2,71.0
Hulimavu,1200.0,2,75.0
Kaggadasapura,1540.0,3,75.0
Other,1504.0,3,102.0
Other,1116.0,2,49.8
Hennur Road,2365.0,3,175.0
Sarjapura - Attibele Road,1308.0,2,37.0
Vijayanagar,864.0,2,45.0
Vidyaranyapura,1200.0,5,139.0
Hoskote,1069.0,3,38.0
Hebbal,1333.0,2,100.0
Other,1800.0,4,145.0
Devanahalli,6136.0,4,550.0
Thanisandra,1698.0,3,107.0
JP Nagar,1275.0,3,43.6
Raja Rajeshwari Nagar,1060.0,2,48.0
Hennur,1160.0,2,49.0
Sarjapur  Road,1484.0,3,65.0
Hosa Road,675.0,3,70.0
Other,1200.0,3,325.0
Hennur Road,1310.0,2,66.0
Vijayanagar,1806.0,6,370.0
Varthur,2145.0,3,165.0
Jigani,1230.0,3,60.0
Devanahalli,1200.0,3,145.0
Bommasandra Industrial Area,1310.0,3,37.83
Other,1150.0,2,60.0
Munnekollal,1385.0,3,66.5
Tumkur Road,1066.0,2,52.5
Thanisandra,2293.0,3,80.26
Tindlu,720.0,3,81.0
Other,1625.0,3,92.0
Vijayanagar,2100.0,4,252.0
Other,2400.0,4,250.0
Raja Rajeshwari Nagar,3900.0,6,195.0
7th Phase JP Nagar,1000.0,2,70.65
Nagavarapalya,907.0,2,38.0
Ulsoor,3500.0,4,138.0
Varthur,1395.0,3,79.0
Other,1180.0,2,50.0
Banaswadi,1903.0,5,140.0
Electronic City,1175.0,2,47.0
Other,1272.0,2,51.5
Other,1490.0,3,92.0
Yeshwanthpur,1144.0,2,67.0
Other,2400.0,4,140.0
Hormavu,1143.0,2,53.0
Karuna Nagar,2500.0,3,190.0
Other,1044.0,2,60.0
Prithvi Layout,1352.0,2,93.0
Hennur Road,1552.0,3,75.0
Bellandur,1785.0,3,120.0
Pai Layout,810.0,2,34.5
Banashankari Stage V,1650.0,3,51.98
Other,1595.0,3,70.39
Whitefield,1060.0,2,35.0
Babusapalaya,1410.0,3,65.0
Nagarbhavi,1523.0,3,56.0
Kanakpura Road,1591.0,3,122.0
Other,1640.0,3,84.0
Yelahanka New Town,450.0,1,16.0
Bannerghatta Road,1305.0,3,60.0
Kaggadasapura,1240.0,2,45.0
Dodda Nekkundi,1100.0,2,41.16
Koramangala,1180.0,2,128.0
Other,1567.2,3,190.0
Channasandra,1310.0,3,45.0
Yelahanka,26136.0,1,150.0
Other,959.0,2,42.5
8th Phase JP Nagar,1200.0,4,140.0
Yelahanka,1390.0,2,70.21
Hulimavu,1286.0,2,46.0
Kenchenahalli,1280.0,3,69.0
Other,1280.0,7,150.0
Kasturi Nagar,1000.0,2,58.0
Marathahalli,1196.0,2,57.9
Sarjapur  Road,1220.0,3,57.0
Ambalipura,950.0,2,31.95
Other,2400.0,9,325.0
Other,1141.0,2,55.0
5th Phase JP Nagar,1200.0,2,51.0
Kasavanhalli,1380.0,3,55.0
Doddathoguru,855.0,2,32.0
Chandapura,922.0,2,36.0
Nagappa Reddy Layout,1200.0,2,43.2
7th Phase JP Nagar,1070.0,2,42.0
Other,1293.0,2,75.0
R.T. Nagar,1380.0,3,50.0
Yelahanka New Town,1599.0,3,80.0
Nehru Nagar,967.0,2,41.1
Other,1885.0,3,90.0
1st Block Koramangala,860.0,2,65.5
Yelahanka,1075.0,1,19.5
Sarjapur  Road,1050.0,2,63.5
Marathahalli,1595.0,3,88.0
Sarjapur  Road,1350.0,2,102.0
Hebbal,1204.0,2,45.0
Sarjapur  Road,2990.0,4,240.0
Sarjapur  Road,1035.0,2,49.0
ITPL,1000.0,2,29.95
Sarjapur  Road,1457.0,3,85.0
Bannerghatta,1100.0,2,66.0
Whitefield,1655.0,3,120.0
Kanakpura Road,1691.2,3,115.0
Ramagondanahalli,1215.0,2,46.1
Kanakpura Road,1155.0,2,50.125
Hoodi,1639.0,3,129.0
Sarjapur  Road,1685.0,3,135.0
Other,1008.0,5,180.0
Hormavu,1100.0,2,38.0
Marathahalli,2122.0,3,125.0
Vasanthapura,1050.0,2,47.0
Kengeri,1230.0,2,45.0
5th Phase JP Nagar,1240.0,3,60.0
Electronic City Phase II,1252.0,3,65.0
Other,1374.0,3,88.0
8th Phase JP Nagar,500.0,1,30.0
Arekere,1200.0,8,225.0
Banashankari,1040.0,2,45.0
Sarjapur  Road,1350.0,2,68.0
Whitefield,4003.0,4,300.0
Hennur,2400.0,3,135.0
Haralur Road,1560.0,3,90.0
Anandapura,1151.0,2,43.16
Uttarahalli,1360.0,3,47.59
Chandapura,1110.0,3,29.97
Hennur Road,1015.0,2,50.0
Kadugodi,1351.0,3,78.0
Yelahanka New Town,960.0,2,50.0
Other,1110.0,2,52.0
R.T. Nagar,1680.0,3,72.0
Arekere,2400.0,3,180.0
Other,11000.0,4,2000.0
Other,1350.0,3,48.6
Horamavu Banaswadi,1254.0,2,47.0
Haralur Road,1255.0,3,115.0
CV Raman Nagar,1051.0,2,61.0
Other,1200.0,3,205.0
Uttarahalli,1099.0,2,65.0
Hebbal,2650.0,3,199.0
Other,2000.0,4,160.0
Yeshwanthpur,1541.0,2,130.0
Whitefield,1125.0,2,45.0
Vittasandra,1650.0,3,85.0
Other,834.0,1,62.0
Gollarapalya Hosahalli,1320.0,3,60.0
Malleshpalya,1200.0,3,149.0
Other,1000.0,8,160.0
Mysore Road,1500.0,3,74.0
Whitefield,4400.0,4,500.0
Kanakpura Road,1286.0,1,125.0
Other,600.0,1,52.0
Whitefield,1180.0,2,70.0
Kadugodi,1010.0,2,50.0
Channasandra,1070.0,2,38.0
Choodasandra,1580.0,3,105.0
Other,1200.0,4,325.0
Green Glen Layout,2000.0,3,165.0
Sanjay nagar,1200.0,3,76.0
Kalena Agrahara,1040.0,2,45.0
Hulimavu,1430.0,3,90.0
Domlur,650.0,1,70.0
Thanisandra,1564.0,3,105.0
Other,800.0,3,52.0
Hormavu,750.0,2,58.0
Kasavanhalli,1200.0,2,60.0
Begur Road,1200.0,2,44.4
Other,2000.0,4,135.0
Other,2750.0,3,260.0
Other,2400.0,4,480.0
Yelahanka,1650.0,3,105.0
1st Block Jayanagar,1235.0,2,148.0
Yelahanka,1200.0,2,55.0
Other,900.0,6,100.0
Kengeri Satellite Town,985.0,2,42.0
Ramagondanahalli,1475.0,3,63.0
Hebbal,3450.0,3,348.0
Sarjapur  Road,1157.0,3,53.99
Other,900.0,2,35.0
Gottigere,2500.0,4,120.0
GM Palaya,1030.0,2,60.0
Other,1000.0,2,46.0
Sarjapur  Road,3800.0,4,325.0
Kasavanhalli,4260.0,4,333.0
Brookefield,1950.0,5,175.0
Kudlu,1570.0,3,65.94
Kanakapura,1283.0,2,68.0
Electronic City Phase II,875.0,3,40.0
Other,1200.0,2,52.0
HAL 2nd Stage,2700.0,3,500.0
Konanakunte,2400.0,3,180.0
Old Madras Road,3630.0,4,196.0
Yelahanka,990.0,2,37.62
Other,1280.0,2,90.0
1st Block Jayanagar,2750.0,4,413.0
Other,1190.0,2,55.0
Yelachenahalli,1100.0,2,60.0
Other,2075.0,3,175.0
Harlur,1133.0,2,55.0
Somasundara Palya,2400.0,4,140.0
Whitefield,1280.0,2,69.0
Horamavu Agara,1250.0,3,65.0
Begur Road,1565.0,3,49.3
Other,1900.0,3,65.0
Munnekollal,1080.0,2,45.0
Battarahalli,600.0,1,47.0
Other,1240.0,3,180.0
HRBR Layout,1335.0,3,87.0
JP Nagar,3496.5,3,237.5
Sarjapur  Road,1385.0,3,55.0
Other,1578.0,3,73.9
Sarjapur  Road,1700.0,3,79.9
Vidyaranyapura,1120.0,2,70.0
Electronic City,435.0,1,22.0
Magadi Road,1116.0,2,51.89
Old Madras Road,1480.0,3,95.0
Hormavu,1000.0,2,50.0
HSR Layout,1145.0,2,46.0
Bommasandra,800.0,2,32.0
Thanisandra,1265.0,2,83.0
Devanahalli,1700.0,3,88.2
Other,1475.0,2,70.0
BTM 2nd Stage,1265.0,2,55.0
1st Phase JP Nagar,2180.0,3,210.0
Brookefield,1080.0,2,50.0
Whitefield,2023.0,3,130.0
Other,2400.0,2,125.0
Kadubeesanahalli,1545.0,3,66.0
Kalena Agrahara,1804.0,3,166.0
Other,1200.0,2,200.0
6th Phase JP Nagar,1350.0,3,58.0
Hoodi,1108.0,2,74.23
Marathahalli,1730.0,3,115.0
Other,1427.0,3,70.0
Yelahanka,935.0,2,35.53
Sarjapura - Attibele Road,1073.0,2,31.77
Ananth Nagar,960.0,2,37.0
Thigalarapalya,2215.0,3,150.0
Electronic City Phase II,1125.0,2,32.49
Brookefield,1230.0,2,55.0
Mahadevpura,1438.0,2,89.0
7th Phase JP Nagar,1080.0,2,75.0
Hebbal Kempapura,1200.0,3,125.0
Marathahalli,1200.0,2,103.0
Uttarahalli,1590.0,3,58.0
Raja Rajeshwari Nagar,1400.0,3,48.0
Kaggadasapura,1560.0,3,72.0
Mallasandra,1810.0,4,57.0
Other,2274.24,3,160.0
Sonnenahalli,1484.0,3,74.18
Indira Nagar,1650.0,3,220.0
Thanisandra,2280.0,3,184.0
Other,4900.0,5,980.0
Frazer Town,2079.0,3,220.0
Bharathi Nagar,1351.0,2,74.0
Kanakpura Road,1223.0,3,42.81
KR Puram,1430.0,3,61.0
Whitefield,3589.0,4,400.0
Channasandra,1800.0,4,300.0
Giri Nagar,1120.0,4,175.0
Sarjapur  Road,984.0,2,55.0
Jalahalli,1770.0,3,100.0
Other,900.0,2,105.0
Ramamurthy Nagar,1350.0,5,120.0
Margondanahalli,1140.0,2,60.0
Bommanahalli,1170.0,2,34.0
Other,1570.0,3,80.0
Nagappa Reddy Layout,1495.0,3,65.0
Hoodi,1530.0,3,67.0
Rajaji Nagar,900.0,5,140.0
Gunjur,1800.0,3,70.0
Bellandur,1088.0,2,48.0
Hosa Road,1533.0,3,98.18
Rachenahalli,1100.0,2,68.0
Thubarahalli,1540.0,3,90.0
Hebbal,1244.0,2,48.0
Hosa Road,1040.0,2,68.59
Other,1034.0,6,101.0
Begur Road,1260.0,2,39.69
Thigalarapalya,1245.0,2,100.0
Other,1350.0,3,75.0
Other,470.0,1,10.0
Vijayanagar,920.0,2,60.0
Other,2300.0,6,160.0
Sarjapur,1124.0,2,30.35
Yelahanka New Town,2095.0,4,109.0
Begur Road,1100.0,2,71.42
Vijayanagar,1019.0,2,58.0
Harlur,1756.0,3,128.0
Bommasandra,1280.0,3,50.0
Kenchenahalli,1200.0,4,125.0
Indira Nagar,1700.0,3,150.0
Whitefield,2134.0,3,118.0
Hosa Road,1369.1,2,98.0
Subramanyapura,600.0,3,69.0
Other,1313.0,3,150.0
Other,2515.0,3,155.0
Thigalarapalya,2215.0,3,154.0
Other,1440.0,3,72.0
Hennur Road,1186.0,3,55.33
Hebbal,1800.0,3,140.0
Kudlu,1600.0,3,79.0
GM Palaya,1000.0,2,35.0
Cunningham Road,2275.0,3,285.0
Binny Pete,1740.0,3,150.0
Malleshwaram,900.0,2,90.0
Benson Town,1567.0,2,140.0
Kambipura,1082.0,3,45.5
Nagarbhavi,1050.0,2,80.0
Other,1200.0,2,56.0
Begur,3500.0,3,185.0
Dasarahalli,1220.0,2,52.0
Binny Pete,1970.0,3,164.0
Other,2665.0,3,350.0
Kanakapura,2130.0,4,120.0
Harlur,1749.0,3,120.0
Subramanyapura,1260.0,2,108.0
Doddaballapur,1286.0,3,48.0
6th Phase JP Nagar,1170.0,2,120.0
Other,1670.0,3,75.0
Hennur Road,2264.0,3,168.0
Begur,1100.0,2,55.0
Chandapura,674.0,2,19.9
Koramangala,1320.0,2,160.0
Vishveshwarya Layout,600.0,4,85.0
Electronics City Phase 1,1125.0,2,65.0
Nagavara,1125.0,2,44.5
Other,700.0,2,29.0
BTM Layout,1300.0,3,75.0
JP Nagar,1600.0,3,83.0
Magadi Road,1052.0,3,60.0
Other,1140.0,4,145.0
 Devarachikkanahalli,1130.0,2,36.0
Other,1140.0,4,225.0
BTM 2nd Stage,2200.0,3,220.0
Electronic City,1500.0,3,63.0
Gottigere,1230.0,3,52.0
Haralur Road,1520.0,3,85.0
Kanakpura Road,525.0,1,26.25
Hosa Road,1040.0,2,61.0
Other,1300.0,3,67.0
Old Airport Road,2690.0,4,201.0
Domlur,780.0,1,70.0
Panathur,1140.0,2,51.2
Chandapura,1225.0,3,33.08
Nagavarapalya,646.0,1,25.84
Cox Town,1600.0,3,150.0
Kadugodi,1890.0,3,125.0
Other,1200.0,6,100.0
Whitefield,1458.0,3,62.0
Naganathapura,1200.0,5,86.0
Green Glen Layout,1970.0,3,160.0
Whitefield,1808.0,3,80.0
Balagere,1007.0,2,67.0
Doddathoguru,1105.0,2,50.0
Lakshminarayana Pura,1700.0,3,150.0
Raja Rajeshwari Nagar,1170.0,2,50.0
Chandapura,1080.0,2,45.0
Kaggalipura,1150.0,3,62.0
Ramamurthy Nagar,1200.0,2,57.9
Kudlu Gate,1656.0,3,75.0
Other,600.0,4,87.0
KR Puram,1040.0,2,50.0
Hosur Road,1085.0,2,33.7
Other,1215.0,3,49.75
NRI Layout,2150.0,4,115.0
Hoodi,1100.0,4,120.0
Panathur,1210.0,2,77.0
Other,1050.0,2,55.0
Other,600.0,3,70.0
Mysore Road,947.55,2,80.0
Malleshpalya,1421.0,2,90.0
Other,1050.0,6,155.0
Old Madras Road,1425.0,3,74.31
Budigere,1162.0,2,58.0
Whitefield,905.0,1,60.0
Sarjapur  Road,914.0,2,32.0
Other,1258.0,2,58.0
CV Raman Nagar,1100.0,4,220.0
Hormavu,3500.0,4,289.0
Poorna Pragna Layout,2400.0,7,450.0
Ramagondanahalli,4200.0,4,800.0
Whitefield,1537.0,3,70.0
Chikkalasandra,1230.0,3,53.51
Other,2400.0,6,300.0
Malleshwaram,2250.0,3,200.0
Hosur Road,2000.0,4,69.0
Other,3000.0,8,130.0
Kumaraswami Layout,2600.0,4,325.0
Indira Nagar,3200.0,4,250.0
Anjanapura,950.0,2,32.0
Marathahalli,4000.0,4,200.0
Yelahanka,1282.0,3,48.72
Banashankari Stage III,1304.0,2,111.0
7th Phase JP Nagar,2100.0,3,200.0
Jakkur,1220.0,3,49.0
7th Phase JP Nagar,1415.0,3,65.0
Bommenahalli,1286.0,3,217.0
Green Glen Layout,1728.0,3,125.0
Other,1235.0,2,140.0
Yelahanka,3990.0,4,260.0
Kasavanhalli,1495.0,2,83.0
Hennur Road,1500.0,5,175.0
Yeshwanthpur,2501.0,3,138.0
Kanakpura Road,381.0,1,28.0
Other,3301.8,4,570.0
Hennur Road,2002.0,3,120.0
Other,3200.0,3,260.0
Banjara Layout,1200.0,2,70.0
Sarjapur  Road,1500.0,4,235.0
Bommasandra,1942.0,3,90.0
Electronics City Phase 1,1522.5,3,60.75
Thyagaraja Nagar,660.0,1,95.0
Banashankari Stage III,1200.0,4,170.0
Other,1450.0,3,90.0
Electronic City,1039.0,2,50.0
Old Madras Road,1210.0,2,80.0
Attibele,995.0,2,24.88
Yelahanka,1620.0,3,90.0
Choodasandra,3204.0,3,395.0
Hebbal Kempapura,3408.0,3,260.0
Marathahalli,1314.0,2,55.0
Bisuvanahalli,945.0,2,33.0
Nehru Nagar,1374.0,3,72.0
Kanakpura Road,1603.0,3,113.0
Kengeri,1230.0,3,52.0
Other,670.0,1,50.0
Sarjapur  Road,1864.0,4,105.0
Hosa Road,2500.0,3,100.0
Raja Rajeshwari Nagar,1625.0,3,54.0
Whitefield,1186.0,2,55.0
KR Puram,1500.0,8,382.0
Electronic City,770.0,2,39.9
Varthur,1085.0,2,45.0
Dairy Circle,3754.0,4,480.0
Dodsworth Layout,1893.0,3,115.0
Kundalahalli,1496.0,3,78.0
Electronics City Phase 1,1550.0,3,82.0
Marathahalli,1200.0,3,58.17
Electronic City Phase II,1286.0,2,69.0
Other,600.0,3,100.0
Hebbal,1860.0,3,95.0
Other,425.0,1,750.0
Haralur Road,1243.0,2,45.0
Brookefield,1200.0,2,75.0
Sarjapur,1044.0,2,32.0
7th Phase JP Nagar,1040.0,2,41.59
8th Phase JP Nagar,1125.0,2,36.94
Cunningham Road,3489.0,3,662.0
Subramanyapura,1278.0,3,59.0
Other,2400.0,6,98.0
Other,1250.0,2,43.0
Vijayanagar,2400.0,5,125.0
KR Puram,4166.0,5,560.0
Lakshminarayana Pura,1210.0,2,75.0
8th Phase JP Nagar,1200.0,4,110.0
Sarjapur  Road,1157.0,3,57.84
Raja Rajeshwari Nagar,1185.0,2,51.15
Kalena Agrahara,1450.0,3,100.0
Old Madras Road,1859.0,3,121.0
Rajaji Nagar,1763.0,2,262.0
Attibele,900.0,2,25.0
Ramamurthy Nagar,1305.0,3,60.0
Other,1200.0,3,100.0
Thanisandra,784.0,1,35.285
Kasavanhalli,5000.0,2,400.0
Sarjapur  Road,1150.0,2,36.8
Whitefield,1806.0,3,85.0
Kudlu,1027.0,2,42.0
Uttarahalli,1002.0,2,40.08
Electronic City Phase II,1220.0,3,36.21
Whitefield,1109.0,2,35.22
Hennur Road,1232.0,2,69.6
Kalyan nagar,1250.0,2,65.0
Other,900.0,6,170.0
KR Puram,960.0,4,80.0
Raja Rajeshwari Nagar,1255.0,2,53.87
Akshaya Nagar,1434.0,3,84.0
Doddathoguru,925.0,2,30.0
Jakkur,1858.0,3,123.0
Thanisandra,965.0,2,56.0
7th Phase JP Nagar,1800.0,5,270.0
Other,1200.0,6,90.0
Battarahalli,1636.0,2,82.89
Whitefield,1216.0,2,67.0
Yelahanka,654.0,1,36.25
Chikkabanavar,2460.0,4,80.0
Other,1190.0,2,41.0
Other,1200.0,7,180.0
Budigere,1636.0,3,92.0
Hennur Road,1195.0,2,73.0
Nagavara,2400.0,3,251.0
Other,1250.0,2,67.0
Whitefield,1452.0,3,90.0
Thanisandra,1546.0,3,95.0
Sarjapur  Road,3385.5,4,142.0
Indira Nagar,1440.0,3,275.0
Naganathapura,2260.0,2,80.0
Other,2700.0,4,90.0
Indira Nagar,1475.0,2,171.0
JP Nagar,3000.0,4,150.0
Other,375.0,1,26.0
Balagere,1007.0,2,66.0
Other,5422.0,4,1900.0
Hennur Road,1020.0,2,47.0
Other,1000.0,2,150.0
Other,800.0,2,59.5
Other,1200.0,5,95.0
Marathahalli,1125.0,2,55.0
Kudlu Gate,1150.0,9,140.0
Other,909.0,3,43.0
Whitefield,2850.0,4,240.0
Dodsworth Layout,1400.0,2,85.0
Kadugodi,1152.0,2,61.0
Subramanyapura,958.0,2,34.49
Old Madras Road,2990.0,3,173.0
Bellandur,1310.0,2,85.0
Hosur Road,1590.0,3,126.0
Green Glen Layout,1645.0,3,110.0
Other,1800.0,3,100.0
Thanisandra,1795.0,3,150.0
Thanisandra,777.0,1,38.535
Kalkere,925.0,2,70.0
Basavangudi,1542.14,3,120.0
Konanakunte,3746.0,4,375.0
Thanisandra,1430.0,3,54.0
Bommanahalli,1020.0,2,55.0
Other,750.0,4,42.0
Electronic City Phase II,1140.0,2,32.92
Anekal,967.0,3,45.0
Hebbal,2470.0,4,203.0
Other,850.0,2,35.5
Other,1100.0,2,32.0
Thanisandra,1697.0,3,110.0
Varthur,1250.0,2,47.0
Gottigere,1120.0,2,50.0
NRI Layout,1200.0,4,95.0
Hennur Road,5100.0,5,375.0
Hebbal,1200.0,2,52.0
 Devarachikkanahalli,1417.0,3,76.0
Thanisandra,1492.0,3,88.0
Devanahalli,1498.0,3,79.15
Kundalahalli,1010.0,2,48.27
Channasandra,1050.0,2,35.0
Hegde Nagar,1847.0,3,125.0
Bellandur,982.0,2,37.28
Hegde Nagar,2144.6,3,145.0
Kengeri,750.0,2,36.5
Electronic City,919.0,2,35.0
Budigere,1087.0,2,54.3
Other,1480.0,3,74.0
Tindlu,1180.0,2,52.0
Other,2100.0,3,255.0
Jigani,1221.0,3,65.0
Thanisandra,2072.0,3,122.0
Whitefield,1600.0,3,69.0
Sahakara Nagar,2200.0,3,98.0
Kaikondrahalli,1253.0,2,81.5
Hennur Road,1061.0,2,54.92
Marathahalli,1950.0,3,115.0
Marathahalli,1250.0,2,68.0
Hennur Road,1585.0,3,80.0
Kammasandra,1015.0,2,37.0
Begur Road,2464.5,4,118.0
Marathahalli,1125.0,2,56.8
Electronic City Phase II,1116.0,2,40.0
Other,400.0,1,35.0
Kasavanhalli,4000.0,4,325.0
Old Madras Road,1300.0,2,100.0
Raja Rajeshwari Nagar,1419.0,2,60.42
Other,1310.0,3,55.0
Thigalarapalya,2072.0,3,152.0
Kaggadasapura,1240.0,2,58.58
Chamrajpet,1565.0,3,98.91
Budigere,1820.0,3,89.0
Gubbalala,2500.0,3,88.0
KR Puram,3657.0,5,310.0
Hosa Road,1245.0,2,62.0
Kenchenahalli,1410.0,3,73.0
Dasarahalli,1375.0,2,60.0
Old Madras Road,1299.0,2,95.0
Other,993.0,2,45.5
Bommasandra Industrial Area,1200.0,2,45.0
Other,985.0,2,156.0
Other,2400.0,4,180.0
Hoodi,1655.0,3,131.0
Whitefield,2830.0,4,190.0
Other,6000.0,1,276.0
Other,825.0,1,40.0
Begur Road,1634.0,3,111.0
Kogilu,1200.0,8,105.0
Banaswadi,1222.0,2,80.0
Gottigere,1500.0,3,63.0
Akshaya Nagar,1890.0,3,100.0
Hegde Nagar,3750.0,4,375.0
Hulimavu,850.0,2,39.5
Whitefield,1295.0,2,78.5
Sarjapur  Road,1320.0,2,100.0
ISRO Layout,950.0,4,179.0
Hebbal,1200.0,4,225.0
2nd Stage Nagarbhavi,3000.0,4,170.0
Harlur,1197.0,2,82.0
Other,1320.0,3,60.0
Billekahalli,1180.0,5,98.5
Whitefield,840.0,1,57.6
Whitefield,640.0,1,19.83
Raja Rajeshwari Nagar,1693.0,3,71.38
Kodihalli,1000.0,2,62.0
Babusapalaya,1305.0,2,70.0
Kodichikkanahalli,450.0,1,18.0
CV Raman Nagar,705.0,1,57.0
Other,750.0,4,75.0
Tumkur Road,4800.0,5,150.0
Other,5000.0,4,600.0
Gubbalala,5000.0,4,425.0
Whitefield,1991.0,3,104.0
Battarahalli,1779.0,3,90.0
Whitefield,10200.0,4,1250.0
Banaswadi,870.0,2,38.0
Thanisandra,1595.0,3,120.0
Ramamurthy Nagar,945.0,4,120.0
Other,2400.0,6,420.0
Iblur Village,2000.0,3,138.0
Yelahanka,1614.0,3,93.0
Gottigere,1200.0,2,40.0
Electronic City Phase II,1150.0,3,46.0
Indira Nagar,3200.0,4,440.0
Sonnenahalli,1610.0,3,80.48
Whitefield,1190.0,2,41.0
Other,4800.0,4,420.0
7th Phase JP Nagar,1460.0,3,97.0
Other,3400.0,3,400.0
Naganathapura,600.0,1,33.0
Other,1569.0,3,70.0
Other,2600.0,3,147.0
Electronics City Phase 1,645.0,1,42.5
Other,1200.0,4,180.0
Nagarbhavi,800.0,3,95.0
Mico Layout,800.0,2,80.0
Marathahalli,1350.0,2,90.0
BTM 2nd Stage,2780.0,3,325.0
Whitefield,1109.0,2,35.47
Other,2000.0,4,1063.0
Other,800.0,1,72.0
Bannerghatta Road,1215.0,2,68.0
Basaveshwara Nagar,1230.0,8,250.0
Prithvi Layout,2273.0,3,192.0
Varthur Road,1255.0,2,52.76
Other,1020.0,2,49.0
Other,1225.0,3,82.0
Singasandra,1120.0,2,60.0
Kasavanhalli,1225.0,3,69.0
Whitefield,5200.0,4,242.0
Indira Nagar,4000.0,4,700.0
Sarjapur  Road,1984.0,3,145.0
Old Madras Road,2425.0,3,197.0
Bommasandra,1127.0,2,45.0
Whitefield,1655.0,3,97.0
Varthur,1200.0,3,68.38
Kaggadasapura,1000.0,2,43.0
CV Raman Nagar,1225.0,2,47.88
Hormavu,1350.0,2,45.0
Nagarbhavi,600.0,4,95.0
Sahakara Nagar,1175.0,2,49.0
Other,655.0,1,27.0
Hosa Road,1311.0,3,84.86
Banashankari Stage VI,600.0,3,90.0
CV Raman Nagar,1000.0,2,38.5
Other,1196.0,2,96.0
Kanakpura Road,1050.0,3,59.0
Somasundara Palya,1275.0,3,52.0
Other,927.0,2,50.0
Varthur,1520.0,3,61.0
Other,2400.0,4,395.0
Hebbal,1333.0,2,104.0
Other,600.0,1,18.0
Abbigere,1326.0,3,34.8
Sarjapur  Road,1773.5,3,85.125
Koramangala,1370.0,2,125.0
Koramangala,1100.0,2,85.0
Haralur Road,1650.0,3,100.0
Kasavanhalli,1917.0,3,132.0
Other,780.0,3,75.0
Billekahalli,950.0,2,58.11
Other,1175.0,2,48.72
8th Phase JP Nagar,1089.0,2,43.55
Kalena Agrahara,1804.0,3,175.0
Hoodi,1257.0,2,68.5
Sarjapur,650.0,1,19.87
Whitefield,1850.0,3,150.0
Other,2800.0,4,200.0
Vidyaranyapura,945.0,2,40.0
Koramangala,1161.0,2,63.85
Banashankari Stage V,1630.0,3,51.35
Jalahalli,1310.0,3,60.0
Other,750.0,2,28.0
Whitefield,1200.0,3,67.77
Old Madras Road,4000.0,4,225.0
Nagavara,1315.0,2,70.0
Sahakara Nagar,1370.0,3,90.0
Ulsoor,1200.0,5,150.0
Bellandur,1465.0,2,90.0
JP Nagar,20000.0,3,175.0
Padmanabhanagar,1250.0,3,70.0
Horamavu Agara,1284.0,3,75.0
Hebbal,2600.0,3,199.0
Kodigehalli,1820.0,3,150.0
Haralur Road,1580.0,3,73.0
Akshaya Nagar,2650.0,3,125.0
Uttarahalli,1075.0,2,40.0
R.T. Nagar,1400.0,3,78.0
Subramanyapura,1400.0,3,55.0
Bisuvanahalli,845.0,2,30.0
Hegde Nagar,2600.0,4,40.0
Sarjapur,3854.5,4,385.5
Other,800.0,2,85.0
Gunjur,1175.0,2,43.48
Sahakara Nagar,2400.0,3,270.0
Bellandur,1767.0,3,109.0
Sarjapur  Road,1800.0,4,90.0
R.T. Nagar,1200.0,3,140.0
Rajaji Nagar,1613.0,3,150.0
Jakkur,6830.0,4,795.0
Whitefield,1290.0,2,90.0
Kasavanhalli,1375.0,2,78.0
Other,985.0,2,57.0
Singasandra,1099.0,2,37.5
Electronic City,605.0,1,13.31
Other,6000.0,11,150.0
Other,3600.0,7,160.0
Marathahalli,1200.0,2,53.0
Hulimavu,1000.0,2,45.0
Electronic City,1159.0,3,38.0
Sarjapur  Road,3692.0,5,340.0
Other,600.0,2,80.0
Other,2400.0,4,600.0
BTM Layout,1540.0,3,78.0
Other,1503.0,3,93.0
Ambedkar Nagar,1850.0,3,120.0
Uttarahalli,1580.0,3,60.0
Mico Layout,1190.0,2,39.25
Other,1200.0,2,61.0
HAL 2nd Stage,1000.0,7,250.0
Jakkur,850.0,2,19.9
Other,2500.0,3,60.0
Other,1500.0,3,52.0
Thanisandra,1880.0,3,120.0
Padmanabhanagar,1150.0,2,45.0
Kasavanhalli,4408.0,4,344.0
Sarjapur  Road,7800.0,5,385.0
Kumaraswami Layout,600.0,6,100.0
Other,750.0,4,95.0
Karuna Nagar,1962.0,3,175.0
Other,1765.0,3,77.27
Attibele,1174.0,2,29.35
Bannerghatta Road,1894.0,3,115.0
Ramamurthy Nagar,960.0,4,138.0
Sector 7 HSR Layout,1760.0,3,142.0
Other,1768.0,3,95.0
Kothanur,1790.0,3,97.0
Other,3500.0,4,800.0
Kengeri,2540.0,4,160.0
Mahadevpura,1137.0,2,53.4
Jakkur,3181.0,4,229.0
Other,1200.0,7,115.0
Mysore Road,1568.0,3,100.0
Devanahalli,4920.0,4,393.5
AECS Layout,1308.0,2,60.0
Other,3060.0,4,350.0
Bisuvanahalli,1200.0,3,41.0
Other,800.0,1,32.0
Electronic City,530.0,1,13.5
Bisuvanahalli,873.0,3,40.0
Other,3000.0,7,145.0
Other,1200.0,4,235.0
Subramanyapura,958.0,2,33.53
Talaghattapura,2273.0,3,159.0
Thanisandra,760.0,1,50.0
Dommasandra,1090.0,2,43.5
Bellandur,2666.0,3,230.0
Sarjapur  Road,1550.0,3,89.0
Ramagondanahalli,1251.0,2,50.0
Electronic City,1070.0,2,53.0
Kalena Agrahara,1200.0,2,45.0
CV Raman Nagar,1435.0,3,60.0
Bommasandra,1400.0,3,45.0
Judicial Layout,2330.0,4,94.71
Thanisandra,1200.0,2,60.0
Panathur,1000.0,2,40.0
Bannerghatta Road,1655.0,3,62.89
Raja Rajeshwari Nagar,3600.0,9,240.0
Other,600.0,1,35.0
Electronics City Phase 1,1175.0,2,50.0
Uttarahalli,1155.0,2,40.43
Magadi Road,1200.0,3,98.0
Budigere,1149.0,2,65.0
Jakkur,1745.0,3,98.485
Choodasandra,3200.0,4,375.0
Other,1010.0,2,55.0
Hegde Nagar,1718.0,3,119.0
Other,650.0,2,20.0
Banashankari,1330.0,2,77.0
Hormavu,1200.0,2,68.0
Bannerghatta Road,1693.0,3,89.0
Koramangala,1249.0,2,165.0
Thanisandra,1800.0,3,125.0
Margondanahalli,900.0,2,55.0
NGR Layout,1020.0,2,46.0
Amruthahalli,1700.0,3,77.0
Panathur,661.0,1,40.0
Bannerghatta Road,1280.0,2,60.16
Other,1000.0,5,90.0
Hosur Road,1170.0,2,48.0
Thanisandra,933.0,1,58.0
Sarjapur  Road,1150.0,2,44.0
Benson Town,3633.0,4,550.0
Rajaji Nagar,1380.0,3,130.0
Banjara Layout,1050.0,2,64.8
Other,1080.0,2,37.8
Harlur,1303.0,2,90.0
Raja Rajeshwari Nagar,1196.0,2,40.54
Nagarbhavi,2500.0,5,180.0
Sarjapur  Road,1200.0,5,95.0
Bommanahalli,1250.0,3,41.0
Akshaya Nagar,1419.0,3,87.0
Banashankari,1200.0,2,49.0
7th Phase JP Nagar,1120.0,2,65.0
Electronics City Phase 1,762.5,1,45.4
Electronics City Phase 1,1245.0,2,75.0
Other,3978.0,4,428.0
Channasandra,1093.0,2,34.0
Electronic City,1025.0,2,26.63
Hebbal,1345.0,2,97.0
Other,1500.0,2,45.0
Vijayanagar,1180.0,2,86.0
Other,1800.0,3,85.0
Konanakunte,3621.0,4,511.0
Other,2008.0,3,170.0
Kothannur,1240.0,3,39.85
CV Raman Nagar,1020.0,2,55.0
Other,2095.0,3,142.0
Gunjur,1362.0,3,62.63
Yelahanka,694.0,1,30.84
Vittasandra,1404.0,2,70.0
Electronic City Phase II,1192.0,3,47.0
Other,1850.0,8,300.0
Mahalakshmi Layout,1050.0,4,35.0
Vittasandra,1259.0,2,67.48
Kengeri,1000.0,2,34.0
Rachenahalli,985.0,2,49.97
Indira Nagar,850.0,1,60.0
Uttarahalli,1650.0,3,50.0
Rajaji Nagar,2400.0,5,320.0
Sarjapur  Road,1900.0,3,180.0
Ambedkar Nagar,1367.0,2,86.0
Rajaji Nagar,1210.0,3,81.0
Other,1190.0,2,48.6
Sarjapur,1175.0,2,42.0
R.T. Nagar,2800.0,4,400.0
Whitefield,1140.0,2,40.0
Hoskote,1095.0,2,33.6
Attibele,782.0,1,19.55
Gubbalala,1435.0,3,80.0
Choodasandra,725.0,2,36.0
Other,1600.0,3,88.0
9th Phase JP Nagar,1200.0,5,160.0
Hosakerehalli,3205.0,4,300.0
Vishwapriya Layout,720.0,4,95.0
Nehru Nagar,1674.0,3,90.0
Other,860.0,4,125.0
Kanakpura Road,1703.0,3,130.0
Padmanabhanagar,1350.0,3,71.55
Horamavu Agara,1145.0,2,41.21
7th Phase JP Nagar,1100.0,2,60.0
Sarjapur  Road,2425.0,4,201.0
Kothanur,2700.0,4,175.0
Kanakpura Road,1600.0,3,90.0
Hosakerehalli,3033.0,4,326.0
Pai Layout,780.0,2,72.0
Banashankari Stage II,1250.0,2,110.0
Sarjapur  Road,1480.0,5,169.0
Horamavu Agara,1250.0,4,100.0
Other,1350.0,4,160.0
Laggere,620.0,1,48.0
Raja Rajeshwari Nagar,1630.0,3,60.65
Hennur Road,1020.0,2,45.0
Hosakerehalli,1410.0,3,53.58
Bhoganhalli,1181.7,2,100.0
Other,1200.0,9,270.0
KR Puram,1200.0,4,83.0
Banaswadi,1200.0,2,60.0
Old Airport Road,1050.0,2,50.0
Whitefield,1356.0,2,94.84
Whitefield,1338.0,2,103.0
Other,1280.0,3,100.0
Raja Rajeshwari Nagar,1531.0,3,51.77
Other,11000.0,4,1600.0
Anekal,620.0,2,23.5
8th Phase JP Nagar,1605.0,3,65.0
Thanisandra,1917.0,3,110.0
Nagarbhavi,1200.0,4,340.0
Other,2750.0,3,943.0
Sarjapur  Road,1400.0,3,55.0
Thubarahalli,2625.0,3,175.0
Hennur Road,2041.0,3,128.0
Sarjapur  Road,2070.0,3,160.0
Hebbal,1110.0,3,59.0
Ambedkar Nagar,3565.0,4,255.0
Varthur Road,1033.0,3,30.47
HSR Layout,1142.0,2,65.0
Other,1500.0,3,75.0
Electronic City Phase II,1502.0,3,50.0
Other,1176.0,3,45.0
Hosa Road,1063.0,2,32.8
Kammanahalli,1100.0,2,60.0
Other,1044.0,2,85.0
Sarjapur  Road,5400.0,3,700.0
6th Phase JP Nagar,1216.0,2,60.0
Other,1425.0,3,55.0
Other,1200.0,8,150.0
Hosur Road,1345.0,2,108.0
Marathahalli,1248.0,2,130.0
Other,1830.0,4,325.0
Other,900.0,2,130.0
Bellandur,3600.0,4,245.0
Uttarahalli,1025.0,2,35.88
Other,840.0,2,99.0
Lakshminarayana Pura,3050.0,3,90.0
Kadubeesanahalli,1424.0,3,75.0
EPIP Zone,2500.0,3,268.0
ISRO Layout,1200.0,6,230.0
Other,1285.0,2,45.0
Babusapalaya,1450.0,2,55.99
Raja Rajeshwari Nagar,1160.0,2,70.0
Yelahanka New Town,2700.0,3,350.0
Other,2000.0,3,95.0
Uttarahalli,1125.0,2,47.65
Old Madras Road,3900.0,4,175.0
Raja Rajeshwari Nagar,1133.0,2,38.37
Arekere,1240.0,2,60.0
Devanahalli,1466.0,3,77.59
Other,3870.0,4,411.0
Akshaya Nagar,1300.0,2,54.0
Thanisandra,1996.0,3,123.0
Other,1320.0,3,55.0
Rajaji Nagar,1800.0,3,240.0
Other,1835.0,3,175.0
Sarjapur  Road,1435.0,3,90.0
Whitefield,4097.0,3,400.0
Rayasandra,1601.0,3,70.0
Kadubeesanahalli,1257.0,2,93.0
Iblur Village,3596.0,4,260.0
Kasavanhalli,1309.0,2,95.0
Yeshwanthpur,1362.0,2,100.0
Whitefield,1115.0,2,55.0
Other,1322.0,2,61.99
Banashankari,1185.0,2,67.0
7th Phase JP Nagar,1790.0,3,120.0
Whitefield,3450.0,3,208.0
Budigere,693.0,1,27.375
Sarjapur  Road,5400.0,4,750.0
Devanahalli,775.0,1,39.0
Hoodi,1000.0,2,48.0
Thanisandra,1183.0,2,77.25
Other,425.0,1,15.0
Other,820.0,2,30.0
Other,2230.0,4,792.0
Ramagondanahalli,1151.0,2,43.6
Hulimavu,1320.0,3,59.0
Hegde Nagar,1847.0,3,123.0
Devanahalli,1020.0,1,49.87
Somasundara Palya,1650.0,3,95.0
Other,2380.0,4,242.0
Electronic City,2400.0,3,78.0
Mysore Road,1360.0,3,47.6
Brookefield,1089.0,2,49.0
Yelahanka,1115.0,2,60.0
Kudlu Gate,1215.0,2,45.0
Sarjapur  Road,1194.0,2,51.0
Kannamangala,1536.0,3,104.0
Electronic City,1571.0,3,83.0
Other,1517.0,2,125.0
Budigere,664.0,1,35.4
 Devarachikkanahalli,1230.0,2,58.0
Hegde Nagar,1340.0,2,72.0
Attibele,1175.0,2,29.38
Benson Town,3569.0,4,600.0
Sarjapur,1240.0,2,43.1
Other,1286.0,3,150.0
Electronic City,1470.0,3,44.1
Kanakpura Road,525.0,1,29.25
Other,1000.0,2,35.0
Gunjur,1071.0,2,51.0
Sector 2 HSR Layout,1512.0,3,80.0
Frazer Town,3435.0,4,341.0
Other,3144.0,3,455.0
Kalyan nagar,1190.0,2,60.0
Kanakpura Road,1283.0,2,63.22
Mallasandra,1325.0,2,73.0
Whitefield,1105.0,2,35.36
Banaswadi,1600.0,3,74.5
Other,400.0,4,35.0
Kanakpura Road,800.0,2,41.145
Hennur,1100.0,2,44.55
Talaghattapura,2099.0,3,147.0
Yelachenahalli,1365.0,3,72.0
Hebbal Kempapura,1485.0,2,132.0
Hosur Road,1250.0,2,55.0
Bellandur,1170.0,2,46.79
Kanakpura Road,1328.0,2,91.06
1st Phase JP Nagar,1180.0,2,88.5
Electronic City,1350.0,3,66.0
Other,3602.0,4,280.0
Nagasandra,2400.0,4,145.0
Electronic City Phase II,1020.0,2,32.0
Begur Road,1410.0,3,49.34
Other,2159.0,3,120.0
Anekal,1453.0,2,16.5
Whitefield,1074.0,2,42.79
Sarjapur,1170.0,3,35.41
Tumkur Road,728.5,1,31.315
Bommanahalli,1660.0,3,100.0
Other,900.0,5,95.0
Other,1850.0,6,175.0
Other,510.0,1,34.0
Mahadevpura,1601.0,3,95.0
Begur Road,952.0,2,42.0
Other,1166.0,2,65.0
Other,2700.0,3,260.0
Electronic City Phase II,1900.0,4,97.0
Other,1350.0,3,175.0
Other,2100.0,4,100.0
Yelenahalli,1175.0,2,50.0
Bharathi Nagar,1432.0,2,68.0
Bommasandra Industrial Area,1005.0,2,39.77
Rajiv Nagar,1309.0,2,80.0
Dairy Circle,2251.0,3,370.0
7th Phase JP Nagar,1050.0,2,77.0
Sanjay nagar,2400.0,3,310.0
Begur Road,1565.0,3,56.34
Other,940.0,2,56.0
Other,1015.0,2,40.1
BTM 2nd Stage,2400.0,3,360.0
Electronic City,1652.0,3,110.0
Whitefield,1100.0,2,52.0
Rajiv Nagar,2340.0,4,145.0
Koramangala,1084.0,2,179.0
Kammanahalli,1200.0,2,81.0
Other,1400.0,3,69.0
HBR Layout,2400.0,4,320.0
Electronic City Phase II,1020.0,2,27.43
Whitefield,1267.0,2,90.33
Bhoganhalli,2439.0,4,185.0
Electronic City,1320.0,3,38.12
Ananth Nagar,1000.0,2,29.7
Whitefield,5000.0,4,550.0
KR Puram,2500.0,6,58.0
Kengeri Satellite Town,2480.0,2,160.0
Kalyan nagar,1086.0,2,44.5
Kengeri,416.0,1,18.0
Hennur Road,1066.0,2,52.23
OMBR Layout,1730.0,3,93.0
Balagere,1205.0,2,63.86
Marathahalli,2500.0,4,175.0
Subramanyapura,960.0,2,55.0
Haralur Road,1510.0,3,83.05
Other,1600.0,4,90.0
Old Madras Road,2300.0,3,142.0
Other,1000.0,2,63.0
Hormavu,1553.0,3,58.23
Frazer Town,3436.0,4,345.0
Seegehalli,1134.0,2,45.0
Nagasandra,600.0,4,80.0
Horamavu Agara,2400.0,5,80.0
Whitefield,2400.0,4,143.0
Other,1350.0,2,65.0
Sarjapur,1032.0,2,42.0
Other,1998.0,3,117.0
Murugeshpalya,1225.0,2,48.0
Sarjapur  Road,1262.0,2,67.0
Kothannur,1070.0,2,38.6
Other,950.0,2,33.0
Balagere,1012.0,2,53.58
TC Palaya,1000.0,2,70.0
Kadugodi,1394.0,2,56.0
Amruthahalli,1450.0,3,85.0
Other,527.0,1,35.0
Sarjapur  Road,1693.0,3,125.0
Horamavu Agara,1000.0,2,46.0
Kogilu,952.0,2,49.0
Malleshwaram,2050.0,3,270.0
Kengeri,1200.0,1,14.0
Mysore Road,1410.0,3,64.0
Hebbal Kempapura,1400.0,2,108.0
Chikka Tirupathi,3056.0,4,100.0
Sarjapur  Road,1826.0,3,125.0
Bisuvanahalli,1075.0,3,31.0
Bannerghatta Road,2500.0,5,1400.0
Hennur,960.0,2,48.0
Channasandra,808.0,2,40.0
Kodichikkanahalli,907.0,2,38.5
Uttarahalli,1300.0,2,55.0
Other,1804.0,3,150.0
Other,1350.0,3,81.0
Whitefield,1836.0,3,125.0
Other,826.0,2,36.0
1st Block Koramangala,3000.0,4,300.0
Indira Nagar,2400.0,4,405.0
6th Phase JP Nagar,1460.0,2,80.0
Hoskote,1200.0,4,140.0
BTM 2nd Stage,965.0,2,56.0
Kothannur,2000.0,4,95.0
Bhoganhalli,1395.0,3,70.0
Other,935.0,2,35.0
Other,1180.0,2,39.0
Electronic City,1090.0,2,31.48
Kanakpura Road,1204.0,2,82.0
Thigalarapalya,2072.0,3,153.0
Haralur Road,1056.0,2,65.0
Hebbal,985.0,2,62.0
Banashankari Stage V,1315.0,3,49.0
KR Puram,734.0,2,22.0
Kammanahalli,2900.0,4,200.0
Yelahanka,2317.0,3,140.0
Singasandra,600.0,1,45.0
Other,2200.0,4,115.0
Attibele,400.0,1,11.5
Yeshwanthpur,666.0,1,36.8
Kadubeesanahalli,3293.0,4,425.0
7th Phase JP Nagar,1174.0,2,47.0
Budigere,1153.0,2,56.7
Jalahalli,1000.0,4,90.0
Other,2400.0,5,85.0
Banashankari Stage III,910.0,2,160.0
Sarjapur  Road,1060.0,2,50.0
Banashankari,1000.0,2,50.0
Kanakpura Road,1843.0,3,88.0
Kanakpura Road,1150.0,3,40.25
Kodihalli,3197.0,4,335.0
Kaval Byrasandra,1125.0,2,41.5
Battarahalli,1516.0,3,65.0
Brookefield,1130.0,2,56.0
Iblur Village,3596.0,4,279.0
Hosa Road,1512.0,3,103.0
Thanisandra,1491.0,3,88.0
Cox Town,1250.0,2,95.0
Banashankari,1650.0,3,90.75
Raja Rajeshwari Nagar,1140.0,2,48.7
Thanisandra,1881.0,3,95.0
Kanakpura Road,1100.0,3,56.57
Iblur Village,2666.0,3,200.0
Other,1500.0,2,50.0
Other,1217.0,2,164.0
Whitefield,1197.0,2,50.0
Other,2400.0,6,170.0
Gollarapalya Hosahalli,1345.0,3,60.0
KR Puram,1200.0,4,100.0
Bannerghatta Road,3230.0,4,165.0
Banashankari Stage II,1260.0,3,95.0
Sarjapur  Road,2750.0,4,240.0
9th Phase JP Nagar,1200.0,2,80.0
Other,600.0,1,45.0
Sarjapur,2302.5,4,80.59
Hennur Road,973.0,2,56.0
Other,4110.0,4,590.0
Rajaji Nagar,2533.0,3,425.0
Balagere,1007.0,2,75.0
Hosa Road,800.0,1,39.99
Sarjapur  Road,1830.0,3,119.0
Nagavara,1077.0,2,50.0
Other,672.0,1,27.0
Other,1280.0,3,87.0
Electronics City Phase 1,865.0,2,40.0
Kalena Agrahara,1000.0,2,33.0
CV Raman Nagar,1285.0,2,65.0
Thanisandra,662.0,1,29.0
Whitefield,2297.0,5,269.0
Sarjapura - Attibele Road,3750.0,5,295.0
Kalkere,1850.0,3,95.0
Harlur,1754.0,3,132.0
Other,1200.0,5,150.0
1st Phase JP Nagar,2200.0,5,350.0
Other,1567.0,3,100.0
Hoskote,1695.0,3,50.0
Other,360.0,2,40.0
Bellandur,1150.0,2,69.44
1st Block Koramangala,2350.0,3,210.0
Karuna Nagar,1057.0,2,65.0
Hebbal,1320.0,2,91.0
Other,1125.0,2,48.0
Kanakpura Road,2254.0,3,170.0
Balagere,645.0,1,34.18
Rachenahalli,1050.0,2,52.08
Panathur,1040.0,2,41.6
Sarjapur  Road,1700.0,3,194.0
1st Block Jayanagar,1760.0,3,115.0
Bellandur,1138.0,3,128.0
Whitefield,3596.0,3,200.0
Kalkere,1365.0,3,54.0
Other,560.0,1,19.0
Bellandur,1540.0,4,45.0
Electronic City,1050.0,3,39.0
Other,360.0,4,37.0
Yelahanka,1653.0,3,93.0
Other,1471.0,3,75.0
Kudlu Gate,812.0,2,38.25
8th Phase JP Nagar,1504.0,3,83.0
Mahadevpura,1450.0,3,75.0
Kannamangala,957.0,2,54.5
Attibele,460.0,1,13.0
Other,900.0,2,128.0
Budigere,1820.0,3,85.0
Varthur Road,1033.0,2,32.0
Kumaraswami Layout,800.0,2,90.0
Other,520.0,1,29.0
OMBR Layout,1165.0,2,88.5
Gottigere,1280.0,2,61.0
Other,1950.0,3,230.0
Other,600.0,1,58.0
Kanakpura Road,1550.0,3,65.1
Jigani,1221.0,3,75.0
Other,1000.0,1,19.0
Hoskote,1065.0,2,31.5
Yelahanka New Town,1209.0,3,65.0
BTM 1st Stage,375.0,1,40.0
Other,7800.0,3,2000.0
Sarjapur  Road,1929.0,3,101.0
Hennur Road,1255.0,2,84.0
Jalahalli,1035.0,2,31.05
Other,1200.0,4,270.0
Whitefield,1275.0,3,65.0
Electronic City,1128.0,2,65.58
OMBR Layout,1200.0,4,200.0
Whitefield,1155.0,2,39.0
Kengeri,1245.0,3,43.57
Akshaya Nagar,1000.0,2,38.0
7th Phase JP Nagar,1040.0,2,75.0
Other,1477.0,3,75.0
Other,1050.0,4,85.0
Sarjapur  Road,1525.0,3,65.0
Other,2000.0,2,120.0
Other,1220.0,2,65.0
Hebbal,2388.0,3,195.0
Electronic City,1355.0,2,97.6
Whitefield,1141.0,2,62.0
Vijayanagar,1046.0,2,49.06
Bannerghatta Road,630.0,1,35.0
Pattandur Agrahara,1247.0,2,62.35
Marathahalli,3855.0,4,220.0
Other,850.0,2,32.5
KR Puram,1120.0,2,36.0
HSR Layout,800.0,8,285.0
Jakkur,1798.0,3,110.0
Bisuvanahalli,1180.0,3,45.0
Kereguddadahalli,1000.0,2,34.0
Whitefield,1216.0,2,82.0
Margondanahalli,900.0,2,65.0
TC Palaya,1100.0,2,65.0
Whitefield,1495.0,2,88.0
Kanakpura Road,1700.0,3,120.0
Whitefield,1564.0,3,103.0
Other,1256.0,2,65.0
Kundalahalli,1047.0,2,89.0
Bhoganhalli,1458.0,3,78.45
Hoodi,1063.0,2,61.17
Sadashiva Nagar,7400.0,4,1850.0
Garudachar Palya,1150.0,2,52.5
Chandapura,450.0,1,9.0
Ramamurthy Nagar,1360.0,2,45.0
Marathahalli,1605.0,3,76.0
Nagarbhavi,1200.0,3,205.0
LB Shastri Nagar,1250.0,2,48.5
R.T. Nagar,1100.0,2,125.0
Dommasandra,850.0,2,25.4
Electronic City Phase II,1025.0,2,26.65
Uttarahalli,980.0,2,45.0
Other,1428.0,3,70.0
Other,1130.0,2,74.0
JP Nagar,2050.0,3,82.0
Other,1407.0,2,83.87
Cunningham Road,4170.0,3,800.0
Whitefield,1585.0,3,84.0
Jakkur,1785.0,3,130.0
Kanakpura Road,1843.0,3,96.2
Other,2375.0,4,260.0
Akshaya Nagar,1113.0,2,52.0
Anekal,1150.0,3,45.0
Yeshwanthpur,770.0,2,70.0
Kodichikkanahalli,1181.0,2,57.0
Kanakpura Road,1550.0,3,64.7
1st Phase JP Nagar,1200.0,2,86.0
Kenchenahalli,480.0,3,65.0
Lingadheeranahalli,1506.0,3,95.0
Other,1872.0,3,152.0
Sarjapur  Road,2900.0,4,240.0
Abbigere,1326.0,3,35.0
Talaghattapura,1040.0,2,33.28
Other,1200.0,5,90.0
Hennur,1020.0,2,48.0
Other,1400.0,3,90.0
Neeladri Nagar,4000.0,10,160.0
Other,812.0,1,26.0
Other,829.0,2,22.8
Vijayanagar,750.0,5,95.0
Sanjay nagar,2700.0,4,350.0
Kanakpura Road,1500.0,3,72.99
Ananth Nagar,850.0,2,25.99
Kaval Byrasandra,1180.0,2,60.0
Cunningham Road,5108.0,4,995.0
Channasandra,1010.0,2,36.0
Marathahalli,1350.0,2,60.0
Talaghattapura,1100.0,2,50.0
Kanakpura Road,1450.0,3,62.93
Raja Rajeshwari Nagar,1133.0,2,40.0
Thanisandra,1564.0,3,100.0
Doddaballapur,640.0,2,10.5
Thigalarapalya,2072.0,3,157.0
Rajaji Nagar,432.0,2,65.0
Kanakapura,1460.0,3,51.1
Other,700.0,2,35.0
Yelahanka,654.0,1,38.0
Other,1105.0,2,50.0
Hebbal Kempapura,1800.0,3,150.0
Yelachenahalli,1200.0,2,160.0
Other,1000.0,2,51.0
HSR Layout,3500.0,5,350.0
Other,1240.0,3,63.0
Bellandur,1200.0,2,45.0
Yelahanka New Town,1400.0,3,80.0
Other,1393.0,3,54.0
Whitefield,1140.0,2,50.0
Sahakara Nagar,1000.0,5,130.0
Other,1640.0,3,70.0
Rajaji Nagar,720.0,2,65.0
Yelenahalli,1650.0,3,68.0
Nagavara,2496.0,4,125.0
9th Phase JP Nagar,905.0,2,32.0
HAL 2nd Stage,1600.0,3,125.0
Chikkalasandra,1070.0,2,45.48
Other,8400.0,4,1675.0
Koramangala,1200.0,2,100.0
Indira Nagar,1800.0,5,350.0
8th Phase JP Nagar,2600.0,4,115.0
Old Airport Road,1145.0,2,75.0
Other,1495.0,3,55.0
Other,1200.0,3,300.0
Other,1400.0,3,53.0
Whitefield,1558.0,3,90.0
Balagere,1007.0,2,53.0
Ananth Nagar,902.0,2,25.26
Other,1054.0,2,53.0
Gollarapalya Hosahalli,996.0,2,49.0
Other,1275.0,2,47.0
NRI Layout,1250.0,2,75.0
Hennur,2502.0,4,170.0
Other,1394.0,2,52.0
Other,1075.0,2,57.0
Mysore Road,1800.0,2,42.3
Indira Nagar,1500.0,3,120.0
Rayasandra,1708.0,4,76.0
Whitefield,1500.0,3,250.0
Other,1800.0,3,115.0
Harlur,1532.0,2,65.0
Other,1220.0,2,54.89
Electronics City Phase 1,1530.0,3,40.0
Hosa Road,840.0,2,28.0
Bommanahalli,1250.0,3,39.0
CV Raman Nagar,1030.0,2,35.0
Other,1499.0,3,89.0
Other,1280.0,3,55.0
Munnekollal,1170.0,2,59.0
Chikka Tirupathi,2646.0,3,99.0
Yelahanka,1633.0,2,72.0
Other,1050.0,2,65.0
Hennur Road,1650.0,4,309.0
Varthur Road,552.5,1,13.26
Attibele,418.0,1,11.5
Raja Rajeshwari Nagar,1510.0,3,55.0
Chikkalasandra,1390.0,3,60.47
Kasturi Nagar,1101.0,2,66.0
Other,2736.0,4,130.0
EPIP Zone,2350.0,3,163.0
Other,1056.0,2,55.0
Kanakpura Road,1425.0,3,49.88
Electronics City Phase 1,1450.0,3,70.0
Pai Layout,1000.0,2,34.0
Haralur Road,575.0,1,38.0
Kanakpura Road,2000.0,3,180.0
Other,1770.0,3,90.0
Other,3155.0,3,315.0
Anandapura,616.0,2,45.0
JP Nagar,745.0,1,34.27
Other,6500.0,7,104.0
HAL 2nd Stage,2400.0,4,650.0
Kudlu Gate,1547.0,2,103.0
Panathur,1713.0,3,120.0
Sarjapur,3300.0,4,430.0
Mahalakshmi Layout,1135.0,8,190.0
Yeshwanthpur,1856.0,3,180.0
Other,1152.0,2,57.0
Dodda Nekkundi,1100.0,2,46.75
Other,2357.0,3,135.0
Akshaya Nagar,1820.0,3,95.0
Kannamangala,1865.0,3,139.0
Kanakpura Road,1240.0,2,65.0
ISRO Layout,4200.0,4,255.0
Electronics City Phase 1,1450.0,3,63.51
Budigere,1139.0,2,72.0
Begur Road,1565.0,3,56.0
Anjanapura,1200.0,3,165.0
Other,600.0,4,77.0
Nagappa Reddy Layout,1200.0,2,39.0
Yeshwanthpur,1855.0,3,140.0
Margondanahalli,1100.0,2,55.0
Old Madras Road,2266.0,3,207.0
Hosur Road,660.0,1,23.0
Kodihalli,1490.0,2,150.0
Kambipura,1083.0,3,48.0
Hennur Road,1232.0,2,83.0
Raja Rajeshwari Nagar,1550.0,3,86.8
Whitefield,1227.0,2,70.0
Sarjapur  Road,1059.0,2,68.0
Electronic City Phase II,545.0,2,29.0
Mahadevpura,1152.0,2,54.0
Kenchenahalli,870.0,2,45.0
Panathur,1210.0,2,78.0
Thanisandra,663.0,1,46.1
Other,1464.0,3,135.0
Kadubeesanahalli,1365.0,3,80.0
Whitefield,1704.0,3,120.0
Whitefield,1495.0,3,60.55
Whitefield,1256.0,2,73.0
Kengeri,883.0,2,49.0
Bisuvanahalli,1080.0,3,45.0
Marsur,497.0,2,25.0
9th Phase JP Nagar,1073.0,2,52.36
Rajaji Nagar,3000.0,6,250.0
Other,1300.0,2,32.0
Thanisandra,662.0,1,45.0
5th Phase JP Nagar,1550.0,3,75.0
Other,1707.0,3,171.0
Banashankari,1310.0,2,80.43
Sarjapur  Road,1577.0,3,65.0
Kodigehaali,1324.0,3,65.0
Kothanur,1786.0,3,106.0
Other,565.0,1,33.0
Electronic City,635.0,1,28.0
Kalyan nagar,3000.0,6,400.0
8th Phase JP Nagar,1368.0,3,54.71
Kanakpura Road,1450.0,3,55.0
Devanahalli,1045.0,2,48.0
Electronic City,1128.0,2,65.4
Bhoganhalli,1125.0,2,54.0
Whitefield,1195.0,2,62.38
Other,630.0,1,70.0
Kaggadasapura,1350.0,3,105.0
Domlur,1740.0,3,120.0
Bommasandra,877.0,2,29.0
Whitefield,1770.0,3,68.0
Yelahanka New Town,450.0,1,15.0
Whitefield,1300.0,2,78.0
Doddathoguru,1300.0,3,42.0
Other,1250.0,2,62.4
Other,2400.0,3,130.0
Kanakpura Road,1420.0,3,68.0
Other,1720.0,3,83.0
Anandapura,1200.0,3,66.0
Whitefield,1570.0,3,88.0
Sarjapur  Road,1157.0,3,74.0
Sarjapur,535.0,2,20.0
Kanakapura,1120.0,2,39.2
Kenchenahalli,1150.0,2,60.0
Hebbal Kempapura,2400.0,5,200.0
6th Phase JP Nagar,2003.0,3,200.0
Kodichikkanahalli,900.0,2,42.0
Talaghattapura,1372.0,3,43.9
Chikka Tirupathi,4500.0,4,150.0
Bisuvanahalli,1180.0,3,55.5
Electronic City,1096.0,2,39.0
Yeshwanthpur,2504.0,3,138.0
Other,420.0,1,23.5
Hennur Road,1832.0,3,116.0
Anandapura,1380.0,6,130.0
Vasanthapura,940.0,2,40.0
Whitefield,4290.0,4,625.0
Electronic City Phase II,1020.0,2,29.45
Abbigere,2500.0,6,81.0
Raja Rajeshwari Nagar,1400.0,2,45.0
Other,1675.0,3,65.0
Tumkur Road,708.0,2,32.0
Channasandra,1123.0,2,36.0
Talaghattapura,1100.0,2,49.49
Other,1225.0,2,71.05
Lingadheeranahalli,1683.0,3,140.0
Kengeri Satellite Town,410.0,1,15.0
Banashankari Stage II,2400.0,3,300.0
Other,1350.0,4,90.0
Gubbalala,1475.0,2,80.0
Kengeri Satellite Town,1120.0,2,49.0
KR Puram,1150.0,2,42.0
Yeshwanthpur,1165.0,2,85.0
Harlur,1756.0,3,134.0
Ambedkar Nagar,1409.0,2,95.0
Mahadevpura,1212.0,2,56.9
Doddathoguru,1140.0,2,26.49
Hegde Nagar,2087.01,3,115.0
Jalahalli East,775.0,1,34.1
Sarjapur  Road,1700.0,3,118.0
Other,1732.5,3,91.855
Raja Rajeshwari Nagar,1110.0,2,52.0
Marathahalli,1550.0,7,160.0
Chikka Tirupathi,2704.0,4,105.0
Other,3760.0,2,280.0
Hormavu,1600.0,5,140.0
Bhoganhalli,1205.0,2,64.47
Other,1200.0,7,139.0
Other,3071.0,3,300.0
Dasanapura,2400.0,4,100.0
Other,850.0,2,34.0
Raja Rajeshwari Nagar,1580.0,3,83.74
Whitefield,1216.0,2,84.03
KR Puram,4600.0,9,200.0
Hebbal,1040.0,2,55.0
Choodasandra,2429.0,4,210.0
Other,1260.0,3,49.0
Kanakpura Road,1498.0,3,74.9
Vidyaranyapura,1200.0,3,65.0
Electronic City,1355.0,2,72.9
Yeshwanthpur,1860.0,3,168.0
Whitefield,1240.0,2,70.0
Kanakpura Road,1300.0,3,55.0
Kundalahalli,2500.0,4,245.0
Ambedkar Nagar,1950.0,3,120.0
Ambalipura,1625.0,3,145.0
Electronic City,1200.0,2,30.0
OMBR Layout,1101.0,2,66.0
Whitefield,1216.0,2,72.5
Other,2100.0,3,70.0
Ananth Nagar,1470.0,3,54.0
Bannerghatta Road,1365.0,3,76.18
Hosa Road,1364.0,2,64.79
Banashankari Stage VI,1180.0,2,59.47
7th Phase JP Nagar,1800.0,3,130.0
Kothannur,1350.0,2,42.0
Thanisandra,1573.0,3,98.0
Other,1620.0,3,95.0
Doddakallasandra,1072.0,2,42.87
Other,560.0,1,21.0
Other,1156.0,2,46.0
Kudlu Gate,1336.0,2,86.0
Electronic City,1200.0,2,20.0
Marathahalli,3400.0,4,235.0
Raja Rajeshwari Nagar,1608.0,3,54.51
JP Nagar,4000.0,4,441.0
Whitefield,1215.0,2,40.0
Cox Town,1100.0,2,166.0
Green Glen Layout,1517.0,3,100.0
Mallasandra,1565.0,2,69.0
Other,1680.0,6,250.0
Whitefield,2025.0,3,115.0
Jalahalli,1057.0,2,34.71
Sadashiva Nagar,3850.0,3,650.0
Sarjapur,1044.0,2,34.0
Domlur,1695.0,3,125.0
Ramagondanahalli,1635.0,3,61.0
Other,1140.0,2,56.0
Electronic City,1150.0,2,35.0
Yelachenahalli,1110.0,2,110.0
Yeshwanthpur,1163.0,2,64.08
Thubarahalli,1418.0,3,65.0
Varthur,1155.0,2,60.0
Bannerghatta Road,1115.0,2,78.0
Other,2250.0,3,180.0
Other,1485.0,3,78.0
Whitefield,1920.0,4,250.0
Other,1350.0,1,45.0
Other,1209.0,2,100.0
Yelahanka,1445.0,2,82.0
 Devarachikkanahalli,1705.0,3,75.0
Indira Nagar,2200.0,3,160.0
Cunningham Road,2925.0,5,936.0
Laggere,1800.0,8,110.0
Whitefield,7200.0,5,900.0
Bellandur,1830.0,3,90.0
Electronics City Phase 1,1450.0,3,58.0
Hoodi,1259.0,2,69.45
Subramanyapura,1260.0,3,73.0
Kaggadasapura,2500.0,3,120.0
Kudlu Gate,1919.0,3,121.0
Vishveshwarya Layout,1400.0,6,160.0
Hennur Road,2050.0,3,120.0
Basavangudi,1050.0,2,103.0
Raja Rajeshwari Nagar,1640.0,3,86.8
Other,1488.0,3,65.0
Chikkalasandra,1265.0,3,53.12
Hennur,1640.0,3,120.0
9th Phase JP Nagar,1719.3,3,88.0
Kaggadasapura,1180.0,2,70.0
HBR Layout,1700.0,3,110.0
Kudlu Gate,1464.0,2,56.0
JP Nagar,1800.0,6,68.0
Cox Town,1495.0,4,300.0
Yelahanka,1225.0,2,62.0
7th Phase JP Nagar,1050.0,2,68.0
Sarjapur  Road,1691.0,3,120.0
Other,2250.0,3,199.0
Other,3700.0,4,314.0
Jalahalli,1244.0,8,130.0
Other,750.0,4,120.0
Other,1190.0,2,42.25
Hormavu,765.0,2,37.49
Chamrajpet,730.0,2,52.0
Other,1405.0,3,169.0
Old Madras Road,1350.0,3,45.9
Yelahanka New Town,500.0,1,18.0
7th Phase JP Nagar,1400.0,3,57.0
Hormavu,1668.0,3,120.0
Kenchenahalli,700.0,1,35.0
5th Phase JP Nagar,1485.0,3,66.0
Kanakpura Road,700.0,2,41.0
Whitefield,1346.0,3,100.0
Other,1050.0,2,43.5
1st Block Koramangala,1800.0,3,53.0
Electronic City,1609.0,3,115.0
Electronic City,770.0,2,35.0
Kudlu,1076.0,2,50.0
Kengeri,1052.0,2,51.0
Channasandra,1000.0,2,35.0
Bommasandra Industrial Area,1000.0,2,28.88
Thanisandra,1262.0,3,83.0
Other,720.0,3,48.0
Other,500.0,1,16.0
Sadashiva Nagar,3500.0,4,700.0
Other,1600.0,3,180.0
Ramagondanahalli,1251.0,2,53.0
Nagarbhavi,1050.0,3,175.0
Other,1140.0,2,49.0
Old Madras Road,1157.0,2,47.32
Other,648.0,1,34.0
Harlur,1197.0,2,78.0
Raja Rajeshwari Nagar,1500.0,3,51.04
Kumaraswami Layout,2400.0,3,125.0
Basaveshwara Nagar,900.0,2,60.0
Rachenahalli,2710.0,3,170.0
Other,1720.0,3,126.0
Other,1756.0,3,307.0
Yelahanka,602.0,1,38.0
Sarjapur  Road,1770.0,3,180.0
Kothannur,930.0,6,150.0
Rachenahalli,1200.0,2,46.5
Marsur,720.0,3,32.0
Kasavanhalli,1476.0,3,105.0
Thanisandra,1056.0,2,65.0
Other,825.0,2,35.0
EPIP Zone,1860.0,3,130.0
Gunjur,1063.0,2,40.0
Yelahanka,697.0,1,35.0
Vijayanagar,2400.0,1,230.0
CV Raman Nagar,1835.0,3,160.0
Bannerghatta Road,1532.5,3,79.465
BTM 2nd Stage,1147.0,2,75.0
Kothanur,3400.0,4,265.0
Other,1080.0,2,64.0
Doddakallasandra,1010.0,2,40.4
Other,2600.0,4,523.0
Brookefield,1270.0,2,95.0
Bellandur,1410.0,2,92.0
Yelahanka,1065.0,2,41.38
Hebbal,1315.0,3,65.0
Kaggadasapura,960.0,2,45.0
Other,800.0,2,29.0
Whitefield,1020.0,2,45.0
Magadi Road,750.0,2,27.0
Other,3000.0,3,550.0
Other,535.0,1,35.0
Varthur,1035.0,2,60.0
GM Palaya,1315.0,3,64.0
Basavangudi,1350.0,3,130.0
Bisuvanahalli,1075.0,3,48.0
Kengeri Satellite Town,1450.0,3,50.0
Gottigere,1806.0,1,150.0
Marathahalli,1350.0,2,99.0
Varthur,1100.0,2,72.0
Kundalahalli,1800.0,3,110.0
Gubbalala,1223.0,2,42.81
Bharathi Nagar,1664.0,3,69.89
Kasavanhalli,1158.0,2,67.0
Hormavu,1420.0,3,58.0
Rajaji Nagar,1268.0,2,127.0
Sarjapur  Road,1308.0,2,75.0
Basavangudi,1485.0,3,140.0
Other,1067.0,2,33.99
Hulimavu,2000.0,4,100.0
Rajaji Nagar,2450.0,3,330.0
Other,1152.0,2,42.0
Uttarahalli,1525.0,3,62.82
Whitefield,935.0,2,32.72
Other,1465.0,3,88.0
HBR Layout,1198.0,2,65.0
Other,1145.0,2,63.0
Attibele,1000.0,2,42.0
Anekal,400.0,1,11.5
Other,3420.0,4,410.0
Marathahalli,1310.0,3,63.22
Panathur,1861.0,3,92.0
Uttarahalli,1265.0,3,65.0
Raja Rajeshwari Nagar,1279.0,3,53.76
Other,680.0,2,60.0
Uttarahalli,1590.0,3,57.0
Hoodi,1837.0,3,142.0
Hegde Nagar,1703.0,3,130.0
Kudlu,1293.0,3,80.0
Other,1450.0,3,75.0
5th Phase JP Nagar,1030.0,2,57.0
Kanakpura Road,1570.0,3,65.93
7th Phase JP Nagar,1000.0,2,60.0
Varthur,1091.0,2,33.82
EPIP Zone,2210.0,3,165.0
Other,1738.0,3,110.0
Rajaji Nagar,1640.0,3,262.0
Gottigere,1205.0,2,56.58
Kengeri,1009.0,2,30.27
Thigalarapalya,3362.0,4,249.0
Mysore Road,1560.0,3,83.3
Rajaji Nagar,1600.0,4,140.0
Sanjay nagar,960.0,2,55.0
Whitefield,1024.0,2,32.0
Mico Layout,800.0,1,29.5
Sarjapur  Road,2650.0,3,260.0
Jakkur,1080.0,2,60.0
Hebbal,1150.0,2,55.0
Dasanapura,1286.0,3,68.0
Whitefield,2990.0,4,198.0
JP Nagar,1150.0,2,90.0
Cooke Town,1310.0,2,111.0
Prithvi Layout,1352.0,2,72.0
Bommanahalli,1307.0,2,50.0
Channasandra,1500.0,4,89.45
Thanisandra,1131.0,2,55.975
Whitefield,1600.0,3,69.1
Hosur Road,2835.0,4,241.0
Yelahanka,682.0,1,36.23
Whitefield,2500.0,4,420.0
Vittasandra,1650.0,3,85.5
Haralur Road,1850.0,3,120.0
Gubbalala,2000.0,4,85.0
Other,982.0,2,25.0
Other,2015.0,2,325.0
Thanisandra,1702.0,3,115.0
Amruthahalli,1250.0,2,79.0
Raja Rajeshwari Nagar,1240.0,2,40.54
Yelahanka,1023.0,2,52.59
Dairy Circle,1541.0,2,181.0
Other,1275.0,2,105.0
Jakkur,1260.0,2,71.195
Sarjapur  Road,1580.0,3,125.0
Thanisandra,1343.0,2,75.0
Bommasandra,1365.0,3,52.81
Kundalahalli,1047.0,2,72.0
Shampura,1187.0,2,42.0
Banashankari Stage III,1050.0,4,147.0
Frazer Town,560.0,1,90.0
Banashankari Stage III,1000.0,3,120.0
Other,1200.0,5,260.0
Choodasandra,1075.0,2,45.0
Dairy Circle,2048.0,3,206.0
Raja Rajeshwari Nagar,1090.0,2,57.0
Other,1119.0,3,48.5
Other,1355.0,3,58.25
Hennur Road,1445.0,3,86.69
Electronics City Phase 1,1314.0,6,120.0
Malleshwaram,6500.0,4,1400.0
Yeshwanthpur,1165.0,2,64.08
Hormavu,1081.5,2,38.665
Kothanur,1787.0,3,107.0
Mico Layout,3600.0,4,330.0
Battarahalli,1200.0,6,100.0
Sarjapur  Road,1797.0,3,95.0
Other,1095.0,2,55.85
Yelahanka,1560.0,3,98.0
5th Phase JP Nagar,1200.0,2,68.0
Rajaji Nagar,1200.0,2,200.0
Kanakpura Road,1450.0,3,65.0
Whitefield,1496.0,3,718.0
Thanisandra,1935.0,3,122.0
Hosa Road,1016.0,2,45.0
Jakkur,1816.0,3,119.0
Hoodi,2065.5,4,91.915
Kengeri,1220.0,2,63.0
Hosur Road,3000.0,4,160.0
7th Phase JP Nagar,980.0,2,86.0
Nagarbhavi,1200.0,4,210.0
Hormavu,1250.0,2,60.0
Jakkur,1424.0,2,80.0
Hennur Road,1297.0,2,49.9
Karuna Nagar,1300.0,3,170.0
Harlur,1290.0,2,89.9
Koramangala,1720.0,3,130.0
Judicial Layout,1200.0,7,199.0
Other,2320.0,3,160.0
Other,1237.0,3,78.0
Whitefield,1720.0,3,98.97
Chikkalasandra,1224.0,2,45.0
Yelahanka,1780.0,3,107.0
Seegehalli,4700.0,4,800.0
Electronics City Phase 1,1800.0,3,93.0
Budigere,1139.0,2,56.5
Other,588.0,1,88.2
Kengeri,1150.0,1,52.0
Channasandra,1330.0,3,51.83
Old Airport Road,2732.0,4,194.0
Kodigehaali,965.0,2,38.0
Whitefield,1600.0,3,95.0
Frazer Town,3100.0,3,400.0
Other,1840.0,2,95.0
Gubbalala,1223.0,3,39.14
Ramamurthy Nagar,1170.0,2,44.0
Old Madras Road,3630.0,4,207.0
Bellandur,950.0,2,35.0
Frazer Town,5400.0,3,400.0
Electronic City,865.0,2,40.0
Other,2400.0,4,89.0
Lakshminarayana Pura,1169.0,2,75.0
Hormavu,1206.0,2,40.0
Lingadheeranahalli,1683.0,3,110.0
Mico Layout,1250.0,3,44.0
Green Glen Layout,3150.0,4,218.0
Bhoganhalli,1234.6,3,104.0
Vijayanagar,492.0,1,40.0
Banashankari,600.0,2,27.0
Kalena Agrahara,1902.0,3,89.0
Other,1200.0,6,125.0
Other,1639.0,3,77.89
Kasavanhalli,1214.0,2,67.0
Other,565.0,2,15.0
Basaveshwara Nagar,2520.0,5,378.0
Harlur,1386.0,2,85.0
Bannerghatta Road,1535.0,3,60.0
Marathahalli,1720.0,3,175.0
Bannerghatta Road,1655.0,3,90.0
Vidyaranyapura,1200.0,2,52.0
Horamavu Banaswadi,1610.0,3,68.0
Ramamurthy Nagar,2200.0,4,130.0
Mahalakshmi Layout,1105.0,2,80.0
Banjara Layout,753.0,2,59.5
Whitefield,1655.0,3,108.0
Other,1700.0,3,250.0
Vishwapriya Layout,770.0,2,30.0
Balagere,1210.0,2,69.0
Hormavu,965.0,2,37.15
Whitefield,1740.0,3,95.0
Electronic City Phase II,1310.0,3,37.84
Sarjapur  Road,1763.25,3,98.0
Basaveshwara Nagar,1900.0,3,150.0
Kammanahalli,1000.0,6,150.0
JP Nagar,1450.0,3,55.0
CV Raman Nagar,1836.0,3,148.0
Other,1160.0,2,75.0
Hennur Road,1153.0,2,43.0
Marathahalli,1285.0,2,55.0
Other,2500.0,3,400.0
Kadubeesanahalli,1257.0,2,105.0
Whitefield,1200.0,3,56.72
Hormavu,583.0,1,28.275
Tumkur Road,1240.0,3,79.0
Other,1294.0,3,52.0
Other,1095.0,2,45.0
Electronics City Phase 1,1314.0,2,60.0
Koramangala,1900.0,3,120.0
Other,1040.0,2,36.84
Jakkur,1290.0,2,85.0
Kodigehaali,1200.0,4,130.0
Other,1325.0,3,47.0
Hormavu,1129.0,2,44.0
Balagere,790.5,1,42.295
Other,1108.0,2,48.0
Ananth Nagar,810.0,2,25.5
Other,1155.0,2,65.0
Rajaji Nagar,3900.0,6,260.0
Rajaji Nagar,2367.0,3,375.0
Sarjapur  Road,1550.0,3,98.0
Babusapalaya,1100.0,2,38.0
Kanakpura Road,1452.0,3,54.2
Kothanur,1141.0,2,54.0
Other,1500.0,3,67.49
Anekal,456.0,1,15.0
Ramamurthy Nagar,1200.0,4,125.0
Horamavu Agara,760.0,2,37.49
Koramangala,2400.0,6,480.0
Electronic City,800.0,2,32.0
Choodasandra,1180.0,2,71.22
Kaggadasapura,775.0,2,29.5
Other,1060.0,2,42.5
Cooke Town,3900.0,4,415.0
Yelahanka New Town,1420.0,3,75.0
Bhoganhalli,2439.0,4,190.0
1st Phase JP Nagar,1200.0,4,300.0
Hoodi,1111.0,2,49.43
Other,984.0,2,125.0
Begur Road,1200.0,2,42.0
Bannerghatta Road,1247.0,2,47.39
7th Phase JP Nagar,1050.0,2,77.47
Devanahalli,1550.0,3,85.0
7th Phase JP Nagar,1270.0,2,80.0
Balagere,1012.0,2,65.0
Electronic City,970.0,2,34.0
Thanisandra,933.0,2,55.0
Sarjapur,1200.0,3,76.13
Other,1148.0,2,69.0
7th Phase JP Nagar,1463.0,3,61.45
Other,1719.0,3,110.0
Whitefield,1350.0,2,88.0
Kaggadasapura,1250.0,3,47.0
1st Block Jayanagar,1700.0,8,50.0
Mahalakshmi Layout,4320.0,9,821.0
Whitefield,1030.0,2,44.0
Other,1420.0,3,70.0
Ramagondanahalli,9600.0,5,1800.0
Kanakpura Road,1703.0,3,126.0
Horamavu Banaswadi,1210.0,2,50.0
Other,3000.0,4,264.0
Other,1398.0,3,51.0
Nagavarapalya,1335.0,2,110.0
Mysore Road,540.0,4,85.0
Babusapalaya,1213.0,3,36.37
Raja Rajeshwari Nagar,1240.0,2,42.04
Yelahanka,1076.0,2,78.0
Other,1320.0,2,90.0
Whitefield,1216.0,2,80.0
Thanisandra,1100.0,2,42.0
Thanisandra,1183.0,2,77.3
Balagere,656.0,1,38.77
Sarjapur  Road,534.0,1,19.65
Other,1285.0,3,45.0
Hegde Nagar,2087.01,3,135.0
Other,1161.0,2,59.0
Begur,1306.0,2,65.0
Jakkur,2249.81,4,245.0
Other,1504.0,3,67.0
Balagere,645.0,1,39.0
Other,1230.0,2,68.0
Hebbal,1100.0,2,42.0
Yelahanka,1000.0,1,14.0
Other,1260.0,2,62.0
Ambalipura,1817.0,3,102.0
Kodihalli,3626.0,4,785.0
Basavangudi,1180.0,2,124.0
KR Puram,1050.0,2,55.0
Whitefield,2900.0,4,225.0
Kasavanhalli,2110.0,3,120.0
Mysore Road,500.0,1,17.5
Murugeshpalya,1930.0,3,75.0
Other,4560.0,4,430.0
Mahadevpura,1505.0,3,64.0
Other,2400.0,4,750.0
Ananth Nagar,890.0,2,27.0
Gunjur Palya,849.0,2,25.4
Chikka Tirupathi,1555.0,3,100.0
KR Puram,1057.0,2,30.0
7th Phase JP Nagar,1680.0,3,122.0
Other,799.0,2,35.0
Sarjapur  Road,1450.0,3,75.0
Kanakpura Road,1135.0,2,56.74
HSR Layout,2020.0,3,160.0
Other,2700.0,5,170.0
Hosa Road,1730.0,3,72.6
Dasarahalli,1950.0,3,125.0
Other,1077.0,2,34.46
Brookefield,1706.0,3,115.0
Other,3000.0,5,300.0
Channasandra,1093.0,2,37.0
Ambalipura,2750.0,4,142.0
Whitefield,1340.0,2,101.0
Sarjapur  Road,984.0,2,59.0
AECS Layout,1135.0,2,68.0
Bannerghatta Road,2400.0,4,344.0
Varthur,1155.0,2,39.0
Kaggalipura,700.0,1,35.0
Horamavu Agara,1150.0,2,42.0
Hormavu,1385.0,3,69.25
Kathriguppe,1335.0,3,73.43
Bellandur,1015.0,2,60.0
Banashankari Stage III,3000.0,6,150.0
Frazer Town,1180.0,2,105.0
Hennur Road,1445.0,3,83.0
Vasanthapura,1500.0,2,65.0
Ramamurthy Nagar,1286.0,1,48.0
KR Puram,1085.0,2,46.5
Kadugodi,2760.0,4,290.0
Sarjapura - Attibele Road,1330.0,3,49.0
Ramagondanahalli,845.0,2,45.82
Ambalipura,1303.0,2,80.0
Other,1560.0,3,125.0
Other,1290.0,3,45.33
Bannerghatta Road,1237.5,2,49.49
9th Phase JP Nagar,1780.0,3,88.0
Budigere,1636.0,3,83.0
Hennur,2557.0,4,170.0
Sector 2 HSR Layout,1332.0,2,101.0
Sadashiva Nagar,7500.0,5,1500.0
Kengeri,1192.0,2,53.5
Uttarahalli,1213.0,2,48.0
Sarjapur  Road,1489.0,3,88.0
Sarjapur,1200.0,2,62.0
Electronic City Phase II,1140.0,2,28.5
Devanahalli,1200.0,3,55.08
Ananth Nagar,1200.0,2,36.0
Vidyaranyapura,2640.0,5,225.0
Bannerghatta Road,1650.0,3,94.0
Other,1245.0,2,120.0
Ardendale,1224.0,2,67.0
Gunjur,1235.0,2,52.76
Yelenahalli,1200.0,2,45.6
Yelahanka,1342.0,3,75.0
9th Phase JP Nagar,600.0,3,79.0
TC Palaya,1800.0,2,80.0
HAL 2nd Stage,2280.0,4,615.0
Rajaji Nagar,2440.0,4,415.0
Abbigere,1130.0,2,46.33
Somasundara Palya,1186.0,2,72.0
Hennur,1295.0,2,64.0
Bannerghatta Road,905.0,2,65.0
Hormavu,1165.0,2,40.0
Kanakpura Road,1328.0,2,107.0
Other,1485.0,3,110.0
Uttarahalli,1475.0,3,59.0
Vidyaranyapura,1175.0,2,35.0
Other,720.0,4,95.0
Koramangala,4000.0,5,800.0
Hoskote,1395.0,3,63.0
Hoodi,711.0,1,42.65
Electronic City,630.0,1,40.5
Other,2400.0,4,88.0
Gottigere,1170.0,2,40.0
Marathahalli,2500.0,4,181.0
Gubbalala,1100.0,2,49.5
Hulimavu,3560.0,4,318.0
Bommasandra Industrial Area,1160.0,2,33.51
Varthur,1180.0,2,55.0
Tumkur Road,1441.0,3,95.0
Other,1115.0,2,50.0
Yeshwanthpur,1825.0,3,145.0
Other,1489.0,2,101.0
Other,2800.0,4,365.0
Subramanyapura,1278.0,3,62.71
Hormavu,1065.0,2,50.92
Whitefield,1190.0,2,64.0
Koramangala,1130.0,2,63.0
Banashankari,1430.0,2,87.8
HRBR Layout,1900.0,4,90.0
Sarjapur  Road,1104.0,2,34.22
Begur Road,1240.0,2,45.88
Choodasandra,1140.0,2,62.0
Sarjapur,3508.0,4,425.0
KR Puram,1700.0,3,105.0
Old Airport Road,2658.0,4,189.0
OMBR Layout,3400.0,4,275.0
Balagere,645.0,1,41.0
Hormavu,1046.0,2,60.0
Munnekollal,1200.0,10,230.0
Other,1500.0,1,300.0
Other,3000.0,6,300.0
Thubarahalli,975.0,2,50.0
ISRO Layout,1050.0,2,51.0
HSR Layout,1200.0,9,350.0
Other,1903.0,3,165.0
Bommenahalli,1286.0,3,232.0
Other,1200.0,2,38.0
Other,2996.0,4,200.0
Other,3400.0,4,200.0
Whitefield,2000.0,4,312.0
Jigani,1453.0,4,160.0
Other,1092.0,2,43.0
Hormavu,1400.0,2,75.0
Bommanahalli,1416.0,3,85.0
Electronic City,1100.0,2,41.0
Kothanur,1760.0,3,110.0
Marathahalli,3800.0,4,235.0
Vasanthapura,1037.0,2,36.28
Yeshwanthpur,1384.0,3,76.18
Other,551.0,1,30.0
Indira Nagar,2400.0,4,1250.0
7th Phase JP Nagar,500.0,1,70.0
Sarjapur,900.0,2,27.98
Anandapura,1415.0,3,74.0
Other,1400.0,2,44.8
Other,1300.0,7,52.0
Other,2850.0,3,460.0
Kudlu,1030.0,2,75.0
Anjanapura,1800.0,4,55.0
Other,10000.0,5,1950.0
Old Madras Road,1210.0,2,77.0
Vishveshwarya Layout,2000.0,4,90.0
Other,1780.0,3,100.0
Other,950.0,5,55.0
Panathur,1050.0,2,60.0
Hosur Road,1370.0,3,38.36
Marathahalli,3951.0,4,230.0
Bellandur,2500.0,3,112.0
Other,1050.0,2,49.5
Anjanapura,1843.0,3,87.54
Somasundara Palya,1186.0,2,76.0
Haralur Road,560.0,1,45.0
Mahalakshmi Layout,1200.0,4,160.0
Yelahanka,1823.0,3,103.0
Other,1310.0,3,90.0
Varthur,1520.0,3,60.0
Bhoganhalli,1610.0,3,74.03
Whitefield,1500.0,3,78.57
LB Shastri Nagar,1400.0,3,80.0
HRBR Layout,1625.0,3,120.0
Chikkalasandra,1500.0,5,265.0
Other,900.0,2,24.0
Talaghattapura,1100.0,2,32.0
Bannerghatta Road,1000.0,2,50.0
Old Airport Road,2774.0,4,197.0
Yeshwanthpur,994.0,1,54.67
Kaggadasapura,1455.0,3,75.0
Chandapura,1200.0,5,79.0
Lakshminarayana Pura,1172.0,2,75.0
Hennur,1935.0,3,102.0
Rachenahalli,1856.0,3,106.0
Old Airport Road,2392.0,3,249.0
Uttarahalli,900.0,2,35.0
Raja Rajeshwari Nagar,1757.0,3,98.0
Kudlu,1027.0,2,44.0
Whitefield,1626.0,3,85.0
Hoodi,1559.0,3,81.55
Amruthahalli,1190.0,2,50.0
KR Puram,1200.0,2,72.0
Harlur,1174.0,2,74.0
Kanakpura Road,1140.0,2,65.0
Other,1603.0,3,125.0
Subramanyapura,1278.0,3,70.0
Other,2180.0,3,285.0
Banashankari Stage III,1085.0,2,50.0
Whitefield,1195.0,2,61.36
Other,450.0,1,30.0
Rajaji Nagar,6500.0,4,1400.0
Attibele,550.0,1,11.5
Kenchenahalli,1165.0,2,45.0
Other,3000.0,4,301.0
Kanakpura Road,1452.0,3,60.0
Sarjapur  Road,702.0,1,52.0
Banashankari,1020.0,2,42.83
Devanahalli,1340.0,2,65.0
Marathahalli,1125.0,2,54.8
Other,1160.0,2,40.53
Vidyaranyapura,1050.0,2,50.0
JP Nagar,1960.0,3,138.0
Ganga Nagar,1200.0,2,52.0
Judicial Layout,1200.0,3,220.0
Old Airport Road,3496.0,4,262.0
Electronic City,975.0,2,32.0
Kudlu,1700.0,3,125.0
8th Phase JP Nagar,1800.0,4,230.0
Other,612.0,4,47.0
Other,1275.0,2,69.0
Yeshwanthpur,650.0,1,40.0
Kasavanhalli,1495.0,2,110.0
Hebbal,1200.0,2,48.0
Hennur Road,1679.0,3,94.86
Kaval Byrasandra,1450.0,3,75.0
Balagere,1210.0,2,82.0
Other,1300.0,3,51.0
Judicial Layout,1165.0,2,49.61
Other,1623.0,3,155.0
Channasandra,1115.0,2,35.8
BTM Layout,450.0,1,20.0
Electronics City Phase 1,1170.0,2,62.0
KR Puram,2065.0,4,248.0
Marathahalli,1700.0,3,126.0
Uttarahalli,1080.0,6,160.0
Malleshpalya,1245.0,2,55.0
Kanakapura,1017.0,2,66.0
7th Phase JP Nagar,650.0,6,80.0
Sarjapur  Road,1242.0,2,75.0
Yelahanka,1792.0,3,104.0
Other,1275.0,3,55.0
8th Phase JP Nagar,1200.0,6,260.0
Other,2400.0,3,408.0
Electronic City,605.0,1,22.0
HBR Layout,1200.0,4,115.0
Electronics City Phase 1,1450.0,3,79.0
Bommenahalli,1232.0,3,96.0
Laggere,1800.0,5,70.0
Other,900.0,1,52.3
Kaggadasapura,1200.0,2,40.0
Kadugodi,2100.0,4,204.0
Uttarahalli,1065.0,2,42.6
Other,1075.0,2,48.38
Other,1508.0,6,240.0
Other,780.0,2,31.0
Ramagondanahalli,1910.0,3,150.0
Cox Town,1280.0,2,120.0
Raja Rajeshwari Nagar,1530.0,3,64.0
Bhoganhalli,2439.0,4,170.0
Other,1088.0,2,43.5
Raja Rajeshwari Nagar,1587.0,3,73.8
Kaggadasapura,1045.0,2,55.0
Yelahanka,1304.0,2,69.97
Whitefield,1100.0,2,65.0
Hennur Road,1482.0,3,68.9
Devanahalli,2125.0,3,107.0
Varthur,1000.0,5,65.0
Other,1194.0,2,45.0
Kengeri,1200.0,2,42.0
Other,1070.0,2,32.99
Whitefield,1100.0,2,46.5
Whitefield,1270.0,3,65.0
Other,1000.0,2,31.0
Vittasandra,1246.0,2,69.0
Raja Rajeshwari Nagar,1529.0,3,51.77
Thanisandra,1185.0,2,42.0
Gubbalala,1060.0,2,46.0
Ananth Nagar,1319.0,3,37.75
Kaikondrahalli,991.0,2,64.0
Thanisandra,662.0,1,38.0
Other,1200.0,2,110.0
Other,1400.0,3,78.0
Talaghattapura,1575.0,3,80.0
Hosakerehalli,600.0,2,65.0
Electronic City,717.0,5,78.0
Ananth Nagar,1319.0,3,42.0
Brookefield,2000.0,3,300.0
9th Phase JP Nagar,600.0,3,85.0
Electronics City Phase 1,940.0,2,48.0
Kodigehalli,500.0,2,55.0
Bharathi Nagar,1349.0,2,56.7
Whitefield,3117.0,3,261.0
HSR Layout,1844.0,3,95.0
Sarjapur  Road,2275.0,3,185.0
Bannerghatta,2895.5,4,246.0
Varthur Road,1140.0,2,49.11
Banjara Layout,900.0,3,79.0
Other,2648.0,3,238.0
Judicial Layout,5400.0,5,700.0
Banashankari,1372.0,3,48.02
Other,1455.0,3,45.0
Hebbal,1100.0,2,38.0
Other,1475.0,3,80.0
Nagavarapalya,1788.0,3,164.0
Kudlu Gate,1850.0,3,120.0
Marathahalli,1315.0,3,60.0
Other,1721.0,3,93.0
Sonnenahalli,1059.0,2,62.0
Kadubeesanahalli,1184.0,2,55.0
Yelahanka,1400.0,7,175.0
Koramangala,2223.0,3,300.0
Other,1480.0,3,75.0
Kodigehalli,635.0,2,28.0
Other,2400.0,2,228.0
JP Nagar,1500.0,4,87.0
Hosa Road,1143.0,2,34.2
Sarjapur  Road,3200.0,4,350.0
Kanakpura Road,3170.0,4,250.0
Kothannur,1485.0,3,59.4
Rajaji Nagar,1640.0,3,251.0
Hennur,1655.0,3,70.5
Other,1163.0,2,68.0
Yelahanka New Town,1286.0,1,18.0
Hennur Road,1654.0,3,97.8
Other,801.0,1,33.645
Other,2100.0,4,1000.0
Bellandur,1685.0,3,101.0
Banashankari,1540.0,3,80.0
Thanisandra,1265.0,2,72.0
Kasavanhalli,1200.0,3,38.4
Other,1300.0,3,80.0
Sultan Palaya,1009.0,2,65.0
Other,1540.0,3,65.0
Bellandur,1735.0,3,105.0
HSR Layout,2500.0,4,300.0
Marsur,497.0,2,20.0
Hosakerehalli,2480.0,3,265.0
Electronic City,1142.0,2,35.0
Other,1215.0,3,46.8
Electronic City,1070.0,2,48.0
Bommasandra Industrial Area,1125.0,2,32.49
Kasavanhalli,1575.0,2,85.0
Hosa Road,1360.0,2,77.61
Haralur Road,1710.0,3,85.0
Electronic City Phase II,1200.0,2,34.65
Bannerghatta Road,2185.0,4,120.0
Other,2400.0,4,135.0
Banashankari,1195.0,2,35.84
Bannerghatta Road,1012.0,2,45.0
Ganga Nagar,998.0,2,65.0
Doddaballapur,2400.0,3,250.0
7th Phase JP Nagar,1130.0,2,85.0
Koramangala,1744.0,3,210.0
Rajaji Nagar,2733.0,4,259.0
Karuna Nagar,1354.0,3,98.0
Other,3300.0,10,450.0
Brookefield,1389.0,2,94.0
Sarjapur,2970.0,4,130.0
Cooke Town,2560.0,3,310.0
Other,500.0,3,75.0
Kaggadasapura,1495.0,3,60.0
Varthur,1738.0,2,57.35
Dodda Nekkundi,1315.0,2,50.0
Marathahalli,1270.0,2,73.0
Electronic City Phase II,1160.0,2,52.2
Raja Rajeshwari Nagar,1450.0,3,67.0
Rayasandra,470.0,1,21.0
Other,1040.0,2,78.0
Sarjapur,1205.0,2,29.0
Other,1215.0,3,50.0
Whitefield,1135.0,2,58.0
8th Phase JP Nagar,1224.0,3,48.95
Budigere,664.0,1,34.0
Electronic City,1160.0,3,42.0
Babusapalaya,1200.0,2,105.0
Bommasandra Industrial Area,1220.0,3,35.2
Bharathi Nagar,1328.0,2,69.0
Other,975.0,2,45.0
Other,1907.0,3,200.0
Malleshwaram,900.0,2,72.0
Other,1330.0,2,80.0
Rajiv Nagar,2330.0,4,175.0
Munnekollal,1222.0,3,95.0
Dodsworth Layout,4446.0,3,410.0
Sarjapur  Road,2100.0,3,135.0
Sarjapur  Road,3335.0,4,290.0
Whitefield,3150.0,3,290.0
Other,1320.0,3,95.0
9th Phase JP Nagar,820.0,7,140.0
Other,8000.0,5,550.0
Hennur Road,2400.0,4,500.0
Hosur Road,2000.0,4,130.0
Electronic City Phase II,1244.0,2,55.0
Gunjur Palya,1400.0,3,45.0
Rajaji Nagar,1056.0,2,250.0
Hebbal,2630.0,4,188.0
Indira Nagar,2800.0,4,365.0
Seegehalli,1683.0,3,80.0
Yelahanka,1250.0,2,54.0
Hennur Road,1305.0,3,110.0
Sarjapur  Road,3009.0,3,331.0
Kaggalipura,1150.0,3,57.5
Kaggadasapura,1654.0,3,70.0
Other,4500.0,4,225.0
Kasavanhalli,1069.0,2,55.0
Chandapura,750.0,2,18.5
Banashankari,675.0,4,140.0
Hormavu,2400.0,3,177.0
Koramangala,1410.0,4,280.0
7th Phase JP Nagar,1680.0,3,130.0
Other,3500.0,3,500.0
Other,2200.0,4,150.0
Thanisandra,1595.0,3,105.0
Hennur Road,1480.0,3,100.0
Other,1092.0,3,95.0
Koramangala,1866.0,3,245.0
Hebbal,3895.0,3,390.0
Banashankari,1683.0,3,115.0
Dasanapura,545.0,2,22.34
Banaswadi,1340.0,2,73.0
Other,1100.0,3,53.0
Akshaya Nagar,2000.0,1,200.0
Whitefield,1185.0,2,56.0
Haralur Road,1730.0,3,95.0
Hennur Road,1450.0,3,88.6
Sarjapur  Road,1862.0,3,110.0
Sarjapur  Road,4000.0,4,578.0
Old Madras Road,2430.0,3,180.0
Hoodi,863.0,1,40.55
Other,1170.0,2,50.0
Other,1075.0,2,50.0
Kodichikkanahalli,1060.0,2,34.0
Sarjapur,850.0,2,32.0
Other,935.0,2,45.9
Gollarapalya Hosahalli,1905.0,4,86.0
Other,2000.0,6,300.0
9th Phase JP Nagar,600.0,6,75.0
Chikkabanavar,1500.0,4,105.0
Bannerghatta Road,1725.0,3,85.0
Other,1120.0,2,36.0
Brookefield,1750.0,3,75.0
7th Phase JP Nagar,2000.0,3,77.0
Koramangala,1745.0,3,98.0
Other,750.0,5,95.0
Uttarahalli,1270.0,3,55.25
Iblur Village,5384.0,5,420.0
Sahakara Nagar,1180.0,2,72.0
Other,1130.0,2,75.0
Ardendale,1723.0,3,95.0
Mysore Road,1175.0,2,70.5
Ambalipura,1607.0,3,112.0
Other,1334.0,2,62.0
Vishwapriya Layout,2800.0,5,130.0
Bannerghatta,1113.0,2,70.0
9th Phase JP Nagar,1300.0,3,58.0
Judicial Layout,2400.0,4,350.0
Sahakara Nagar,1200.0,2,60.0
Jakkur,5150.0,4,559.0
2nd Stage Nagarbhavi,1200.0,5,290.0
Whitefield,2956.0,4,234.0
Begur Road,1100.0,5,165.0
Panathur,1398.0,2,97.0
Margondanahalli,1152.0,2,66.0
Nagavara,1110.0,2,44.95
 Devarachikkanahalli,1116.0,2,47.0
Babusapalaya,1061.0,2,33.84
Malleshwaram,620.0,1,86.8
Yelahanka,1270.0,2,57.0
Other,966.0,2,50.0
Kodigehalli,1320.0,4,249.0
Iblur Village,3596.0,4,297.0
Other,1630.0,3,131.0
Other,600.0,5,72.0
Amruthahalli,1202.0,2,65.0
Other,1200.0,4,250.0
Jakkur,1300.0,2,80.0
Uttarahalli,1200.0,6,330.0
Electronic City,1360.0,3,70.0
Hennur Road,1155.0,2,69.18
Hosakerehalli,2378.0,3,310.0
Hulimavu,1011.0,2,38.0
HSR Layout,1203.0,2,72.0
Hebbal,1645.0,3,113.0
Horamavu Agara,1364.0,3,50.0
Other,1050.0,1,41.0
Kothanur,1365.0,3,66.0
Jigani,1252.0,3,70.0
Panathur,1065.0,2,58.0
Sahakara Nagar,1032.0,2,45.0
Frazer Town,2900.0,4,325.0
Sector 2 HSR Layout,1515.0,3,69.0
Other,1427.0,2,52.0
Magadi Road,940.0,2,50.0
Other,800.0,5,95.0
Bannerghatta Road,1460.0,3,80.0
Sarjapur  Road,2275.0,3,175.0
9th Phase JP Nagar,1522.0,3,90.0
Other,3210.0,3,380.0
Thanisandra,1185.0,2,42.67
Other,5425.0,13,275.0
Banashankari,1800.0,3,125.0
Electronics City Phase 1,940.0,2,44.0
Marathahalli,1530.0,3,71.0
Other,1050.0,2,48.0
Subramanyapura,929.0,2,49.0
Banjara Layout,3750.0,4,145.0
Whitefield,1530.0,3,75.0
Other,900.0,2,48.0
Vasanthapura,978.0,2,34.22
Other,4041.0,4,345.0
Ambalipura,770.0,1,43.82
Kaval Byrasandra,1066.0,2,55.0
Whitefield,1015.0,2,45.0
Hebbal,1175.0,2,54.05
Chikkabanavar,1200.0,4,130.0
Vidyaranyapura,1188.0,2,50.0
Indira Nagar,2400.0,5,700.0
Other,620.0,1,25.0
Other,1210.0,2,75.0
Attibele,1000.0,3,90.0
Rajaji Nagar,1500.0,3,99.0
Electronic City,1800.0,4,190.0
Thanisandra,1185.0,2,43.66
Basavangudi,1600.0,3,130.0
Gottigere,1100.0,2,28.0
Yelahanka,1300.0,2,69.23
Kasavanhalli,1100.0,2,68.0
Ambalipura,860.0,2,28.93
Panathur,1007.0,2,64.0
Akshaya Nagar,1100.0,2,48.0
Whitefield,1187.0,2,38.0
R.T. Nagar,1150.0,2,72.0
Nagavara,2400.0,3,252.0
Other,1180.0,2,41.94
Budigere,1820.0,3,85.2
Other,2400.0,3,775.0
KR Puram,3628.0,4,246.0
Other,1430.0,3,70.0
Old Madras Road,1165.0,2,40.77
Jalahalli,1569.0,3,118.0
Other,1950.0,3,95.0
Yelahanka New Town,2437.0,3,125.0
Marathahalli,950.0,2,46.7
Bellandur,1685.0,3,115.0
Green Glen Layout,3270.0,4,205.0
Sarjapur  Road,1314.0,2,110.0
Other,1130.0,2,68.0
Other,1200.0,6,122.0
Sultan Palaya,890.0,6,160.0
Other,857.0,3,95.0
Whitefield,2247.0,3,145.0
Marathahalli,1550.0,3,85.0
Hoodi,1715.0,3,100.0
Hennur Road,1053.0,2,53.0
Begur Road,1200.0,3,50.0
HBR Layout,1800.0,3,230.0
Chikkabanavar,2400.0,5,97.0
Other,1245.0,2,60.0
Whitefield,3940.0,4,265.0
Thanisandra,1241.0,3,65.0
7th Phase JP Nagar,2980.0,3,260.0
Other,600.0,6,130.0
Other,1390.0,3,50.0
Other,600.0,8,175.0
Other,2750.0,3,275.0
Koramangala,1350.0,2,103.0
Sarjapur  Road,1787.0,3,116.0
BTM Layout,2400.0,3,220.0
Haralur Road,3700.0,4,325.0
Sarjapur  Road,1691.0,3,93.01
Chikka Tirupathi,2325.0,3,95.0
Thyagaraja Nagar,570.0,5,80.0
Akshaya Nagar,1896.0,3,102.0
Banashankari Stage V,1540.0,3,48.51
Other,1244.0,2,95.0
Hormavu,1365.0,3,65.0
Thanisandra,580.0,1,27.5
Other,1500.0,3,180.0
8th Phase JP Nagar,1513.0,2,62.0
Banashankari,1175.0,2,41.13
Thanisandra,2087.0,3,139.0
Talaghattapura,2273.0,3,145.0
Thanisandra,2050.0,3,150.0
Whitefield,1190.0,2,59.0
Kodigehalli,600.0,4,85.0
Thigalarapalya,1830.0,3,133.0
Channasandra,4278.0,7,299.0
Sarjapur  Road,1028.0,2,56.0
Whitefield,1160.0,2,67.0
Mahadevpura,1505.0,3,78.0
Other,400.0,1,50.0
Sarjapur,1175.0,2,41.68
Other,1100.0,2,57.6
Devanahalli,1230.0,2,56.45
Other,1200.0,3,180.0
Other,3100.0,5,165.0
Old Madras Road,5020.0,5,287.0
Dodsworth Layout,1340.0,2,71.0
Banashankari,1750.0,3,89.0
Banashankari Stage II,1400.0,2,100.0
Nagarbhavi,1350.0,3,60.0
Other,1675.0,3,62.0
Thanisandra,1340.0,2,66.33
Malleshwaram,600.0,2,68.0
Hulimavu,1276.0,2,76.0
Ramagondanahalli,1738.0,3,76.0
Other,1190.0,2,59.9
Electronic City,1128.0,2,65.45
Other,1250.0,2,55.0
Other,1450.0,2,90.0
Kudlu,1084.0,2,53.0
Kaggadasapura,2150.0,4,90.0
Koramangala,6000.0,4,625.0
Nagarbhavi,600.0,4,77.0
Hosur Road,1250.0,2,65.0
Seegehalli,2400.0,3,240.0
Begur,1304.0,3,65.0
Rajaji Nagar,1640.0,3,268.0
7th Phase JP Nagar,980.0,2,77.44
Other,1275.0,2,49.5
Other,10030.0,1,150.0
Banjara Layout,2500.0,3,140.0
Other,3600.0,4,225.0
Anekal,2400.0,3,95.0
Other,2300.0,3,280.0
Kanakpura Road,1450.0,3,70.18
Electronic City,890.0,2,40.0
Bannerghatta Road,1340.0,2,85.0
Vidyaranyapura,1100.0,3,75.0
Kengeri,750.0,2,40.0
Basaveshwara Nagar,700.0,4,125.0
Akshaya Nagar,1300.0,2,66.0
HRBR Layout,1301.0,2,120.0
Other,3200.0,9,130.0
Other,1900.0,3,92.0
Kanakpura Road,1299.0,2,105.0
Whitefield,1600.0,4,300.0
Kalkere,925.0,2,55.0
Other,3900.0,3,250.0
Uttarahalli,1107.0,2,45.0
Other,1400.0,2,160.0
Electronics City Phase 1,1300.0,2,67.0
Yeshwanthpur,570.0,2,62.0
Other,1715.0,3,95.0
Uttarahalli,1200.0,2,55.0
Other,1200.0,6,280.0
Other,703.0,2,60.0
Marathahalli,1144.0,2,65.0
Kanakpura Road,525.0,1,26.01
Other,1400.0,3,56.0
Balagere,661.0,1,33.0
Other,1200.0,6,160.0
Kengeri Satellite Town,1200.0,5,70.0
Yelahanka,1705.0,3,91.0
Other,1035.0,5,170.0
Kadugodi,1430.0,3,55.0
Marathahalli,1240.0,2,55.0
Electronics City Phase 1,1000.0,2,28.0
Other,740.0,4,24.5
Uttarahalli,1330.0,3,46.45
Sarjapur  Road,3005.0,4,275.0
Shivaji Nagar,1300.0,3,170.0
Kengeri Satellite Town,936.0,4,60.84
Banashankari Stage III,1500.0,3,100.0
Kodigehalli,1200.0,3,156.0
Cox Town,1073.0,2,72.0
Kudlu,1300.0,2,56.0
Sarjapur,4201.0,4,435.0
Whitefield,1216.0,2,66.88
Jigani,1252.0,3,59.0
Hormavu,1196.0,2,44.8
Padmanabhanagar,610.0,3,75.0
Other,1270.0,3,57.15
Mico Layout,1171.0,2,39.0
Kothannur,1215.0,3,48.6
Other,600.0,1,20.0
Whitefield,1180.0,2,77.0
Electronic City Phase II,1160.0,2,33.51
Other,4382.0,4,400.0
Whitefield,2140.0,3,139.0
Yeshwanthpur,1500.0,3,100.0
Banaswadi,1008.0,2,52.0
Ambedkar Nagar,1921.0,3,129.0
Electronic City,1127.0,2,32.0
Rajaji Nagar,1621.0,3,124.0
Other,2400.0,3,360.0
Other,1030.0,3,77.25
Whitefield,1314.0,2,84.0
Banashankari Stage VI,600.0,4,97.0
JP Nagar,1590.0,3,85.0
Shivaji Nagar,703.0,2,49.5
Hosakerehalli,1795.0,3,64.62
Gottigere,3000.0,4,132.0
Electronic City,825.0,2,35.0
Yelahanka,4025.0,4,350.0
Other,1254.0,3,70.0
Ramagondanahalli,2040.0,3,114.0
Malleshwaram,2475.0,3,337.0
Other,1669.0,3,298.0
Nagappa Reddy Layout,1820.0,3,79.5
Horamavu Agara,1623.0,3,89.0
Electronic City,1200.0,2,40.5
Gottigere,1613.0,3,72.0
Other,1293.0,2,80.0
Hoskote,1065.0,2,28.5
Kudlu Gate,940.0,2,69.57
Sarjapur  Road,1181.0,3,65.0
Marathahalli,1100.0,1,75.0
Other,1050.0,2,36.0
Subramanyapura,1260.0,3,75.0
Banashankari Stage II,2800.0,5,425.0
Other,1500.0,3,56.0
KR Puram,1200.0,6,132.0
Other,1000.0,2,66.0
Whitefield,1530.0,3,73.0
Other,1864.0,3,115.0
Sarjapur,1575.0,3,55.0
Attibele,1200.0,3,105.0
Raja Rajeshwari Nagar,945.0,2,45.0
Sarjapur  Road,1691.0,3,100.0
Other,1200.0,2,135.0
Electronic City Phase II,1220.0,3,35.25
Kengeri,600.0,1,35.0
Whitefield,1160.0,2,39.0
Other,1950.0,3,89.5
Other,2400.0,4,150.0
Abbigere,795.0,2,32.6
TC Palaya,1400.0,5,97.0
Kalyan nagar,2285.0,3,165.0
Other,1263.0,2,51.5
Hennur,1345.0,3,69.0
Other,4400.0,5,240.0
Electronic City,1360.0,3,58.0
Sarjapur  Road,1026.0,2,60.55
Uttarahalli,1460.0,3,76.0
Other,1525.0,3,91.48
Ananth Nagar,1000.0,2,25.0
Koramangala,1642.0,3,115.0
Other,975.0,2,60.0
Bisuvanahalli,1075.0,3,44.0
Panathur,1210.0,2,77.93
Akshaya Nagar,1225.0,2,68.0
Jakkur,1290.0,2,80.04
Other,1220.0,2,56.0
Other,1500.0,1,85.0
Kaggadasapura,1361.0,2,79.0
Frazer Town,2801.25,5,462.0
1st Phase JP Nagar,1394.0,2,85.0
Yelahanka,870.0,2,27.0
Other,5000.0,4,300.0
Rajaji Nagar,1222.0,2,98.0
Bellandur,1846.0,3,135.0
Benson Town,1688.12,2,270.0
Yeshwanthpur,1167.0,2,64.08
Ananth Nagar,902.0,2,25.0
Kannamangala,2422.0,4,135.0
Kundalahalli,1260.0,2,58.0
Banashankari Stage II,3000.0,3,450.0
Jigani,939.0,2,39.0
Konanakunte,1590.0,9,150.0
Jalahalli,600.0,1,37.0
8th Phase JP Nagar,1298.0,2,59.0
Marathahalli,1710.0,3,135.0
Subramanyapura,1000.0,2,45.0
Ramagondanahalli,3350.0,3,150.0
Other,1200.0,2,138.0
Other,1100.0,2,68.0
Jalahalli,615.0,1,46.0
Sarjapur  Road,1350.0,2,85.0
Sultan Palaya,5000.0,4,325.0
Cunningham Road,2700.0,3,501.0
Other,4000.0,6,460.0
Hegde Nagar,1718.0,3,130.0
7th Phase JP Nagar,1680.0,3,112.0
Hulimavu,1500.0,2,90.0
Sarjapur  Road,1157.0,3,72.0
Akshaya Nagar,1179.0,2,51.0
Hulimavu,1315.0,2,60.48
Other,1105.0,2,28.18
Banashankari,1800.0,3,175.0
Jalahalli East,1010.0,2,52.0
Electronic City,630.0,1,46.0
Kaval Byrasandra,1025.0,2,60.0
Hennur Road,1195.0,2,59.0
Whitefield,1012.0,2,58.0
Hegde Nagar,1884.0,3,118.0
Sarjapura - Attibele Road,1090.0,2,37.0
Other,2950.0,4,250.0
Harlur,1710.0,3,85.0
Uttarahalli,1500.0,3,68.0
Kodichikkanahalli,1310.0,3,53.0
Dommasandra,674.0,2,19.9
Hoodi,1350.0,3,70.0
Other,1464.0,3,115.0
Marsur,715.0,3,29.0
Electronic City,1400.0,3,40.45
Electronic City Phase II,1625.0,3,48.75
Electronic City,1065.0,2,30.76
Kumaraswami Layout,510.0,6,70.0
Other,1385.0,3,90.0
CV Raman Nagar,1040.0,2,50.0
Haralur Road,1817.0,3,110.0
Other,1205.0,2,47.0
Other,1070.0,2,33.43
Other,1070.0,2,52.0
Amruthahalli,1340.0,2,75.0
Kalena Agrahara,980.0,2,35.0
8th Phase JP Nagar,1006.0,2,44.0
Thanisandra,1098.0,2,71.0
Mico Layout,1200.0,2,53.5
Thigalarapalya,4190.0,4,325.0
Sarjapur  Road,1019.0,2,62.0
Whitefield,1150.0,2,40.21
Anekal,1733.5,3,120.0
Other,1415.0,2,120.0
Other,1750.0,3,58.0
Other,1537.0,3,81.0
Kanakpura Road,1452.0,3,55.6
Domlur,1246.0,2,95.0
Yelahanka,1890.0,3,85.0
Electronic City Phase II,972.0,2,40.0
Other,10624.0,4,2340.0
Brookefield,1500.0,4,160.0
Electronic City,630.0,1,33.7
Kothanur,1050.0,8,80.0
Other,1255.0,3,60.0
Ramamurthy Nagar,1900.0,4,185.0
Doddaballapur,2440.0,3,142.0
Kanakpura Road,1938.0,3,92.69
Bannerghatta Road,1711.0,3,125.0
CV Raman Nagar,1392.0,2,95.0
Haralur Road,1225.0,2,77.0
Sarjapur  Road,3418.0,4,235.0
Green Glen Layout,1750.0,3,120.0
Subramanyapura,1260.0,3,80.0
Sarjapur  Road,691.0,1,31.1
BTM 2nd Stage,2400.0,4,400.0
Haralur Road,1285.0,2,78.0
Hebbal,1590.0,3,96.0
9th Phase JP Nagar,1571.0,3,65.0
Hebbal Kempapura,2800.0,5,220.0
Garudachar Palya,1060.0,2,48.66
Other,702.0,4,65.0
Other,2400.0,3,185.0
Bannerghatta Road,1520.0,3,81.0
Kanakpura Road,1530.0,3,70.99
Other,1170.0,2,45.51
OMBR Layout,1580.0,3,75.0
Ardendale,1777.26,3,89.0
Raja Rajeshwari Nagar,1303.0,2,55.78
Kodichikkanahalli,1680.0,2,59.0
Whitefield,1495.0,3,70.0
Yelahanka,1835.0,3,108.0
Banjara Layout,610.0,3,60.0
Other,1080.0,2,38.0
Electronic City,1025.0,2,29.61
Haralur Road,1225.0,2,67.48
Balagere,656.0,1,34.77
Sarjapur  Road,994.0,2,45.0
Other,1025.0,2,65.0
Marathahalli,1156.0,2,52.0
JP Nagar,1250.0,2,60.0
Kundalahalli,3092.0,4,230.0
Hegde Nagar,1930.0,3,122.0
Other,1020.0,2,70.0
Kumaraswami Layout,1310.0,3,70.0
Jalahalli,612.5,1,27.565
Kanakpura Road,1322.0,2,70.0
Kothanur,1160.0,2,57.0
5th Block Hbr Layout,1100.0,2,48.0
Lakshminarayana Pura,1720.0,3,150.0
Chikkalasandra,1090.0,2,47.42
KR Puram,2000.0,2,75.0
Other,1155.0,2,69.0
Vishveshwarya Layout,4000.0,6,230.0
Sarjapur  Road,3913.0,4,176.0
Hebbal,3520.0,3,320.0
JP Nagar,1125.0,2,39.98
Yelahanka,1847.0,3,92.0
7th Phase JP Nagar,1515.0,3,76.0
Raja Rajeshwari Nagar,3450.0,8,225.0
Yelahanka,2500.0,5,120.0
Sarjapur  Road,1130.0,2,55.0
Bellandur,1049.0,2,51.0
Amruthahalli,2650.0,3,175.0
Varthur Road,850.0,2,25.4
Other,2600.0,5,370.0
Jakkur,1282.0,2,72.0
Kalena Agrahara,800.0,2,40.0
Magadi Road,1318.0,3,68.0
Kanakpura Road,1698.0,2,105.0
Other,2030.0,3,182.0
Kammasandra,1276.0,3,31.9
Other,1555.0,3,67.0
Sarjapur  Road,1881.0,3,145.0
Other,2900.0,3,325.0
Yelahanka,1890.0,3,109.0
Other,900.0,5,135.0
Old Madras Road,935.0,2,32.0
Cox Town,1000.0,2,58.0
Singasandra,1510.0,3,75.0
Uttarahalli,1120.0,2,50.0
Ananth Nagar,930.0,2,25.99
Talaghattapura,1175.0,2,62.0
Bellandur,1350.0,3,63.0
Malleshwaram,2215.0,3,330.0
Attibele,996.0,2,24.9
Anjanapura,1076.0,2,30.13
Other,2180.0,4,115.0
Kasavanhalli,1715.0,3,112.0
Hebbal,1072.0,2,45.0
Panathur,1230.0,2,80.0
Murugeshpalya,1600.0,3,65.0
Thanisandra,1411.0,3,93.25
Rayasandra,3600.0,5,145.0
Jalahalli,2404.0,3,138.0
Sahakara Nagar,1200.0,4,190.0
Nagarbhavi,1200.0,3,226.0
Doddathoguru,1208.0,3,45.0
Yeshwanthpur,1700.0,5,300.0
Haralur Road,1225.0,2,69.84
Hebbal,1162.0,2,69.0
Thanisandra,1262.0,3,65.0
Other,1050.0,2,35.0
Channasandra,1500.0,3,61.95
Other,1610.0,3,85.0
Whitefield,1340.0,2,41.0
Sarjapur  Road,2275.0,3,182.0
Other,1500.0,2,145.0
Other,3150.0,4,135.0
Hosa Road,1170.0,2,65.0
Sarjapur  Road,980.0,2,25.0
Channasandra,1800.0,3,60.0
Banashankari Stage VI,1423.0,3,71.73
Kaggadasapura,1106.0,2,40.0
Kereguddadahalli,1105.0,2,27.6
Cunningham Road,7500.0,4,1800.0
Other,1255.0,2,56.7
Babusapalaya,1061.0,2,38.95
Other,600.0,2,29.5
Electronic City Phase II,1400.0,3,40.45
Domlur,2100.0,3,145.0
Electronic City,660.0,2,16.5
Kengeri,633.0,2,18.0
Indira Nagar,1260.0,2,120.0
ITPL,907.0,2,55.43
Hennur Road,2047.0,3,67.55
Other,2597.0,4,189.0
Bellandur,1211.0,2,63.0
Hennur Road,1904.0,3,129.0
Balagere,1205.0,2,73.87
Yeshwanthpur,1164.0,2,64.08
Other,1410.0,2,73.0
Other,1150.0,2,42.0
Other,1170.0,2,53.11
Hennur,1420.0,2,62.0
Panathur,1125.0,2,45.0
NRI Layout,1789.0,3,75.0
Hulimavu,1021.0,2,76.0
Ananth Nagar,1074.0,2,26.85
Kalena Agrahara,1222.0,2,48.0
Hennur Road,1981.0,3,134.0
Yelachenahalli,1103.0,2,55.0
Other,1201.0,2,65.0
Sarjapur  Road,970.0,2,36.0
Sarjapur,920.0,2,33.0
Yeshwanthpur,1520.0,3,85.0
Other,675.0,3,75.0
Sonnenahalli,1268.0,3,75.0
Other,660.0,1,30.0
Harlur,1755.0,3,115.0
Hoskote,945.0,2,35.0
8th Phase JP Nagar,500.0,1,33.0
Harlur,2820.0,4,153.5
Bommenahalli,1632.0,4,140.0
Rachenahalli,1167.0,2,37.5
Domlur,1276.0,2,80.0
Thanisandra,1234.0,2,51.0
ISRO Layout,1370.0,3,87.0
Other,1200.0,9,230.0
Electronic City,1400.0,3,90.0
Whitefield,1500.0,5,155.0
Ramagondanahalli,1251.0,2,46.0
Yeshwanthpur,1677.0,3,92.13
Sarjapur  Road,1346.0,2,67.38
Electronic City Phase II,1090.0,2,31.48
Kanakapura,1290.0,3,51.1
Rajaji Nagar,7514.0,5,1500.0
Garudachar Palya,1150.0,2,52.0
Sarjapur,2690.0,3,295.0
Other,1286.0,2,40.0
Dairy Circle,2735.0,3,340.0
Other,950.0,2,65.0
Bommasandra Industrial Area,1491.0,3,40.5
Ramamurthy Nagar,1050.0,2,51.66
Hoodi,1660.0,3,131.0
Nagavarapalya,1134.0,2,55.0
Hebbal,1100.0,2,60.0
Magadi Road,800.0,4,60.0
Nagarbhavi,1200.0,4,240.0
Other,980.0,3,80.0
CV Raman Nagar,705.0,1,50.0
Other,1200.0,3,35.0
Anandapura,1200.0,2,50.0
Talaghattapura,1804.0,3,127.0
Other,750.0,2,20.0
Other,420.0,2,25.0
Malleshwaram,2800.0,4,252.0
Battarahalli,1090.0,2,38.37
R.T. Nagar,1500.0,2,230.0
Electronic City,1287.0,3,55.0
Thigalarapalya,2215.0,3,157.0
Kadubeesanahalli,2800.0,4,375.0
Sarjapur  Road,1045.0,2,42.15
Hormavu,1263.0,2,47.36
Whitefield,1431.0,3,85.0
Dommasandra,999.0,2,32.9
Other,1535.0,3,72.0
Marathahalli,2524.0,4,180.0
Other,600.0,3,125.0
7th Phase JP Nagar,2095.0,3,150.0
Yelahanka New Town,284.0,1,8.0
Other,1265.0,2,68.0
Kudlu Gate,1215.0,2,44.96
Yelahanka New Town,2200.0,2,180.0
Electronics City Phase 1,1028.0,2,51.0
Hegde Nagar,1835.0,3,92.0
Munnekollal,1800.0,3,65.0
1st Phase JP Nagar,2077.0,3,175.0
Sarjapur  Road,2880.0,4,211.0
Other,499.0,6,89.0
Dasanapura,708.0,2,31.15
Basavangudi,1200.0,2,120.0
Hosakerehalli,925.0,2,46.25
Bannerghatta Road,2826.0,3,148.0
Kanakpura Road,458.0,1,33.66
Other,3500.0,4,150.0
Other,5400.0,4,250.0
Other,1000.0,4,200.0
Amruthahalli,1450.0,3,90.0
Kasavanhalli,1100.0,2,65.0
Kadubeesanahalli,1185.0,2,55.0
9th Phase JP Nagar,1900.0,4,80.0
Other,660.0,1,35.0
Ambedkar Nagar,1920.0,3,121.0
Jalahalli,1200.0,2,130.0
Sarjapur  Road,3418.0,4,222.0
1st Phase JP Nagar,4550.0,4,240.0
Bhoganhalli,1205.0,2,68.32
Haralur Road,1200.0,2,46.0
Akshaya Nagar,1421.0,3,73.0
6th Phase JP Nagar,1250.0,3,48.9
Whitefield,524.0,1,29.0
HSR Layout,4200.0,5,245.0
Rachenahalli,985.0,2,50.17
Whitefield,2830.0,4,161.0
Other,1140.0,2,60.0
5th Block Hbr Layout,3600.0,5,130.0
Raja Rajeshwari Nagar,1700.0,3,86.0
Devanahalli,1360.0,2,62.425
Electronic City,1800.0,4,700.0
Dasarahalli,1333.0,2,86.65
Electronic City,1258.0,2,85.5
Other,1458.0,3,87.0
Electronic City,1386.0,2,85.0
Other,550.0,1,27.0
Lakshminarayana Pura,1200.0,2,83.0
Other,1081.0,2,39.0
Whitefield,2135.0,4,149.0
Whitefield,2500.0,4,100.0
Other,1178.0,2,80.0
 Devarachikkanahalli,991.0,2,40.0
Gottigere,1493.0,3,90.0
Subramanyapura,2495.0,3,130.0
Kammasandra,1080.0,2,31.99
Dasanapura,814.0,2,53.0
Electronic City,1025.0,2,50.0
Whitefield,3075.0,4,188.0
Other,1900.0,7,162.0
Whitefield,1760.0,3,160.0
Other,4000.0,7,150.0
Marathahalli,3090.0,4,350.0
Other,2700.0,4,295.0
Other,1175.0,2,52.86
Hebbal,4235.0,4,364.0
KR Puram,1100.0,2,45.0
Banashankari Stage VI,1200.0,8,175.0
Banashankari,1450.0,2,50.75
6th Phase JP Nagar,1810.0,3,131.0
Gunjur Palya,1426.0,3,71.0
Sector 7 HSR Layout,2400.0,3,195.0
Kalyan nagar,1100.0,2,70.0
Electronic City Phase II,650.0,1,35.0
Kaikondrahalli,900.0,2,27.0
Billekahalli,1360.0,2,110.0
Yeshwanthpur,674.0,1,36.85
Whitefield,1655.0,3,110.0
Other,1300.0,2,95.0
Other,936.0,1,53.0
Other,1277.0,2,92.0
Hormavu,1015.0,2,39.08
Budigere,1153.0,2,60.0
Kengeri,1035.0,2,51.5
KR Puram,3300.0,5,255.0
Uttarahalli,1150.0,2,46.0
Malleshwaram,1020.0,2,80.0
Old Madras Road,3715.0,4,212.5
8th Phase JP Nagar,1160.0,2,95.0
Brookefield,1225.0,2,72.0
Benson Town,5000.0,4,950.0
Other,1600.0,2,160.0
Malleshwaram,600.0,2,90.0
Nagappa Reddy Layout,1350.0,3,60.0
Channasandra,830.0,2,36.28
Sarakki Nagar,3126.0,4,345.0
Jalahalli,905.0,2,55.0
Vijayanagar,1375.0,3,75.0
Other,1575.0,2,31.11
Electronic City,1140.0,2,33.84
Hormavu,1550.0,3,60.0
Kannamangala,957.0,2,55.0
9th Phase JP Nagar,890.0,2,45.0
KR Puram,3000.0,4,235.0
Other,2400.0,5,150.0
Other,2400.0,4,595.0
Rachenahalli,925.0,2,37.0
Kammasandra,1415.0,2,60.0
Other,500.0,1,80.0
Thanisandra,1225.0,2,37.0
Hennur Road,2000.0,4,90.0
Whitefield,840.0,1,57.0
Banashankari Stage III,1560.0,9,200.0
Thanisandra,1732.0,3,112.0
Bhoganhalli,1260.0,2,69.9
Other,1092.0,2,49.0
Other,827.0,2,34.0
Chamrajpet,650.0,2,40.0
Whitefield,1725.0,3,106.0
Jalahalli,1000.0,2,70.0
TC Palaya,1350.0,1,55.0
7th Phase JP Nagar,3200.0,4,350.0
Bellandur,1717.0,3,110.0
Kanakpura Road,700.0,2,34.0
Other,800.0,2,32.0
Rajaji Nagar,2367.0,3,340.0
Sonnenahalli,1415.0,3,65.0
7th Phase JP Nagar,1976.0,3,145.0
Kambipura,883.0,2,37.01
Yelahanka,700.0,1,38.0
Sarjapur,1445.0,3,50.0
Battarahalli,2082.0,3,104.0
Thanisandra,933.0,2,66.0
NRI Layout,800.0,4,95.5
Electronic City Phase II,1155.0,2,57.0
Bannerghatta,1200.0,2,73.2
Other,1055.0,2,43.0
Rajaji Nagar,1555.0,3,125.0
Bellandur,1420.0,3,62.0
Other,2214.0,3,350.0
Bhoganhalli,896.9,2,78.74
Giri Nagar,4000.0,4,750.0
KR Puram,1035.0,2,40.0
Whitefield,2064.0,4,225.0
Other,1839.0,3,160.0
Yelahanka New Town,488.0,1,20.0
Banashankari Stage II,1200.0,3,198.0
Other,2760.0,5,140.0
Gunjur Palya,993.0,2,42.0
Hoodi,1225.0,2,45.0
Electronic City,1200.0,9,150.0
Sompura,825.0,2,32.0
Bellandur,3596.0,4,359.0
Other,1350.0,6,203.0
Electronic City Phase II,1800.0,3,92.0
Other,925.0,2,100.0
Kanakpura Road,1167.0,2,63.0
Sarjapur,1150.0,2,41.0
Other,650.0,1,50.0
Sarjapur  Road,675.0,1,27.0
Other,2260.0,2,90.0
Other,720.0,1,32.39
Whitefield,4800.0,3,600.0
Yelahanka New Town,1100.0,2,58.0
Other,550.0,2,20.0
Uttarahalli,1330.0,3,58.0
Ulsoor,1685.0,3,185.0
Other,2400.0,6,75.0
Banashankari,1770.0,3,108.0
Prithvi Layout,2100.0,3,125.0
Pai Layout,1000.0,2,42.0
Banashankari Stage VI,600.0,4,105.0
Ramamurthy Nagar,2916.0,4,230.0
Kanakpura Road,1419.59,3,65.0
Kodihalli,1400.0,3,81.0
Horamavu Agara,750.0,2,37.49
Bannerghatta,1070.0,2,87.0
Kannamangala,1536.0,3,107.0
Koramangala,1710.0,3,210.0
JP Nagar,2400.0,3,196.0
Sarjapur  Road,1773.5,3,102.92
Electronic City,1342.0,2,72.0
Other,1600.0,3,130.0
Kanakapura,938.0,1,50.0
Budigere,1820.0,3,99.0
Kanakpura Road,1665.0,3,78.0
Basavangudi,1850.0,3,150.0
Bommanahalli,1091.0,2,40.0
Rajaji Nagar,1720.0,3,224.0
Brookefield,3675.0,4,176.0
JP Nagar,1060.0,2,33.95
Whitefield,1059.0,2,57.0
Hebbal,1299.0,2,97.0
Yelahanka,1491.0,3,85.0
Basaveshwara Nagar,1200.0,2,85.0
Yelahanka,2088.0,4,110.0
Hulimavu,581.0,1,29.0
Other,1296.0,2,70.0
Other,1125.0,2,55.0
Electronic City,1275.0,3,70.0
Kothanur,1095.0,2,55.0
Sarjapur  Road,10000.0,5,975.0
Old Madras Road,1330.0,2,74.0
Marathahalli,1135.0,2,60.0
Whitefield,516.0,1,39.0
Other,1194.0,2,51.0
Banaswadi,2250.0,5,240.0
Electronic City,770.0,2,38.0
Sarjapur  Road,3930.0,4,330.0
Chikkalasandra,1355.0,3,54.2
Abbigere,3000.0,8,150.0
Harlur,2569.0,4,175.0
Hebbal,3758.0,4,450.0
Bhoganhalli,1707.0,3,115.0
Other,1200.0,5,225.0
Sultan Palaya,1070.0,2,49.0
Whitefield,6000.0,4,410.0
Tumkur Road,1240.0,3,83.0
JP Nagar,1300.0,2,91.65
Ambalipura,1700.0,2,76.0
Yeshwanthpur,1383.0,3,76.18
Other,3000.0,5,170.0
Hulimavu,935.0,2,45.0
Thigalarapalya,2072.0,3,151.0
Other,2200.0,4,225.0
KR Puram,1116.0,2,45.0
Whitefield,1639.0,3,107.0
Marathahalli,1839.0,3,130.0
Other,1300.0,2,63.0
Horamavu Agara,625.0,1,27.0
Thanisandra,933.0,1,61.0
Hosur Road,2289.0,3,180.0
Ramamurthy Nagar,2316.0,3,125.0
Electronic City,1005.0,2,39.77
Horamavu Agara,1080.0,2,38.0
Munnekollal,1200.0,7,185.0
Vishwapriya Layout,910.0,2,36.0
Hormavu,1200.0,2,73.0
Electronic City,1110.0,2,39.9
Kothanur,1142.0,2,56.0
2nd Stage Nagarbhavi,4000.0,5,240.0
Hormavu,1800.0,3,204.0
AECS Layout,1005.0,2,55.0
Other,1626.6,3,133.0
Kothanur,1074.0,2,54.0
Basavangudi,1230.0,2,80.0
Electronic City,660.0,2,23.0
Other,1007.0,2,48.0
Other,1050.0,4,74.0
Whitefield,1820.0,3,113.0
Other,1348.0,2,100.0
Kasavanhalli,1230.0,2,66.25
Horamavu Agara,1176.0,3,37.62
Frazer Town,1200.0,2,78.0
Other,1298.0,2,65.0
Other,1350.0,4,175.0
Other,1200.0,5,138.0
Kothanur,1285.0,2,60.0
Electronic City,1644.0,3,92.59
Kasavanhalli,1819.0,3,150.0
1st Phase JP Nagar,1205.0,2,85.0
Raja Rajeshwari Nagar,1270.0,2,62.0
9th Phase JP Nagar,1240.0,3,39.89
Jigani,1221.0,3,70.0
Other,840.0,3,35.0
Kanakpura Road,1339.0,2,63.0
Thigalarapalya,4303.0,4,300.0
Haralur Road,1315.0,2,85.0
Raja Rajeshwari Nagar,1250.0,2,68.0
Bisuvanahalli,850.0,2,27.0
7th Phase JP Nagar,1600.0,3,110.0
Electronic City,1250.0,2,62.0
Other,1312.0,3,56.5
Kadugodi,3000.0,4,134.0
Electronic City Phase II,1300.0,2,28.0
Whitefield,1990.0,3,98.0
Other,760.0,2,38.5
Ambedkar Nagar,5000.0,4,536.0
Kadugodi,1614.0,3,59.0
Judicial Layout,1500.0,4,162.0
Other,1182.0,3,60.1
Other,1053.0,2,46.29
6th Phase JP Nagar,750.0,1,105.0
Gubbalala,2000.0,3,125.0
Electronic City Phase II,1940.0,3,116.0
Hennur Road,1590.0,3,105.0
Other,1035.0,2,52.79
Raja Rajeshwari Nagar,1260.0,3,62.0
Other,1200.0,6,260.0
Thanisandra,1702.0,3,107.0
Bisuvanahalli,1080.0,3,65.0
Kasavanhalli,1189.0,2,45.0
Tumkur Road,1035.0,2,39.0
Hennur Road,1200.0,2,36.0
Mahalakshmi Layout,4482.0,8,852.0
Yelahanka,1330.0,2,93.65
Kaggalipura,1210.0,3,65.0
Chikkalasandra,1350.0,3,54.2
Kaval Byrasandra,1900.0,3,65.0
Ambedkar Nagar,1935.0,3,125.0
Other,1410.0,3,90.0
Other,1469.0,2,99.14
Varthur,986.0,2,30.0
Other,1460.0,3,87.0
Chandapura,1345.0,3,39.5
Panathur,980.0,2,57.0
Kudlu Gate,1164.0,2,75.0
Subramanyapura,929.0,2,51.0
Kundalahalli,1065.0,2,70.0
Budigere,1172.0,2,56.725
Other,3000.0,3,265.0
Electronic City,1020.0,2,30.27
Yeshwanthpur,672.0,1,36.85
Brookefield,1746.0,3,115.0
Other,1200.0,3,120.0
Ganga Nagar,1250.0,2,65.0
Thanisandra,1188.0,2,39.0
Whitefield,3565.0,4,218.0
Marathahalli,1170.0,2,85.0
Cooke Town,2600.0,3,375.0
Kasturi Nagar,2507.0,4,155.0
Babusapalaya,1061.0,2,34.0
KR Puram,1290.0,2,69.0
Sarjapur,1200.0,2,42.6
Bharathi Nagar,1120.0,2,39.29
Electronic City,418.0,1,12.0
Sarjapur,1333.0,3,50.0
Thanisandra,747.0,1,34.355
Koramangala,1700.0,3,250.0
Thanisandra,2030.0,3,125.0
Balagere,1012.0,2,70.0
Kudlu,1245.0,3,60.0
7th Phase JP Nagar,1765.0,3,118.0
Gottigere,1110.0,2,36.25
Other,967.0,2,47.8
Sarjapur,1044.0,2,36.0
Brookefield,1518.0,3,80.0
KR Puram,1300.0,3,57.0
Other,1798.0,3,73.0
KR Puram,866.28,2,36.38
Whitefield,3410.0,4,253.0
Singasandra,1179.0,2,56.0
Rajaji Nagar,3600.0,5,510.0
Other,2098.0,3,210.0
Other,2400.0,3,270.0
Haralur Road,1976.0,3,92.0
5th Phase JP Nagar,1190.0,2,61.8
Other,1800.0,3,192.0
Jakkur,1761.0,3,84.52
Cooke Town,1700.0,3,120.0
Ramamurthy Nagar,900.0,4,70.0
Electronic City,1128.0,2,64.8
Electronic City,1220.0,3,35.25
Other,509.0,1,20.0
Ambedkar Nagar,1852.0,3,122.0
Varthur,1045.0,2,40.65
Other,3535.0,4,215.0
Other,1800.0,4,82.0
Hebbal Kempapura,1436.0,3,75.0
Other,1397.0,3,52.0
Kothanur,1140.0,2,56.0
Balagere,645.0,1,55.0
Other,2350.0,5,325.0
Nagarbhavi,1200.0,3,225.0
Other,2050.0,3,135.0
Sarjapur  Road,1335.0,2,95.0
Other,2100.0,2,200.0
Thanisandra,1140.0,2,59.0
Hosakerehalli,2376.0,3,240.0
Thanisandra,663.0,1,46.0
Other,1276.0,2,146.0
Kanakpura Road,1450.0,3,60.9
Kodichikkanahalli,1400.0,3,66.0
Other,1339.0,2,53.56
Electronic City,1220.0,3,35.23
Malleshwaram,2200.0,3,275.0
Other,1305.0,2,52.0
Green Glen Layout,1740.0,3,80.0
Anekal,680.0,2,21.0
Bannerghatta Road,1154.0,2,47.0
Munnekollal,1200.0,2,40.0
Hennur,1155.0,2,54.5
Sarjapur  Road,1525.0,3,63.0
Giri Nagar,600.0,1,125.0
Hebbal,2470.0,4,192.0
Padmanabhanagar,1100.0,2,60.0
Hormavu,1250.0,2,65.0
Kothanur,1400.0,2,70.0
Other,1600.0,3,100.0
Electronic City,1060.0,2,55.0
Horamavu Banaswadi,1272.0,2,50.0
Kanakpura Road,1296.0,2,105.0
Other,2100.0,4,280.0
Karuna Nagar,1945.0,3,115.0
Chandapura,1033.0,3,30.47
Other,2300.0,3,69.0
Gunjur Palya,1235.0,2,52.76
Other,2100.0,3,270.0
Other,850.0,2,42.5
Subramanyapura,1880.0,3,110.0
1st Block Jayanagar,2450.0,4,368.0
Kenchenahalli,1060.0,2,52.0
Hennur Road,2041.0,3,138.0
Hulimavu,1050.0,2,125.0
Other,1150.0,2,39.0
LB Shastri Nagar,1184.0,2,62.0
Sarjapur  Road,1680.0,3,126.0
Thanisandra,1411.0,3,100.0
Hosa Road,900.0,5,55.0
Other,3500.0,4,320.0
Thanisandra,1702.0,3,120.0
Yelahanka,1185.0,2,45.0
Kanakpura Road,1300.0,3,64.0
Other,1545.0,3,65.0
6th Phase JP Nagar,1515.0,3,135.0
Jigani,1300.0,3,55.0
JP Nagar,1107.0,2,57.0
Old Madras Road,1720.0,3,106.0
Other,1540.0,3,150.0
Bannerghatta Road,1000.0,2,44.5
Electronic City,710.0,1,40.42
Other,3200.0,4,270.0
Other,900.0,2,160.0
Bannerghatta Road,1250.0,2,48.0
Kaggadasapura,2400.0,5,130.0
Hegde Nagar,1584.01,3,104.0
Other,875.0,4,150.0
Kammasandra,1200.0,4,60.0
Kaggadasapura,1485.0,3,70.0
Hennur Road,1100.0,3,78.0
8th Phase JP Nagar,1245.0,2,59.0
Hennur Road,1880.0,4,154.0
Frazer Town,2214.0,3,350.0
Bannerghatta Road,1640.0,3,105.0
Other,1165.0,2,65.0
Kengeri Satellite Town,1110.0,2,43.0
Other,1200.0,7,200.0
Other,4000.0,4,630.0
Uttarahalli,4500.0,4,150.0
Other,1200.0,2,42.0
Yelahanka,1500.0,2,12.75
Jalahalli,1704.0,3,94.36
7th Phase JP Nagar,1275.0,3,88.0
Sarjapur  Road,1222.0,3,68.0
Electronic City,1000.0,2,29.95
Yelahanka,1517.0,3,71.28
Horamavu Agara,1166.0,2,37.29
Electronic City,870.0,2,24.0
5th Phase JP Nagar,4000.0,5,170.0
Rajaji Nagar,1350.0,4,230.0
Yelahanka,3019.0,4,190.0
Whitefield,1345.0,3,58.0
Dommasandra,900.0,3,75.0
EPIP Zone,3800.0,4,170.0
Chandapura,971.0,3,38.0
EPIP Zone,1810.0,2,65.0
Other,1300.0,2,58.0
Thanisandra,1185.0,2,45.0
Pattandur Agrahara,1350.0,2,68.0
Budigere,1590.0,3,76.16
Thyagaraja Nagar,3000.0,7,180.0
Brookefield,1560.0,4,149.0
Somasundara Palya,1650.0,3,126.0
Other,1645.0,3,87.0
Hennur Road,1748.0,3,103.0
Kengeri Satellite Town,1170.0,2,50.0
Sarjapur  Road,3420.0,4,225.0
Hulimavu,1320.0,3,65.0
Frazer Town,1870.0,3,180.0
Sarjapur  Road,1510.0,3,110.0
Other,2700.0,6,110.0
Other,1305.0,3,45.68
Mahadevpura,1500.0,3,70.0
Indira Nagar,1149.0,2,130.0
Thanisandra,1948.0,4,129.0
Margondanahalli,1448.0,3,70.0
Sarjapur  Road,1242.0,2,78.0
Sonnenahalli,1268.0,2,58.0
Ramamurthy Nagar,1101.0,2,50.0
Other,1255.0,2,65.0
Sarjapur  Road,984.0,3,140.0
Hosa Road,1089.0,2,32.67
Other,800.0,2,95.0
Thanisandra,3600.0,8,125.0
Other,1650.0,4,140.0
Kaggalipura,950.0,2,45.0
HBR Layout,1068.0,2,43.0
Yelahanka New Town,860.0,2,31.0
Kengeri,3000.0,8,130.0
Yelahanka,1756.0,3,66.73
Whitefield,1205.0,2,41.0
Hoodi,1120.0,8,155.0
Other,8321.0,4,2912.0
Hormavu,1604.0,3,68.0
Ananth Nagar,1010.0,2,38.0
Nagarbhavi,1250.0,2,170.0
Doddakallasandra,1010.0,2,41.0
Yelahanka,1050.0,2,33.1
Mysore Road,1248.52,3,115.0
Attibele,410.0,1,10.0
Bannerghatta Road,1656.0,3,62.93
Naganathapura,1451.0,3,68.0
Giri Nagar,1200.0,6,175.0
JP Nagar,1250.0,2,93.0
Hebbal,4600.0,4,650.0
Sonnenahalli,1340.0,3,42.0
Other,1100.0,2,38.5
Whitefield,6000.0,4,700.0
 Devarachikkanahalli,1700.0,3,71.0
Yelahanka,1200.0,6,150.0
KR Puram,1096.0,2,43.0
Other,1936.0,3,139.0
Nehru Nagar,1269.0,3,63.0
Other,3500.0,3,630.0
Panathur,1586.0,3,125.0
Rajaji Nagar,1376.0,2,124.0
Kanakpura Road,1452.0,3,56.5
Hosa Road,1538.0,3,107.0
Hosur Road,1427.0,3,130.0
Other,935.0,2,40.0
Harlur,1197.0,2,77.0
Varthur,674.0,2,19.9
Kengeri,410.0,1,15.0
Thanisandra,1573.0,3,90.0
Dodda Nekkundi,1135.0,2,58.0
Other,1400.0,3,40.43
Other,1200.0,1,65.0
Other,2045.0,3,108.0
Sonnenahalli,1268.0,2,56.0
Yelahanka,1600.0,3,100.0
Thanisandra,1056.0,2,70.0
Whitefield,4500.0,4,330.0
KR Puram,1204.0,2,58.0
Other,1410.0,3,54.0
Hennur Road,1460.0,2,80.3
Dodda Nekkundi,1100.0,2,41.18
Other,1310.0,2,88.0
Sector 2 HSR Layout,1600.0,3,90.0
Sarjapur  Road,1665.0,3,74.93
Other,2000.0,5,240.0
Singasandra,1416.0,2,67.0
Munnekollal,7200.0,10,200.0
Jigani,1231.0,3,58.0
Yelahanka,1664.0,3,73.95
TC Palaya,2000.0,3,76.0
Rajiv Nagar,972.0,2,43.0
Other,4500.0,4,345.0
Bellandur,1185.0,2,47.39
Green Glen Layout,1750.0,3,81.0
Other,3155.0,3,316.0
Balagere,1007.0,2,68.0
Rajaji Nagar,1700.0,3,200.0
Whitefield,1250.0,2,85.0
Horamavu Agara,994.0,2,42.28
Ramamurthy Nagar,1150.0,2,40.0
Thanisandra,1220.0,2,46.0
Other,1441.0,2,115.0
Other,1300.0,6,150.0
Thigalarapalya,1400.0,2,105.0
Tindlu,1370.07,3,65.0
Magadi Road,1200.0,5,130.0
Judicial Layout,900.0,2,40.0
Other,418.0,1,17.0
ISRO Layout,1200.0,2,43.0
Talaghattapura,1062.0,2,42.48
Kanakpura Road,1120.0,2,51.0
Bannerghatta Road,1012.0,2,44.0
Other,1500.0,3,200.0
ISRO Layout,950.0,4,180.0
Other,675.0,2,13.5
Kanakpura Road,1430.0,2,78.0
Channasandra,1195.0,3,56.0
Old Madras Road,2640.0,3,150.0
Hennur Road,1570.0,3,75.99
Kammanahalli,782.0,6,85.0
Sonnenahalli,1011.0,2,59.0
7th Phase JP Nagar,1450.0,3,102.0
Sarjapur  Road,1129.0,2,69.0
Sarjapura - Attibele Road,1126.0,2,36.0
Attibele,1200.0,3,110.0
Sarjapur  Road,1180.0,3,45.0
Bannerghatta,940.0,4,45.0
Hennur Road,1933.0,3,140.0
TC Palaya,1082.0,2,64.0
LB Shastri Nagar,2400.0,8,250.0
Other,610.0,1,28.0
Raja Rajeshwari Nagar,1560.0,4,160.0
Kudlu Gate,3850.0,4,205.0
CV Raman Nagar,1125.0,2,46.0
Other,2400.0,6,107.0
Kengeri Satellite Town,777.4,2,25.0
Battarahalli,2500.0,4,65.0
Old Airport Road,1798.0,3,150.0
Other,1864.0,3,120.0
Whitefield,1115.0,2,51.91
Rajaji Nagar,1200.0,2,70.0
Ananth Nagar,992.0,2,24.8
Other,950.0,2,57.0
R.T. Nagar,1500.0,4,185.0
Bellandur,1200.0,2,62.0
GM Palaya,1735.0,3,70.0
BTM 2nd Stage,1750.0,3,172.0
Jalahalli,1470.0,3,102.0
Bannerghatta Road,1527.0,3,115.0
Other,985.0,2,45.0
Chandapura,3300.0,4,135.0
Whitefield,1277.0,2,77.0
Other,1100.0,2,62.0
Whitefield,1820.0,3,140.0
Other,1530.0,4,87.0
Banashankari,1886.0,3,205.0
Jakkur,1880.0,3,110.0
Hennur,1255.0,2,52.35
Somasundara Palya,1140.0,2,46.0
Electronic City Phase II,1025.0,2,29.6
Whitefield,3453.0,4,247.0
Kaikondrahalli,1250.0,2,78.0
Other,2400.0,4,108.0
Kodihalli,3522.0,4,716.0
Jalahalli,1244.0,2,88.0
Kumaraswami Layout,623.0,4,75.0
Kengeri Satellite Town,1025.0,2,28.57
Sarjapur  Road,1034.0,2,38.0
Kengeri Satellite Town,1191.0,3,33.34
Kasavanhalli,1719.0,3,71.0
2nd Stage Nagarbhavi,1500.0,4,230.0
Hosa Road,1470.0,3,84.22
Yelahanka,1140.0,2,50.66
Harlur,1752.12,3,125.0
BTM 1st Stage,600.0,6,80.0
2nd Stage Nagarbhavi,600.0,4,84.0
Old Madras Road,2990.0,3,170.0
Bannerghatta Road,1660.0,3,85.0
Electronic City,1275.0,3,63.43
Bommasandra Industrial Area,1365.0,3,52.81
Kanakpura Road,2546.0,3,170.0
Banashankari Stage VI,1392.0,3,69.46
Whitefield,1245.0,2,59.76
Rayasandra,1200.0,5,65.0
Yeshwanthpur,1162.0,2,64.08
Singasandra,1476.0,3,73.0
KR Puram,700.0,1,21.5
Other,3600.0,6,170.0
Jigani,943.0,2,48.0
Pai Layout,1150.0,2,170.0
Sarjapur  Road,1113.0,2,44.5
Varthur,1615.0,3,69.43
Other,1279.0,2,100.0
Benson Town,1805.0,3,280.0
Sompura,1350.0,3,65.0
Other,1525.0,3,68.63
Rajaji Nagar,1357.0,2,123.0
Ardendale,1777.26,3,92.0
Bisuvanahalli,845.0,2,32.0
Other,900.0,2,25.0
Varthur,1210.0,2,64.15
Electronic City Phase II,829.0,2,22.8
Sarjapur  Road,1879.0,3,155.0
Hosur Road,1250.0,3,50.0
Other,1200.0,4,35.0
Marathahalli,1108.0,3,60.0
Kanakpura Road,1401.0,3,69.0
Other,1185.0,2,42.66
Other,1550.0,5,250.0
Bannerghatta Road,1880.0,3,96.5
Whitefield,1322.5,3,40.985
Channasandra,1175.0,2,38.0
Jalahalli,1407.0,2,98.49
Yelachenahalli,1000.0,2,50.0
Electronic City,1518.0,3,75.0
Tumkur Road,1027.0,2,67.0
Dairy Circle,3730.0,4,430.0
Rajaji Nagar,1260.0,2,113.0
Begur Road,1500.0,3,47.25
Varthur,1737.0,3,57.32
Hennur,3517.0,4,161.5
Other,1600.0,3,120.0
Hegde Nagar,1500.0,3,135.0
Other,1120.0,2,60.0
Banashankari Stage V,1200.0,3,240.0
Hennur Road,1030.0,2,46.5
Gubbalala,2500.0,6,88.0
Kammasandra,1057.0,2,35.0
Thanisandra,1460.0,2,38.5
Hormavu,1075.0,2,53.7
Mysore Road,1080.0,3,60.0
Kodihalli,3626.0,4,788.0
Other,5100.0,6,225.0
Singasandra,1139.7,2,45.0
Whitefield,1074.0,2,42.8
Sarjapur  Road,2425.0,4,175.0
Sarjapur  Road,1323.0,2,74.0
Kalena Agrahara,900.0,2,40.0
Sarjapura - Attibele Road,740.0,1,23.65
Other,1286.0,1,170.0
Bannerghatta Road,1550.0,3,96.0
Gunjur,1588.0,3,90.0
Rajaji Nagar,2300.0,3,240.0
R.T. Nagar,3600.0,9,165.0
Other,1308.0,2,86.0
Hennur,1340.0,3,54.27
Kogilu,3280.0,10,450.0
Other,2170.0,4,265.0
Thanisandra,1719.0,3,135.0
Electronic City,1090.0,1,31.48
Other,1500.0,5,210.0
Jakkur,1660.0,3,104.0
Nagavara,1247.0,2,58.56
Thanisandra,1595.0,3,96.0
Kaggadasapura,1175.0,2,50.0
9th Phase JP Nagar,1200.0,8,135.0
Old Airport Road,1184.0,2,78.0
Kaval Byrasandra,935.0,2,78.0
Yelahanka,1200.0,2,60.0
Rajaji Nagar,2400.0,5,408.0
Uttarahalli,1000.0,2,52.0
Yelahanka,1705.0,3,85.0
Tumkur Road,1060.0,3,58.3
Other,1347.0,3,55.0
Other,1200.0,8,250.0
Varthur,1402.0,2,95.0
Whitefield,2280.0,3,125.0
5th Phase JP Nagar,1080.0,2,53.0
Other,4000.0,7,90.0
Other,1919.0,3,300.0
Begur Road,1100.0,2,42.6
Sarjapur  Road,2500.0,4,225.0
Bannerghatta Road,1200.0,2,78.0
Other,1200.0,2,78.0
Kothanur,1581.0,3,76.0
Whitefield,2882.0,4,200.0
TC Palaya,1440.0,5,97.0
Other,2180.0,3,273.0
Nagasandra,7000.0,4,450.0
Abbigere,985.0,2,38.92
Sarjapur,950.0,2,35.0
Other,1449.0,3,72.0
Other,1100.0,2,38.68
Hoskote,1003.5,2,28.095
Kaval Byrasandra,2700.0,3,200.0
Electronic City,1140.0,2,32.92
Sarjapur,3009.0,3,330.0
Other,3300.0,8,310.0
Chandapura,800.0,2,30.0
Chikkabanavar,2000.0,5,65.0
Other,1200.0,4,190.0
Kanakpura Road,1220.0,2,60.0
Sarjapur  Road,2289.0,3,178.0
Whitefield,1170.0,2,56.0
Other,1350.0,2,89.5
Thanisandra,1698.0,3,125.0
Electronic City Phase II,2187.5,4,105.0
Ambalipura,1060.0,2,58.5
Somasundara Palya,1185.0,2,75.0
Padmanabhanagar,2051.0,3,180.0
Vittasandra,1404.0,2,72.0
Electronic City Phase II,1252.0,2,67.0
Bannerghatta Road,1885.0,3,125.0
Kaikondrahalli,3381.0,6,225.0
Hormavu,980.0,2,42.0
Rajaji Nagar,2500.0,3,340.0
Banashankari,1420.0,3,66.0
Other,1166.0,6,135.0
Other,2312.0,3,156.0
Kaggadasapura,3000.0,4,130.0
Other,1175.0,2,70.0
Other,1145.0,2,51.0
Bhoganhalli,970.0,2,52.5
Whitefield,1639.5,3,92.63
9th Phase JP Nagar,5000.0,4,300.0
Ramagondanahalli,1635.0,3,57.0
Harlur,3425.0,3,320.0
Hennur Road,2950.0,4,253.0
Jalahalli,1200.0,1,66.0
Hebbal,4450.0,4,449.0
Yeshwanthpur,1166.0,2,64.08
Rajaji Nagar,2390.0,3,372.0
Shivaji Nagar,1460.0,3,90.0
Other,1690.0,3,50.0
Other,1386.0,4,93.0
Other,1090.0,2,32.0
Whitefield,1390.0,2,72.0
Sector 2 HSR Layout,1095.0,2,85.41
Kengeri,416.0,1,17.19
Other,2400.0,3,50.0
Yelahanka,1350.0,3,85.0
Bannerghatta Road,1453.0,3,73.0
Thanisandra,1226.0,2,65.0
Kasturi Nagar,784.0,4,165.0
Hegde Nagar,1168.0,3,68.0
Bannerghatta,1776.0,3,124.0
Whitefield,1634.0,3,68.0
Hormavu,860.0,2,56.0
Other,2800.0,3,400.0
Nagasandra,1650.0,3,95.0
Whitefield,1190.0,2,70.0
JP Nagar,1133.0,2,33.99
Other,1559.0,3,62.0
Horamavu Banaswadi,1448.0,3,118.0
Other,6652.0,4,510.0
Kodichikkanahalli,976.0,2,50.0
Other,1350.0,4,240.0
Binny Pete,2940.0,4,201.0
Yelahanka,1633.0,3,110.0
Ramagondanahalli,1151.0,2,46.0
Kereguddadahalli,1400.0,3,42.0
Uttarahalli,1037.0,2,36.0
Thanisandra,1188.0,2,36.0
Other,1060.0,2,52.0
Thigalarapalya,2215.0,3,162.0
Other,2500.0,3,300.0
Harlur,2569.0,4,180.0
ITPL,900.0,2,27.0
Kudlu Gate,1183.0,2,79.54
HSR Layout,1100.0,2,44.0
GM Palaya,1643.0,3,70.0
Other,1500.0,3,120.0
Jakkur,1291.0,2,75.0
Hennur,1150.0,3,80.0
Other,1200.0,5,160.0
Other,1700.0,4,55.0
Mahadevpura,1236.0,2,58.0
Ramamurthy Nagar,1350.0,3,39.0
Pai Layout,3800.0,6,175.0
Haralur Road,4694.0,4,375.0
Electronic City,1200.0,2,34.66
Harlur,1225.0,2,56.0
Thanisandra,1056.0,2,75.0
9th Phase JP Nagar,1240.0,3,42.85
Banashankari,1200.0,3,74.52
Kudlu Gate,1850.0,3,110.0
Other,3150.0,4,180.0
Naganathapura,1200.0,1,39.82
Other,1018.0,4,150.0
Other,3520.0,5,460.0
Jigani,918.0,2,56.0
Other,1330.0,3,68.0
Munnekollal,1540.0,3,70.0
Lakshminarayana Pura,1200.0,2,80.0
Other,927.0,2,37.0
Sarjapur,2585.5,4,115.0
CV Raman Nagar,1400.0,3,78.0
1st Phase JP Nagar,1900.0,4,400.0
8th Phase JP Nagar,1510.0,2,80.0
Malleshwaram,302.0,2,25.0
ITPL,1500.0,3,61.52
Yelahanka,827.5,1,42.535
Vidyaranyapura,1100.0,3,72.0
Hormavu,2282.0,4,115.0
Other,760.0,2,37.49
Sarjapur,2172.0,3,100.0
Other,3800.0,6,390.0
Kumaraswami Layout,600.0,4,72.0
8th Phase JP Nagar,3300.0,3,165.0
Thubarahalli,1242.0,3,51.0
Other,410.0,1,48.0
Uttarahalli,1245.0,3,43.58
Kadugodi,1088.0,2,44.0
Sahakara Nagar,1200.0,2,46.0
TC Palaya,1995.0,3,100.0
Haralur Road,1309.0,2,82.0
BTM 1st Stage,1717.0,3,200.0
Other,880.0,2,90.0
Abbigere,1200.0,6,95.0
Other,1250.0,3,42.0
Hebbal,3520.0,3,240.0
5th Phase JP Nagar,1041.0,2,54.0
Sarjapur  Road,1505.0,3,60.0
Bannerghatta,1776.0,3,150.0
Bellandur,1767.0,3,89.0
Kengeri,1320.0,2,50.0
Other,1280.0,2,68.48
Thanisandra,1245.0,2,83.05
Other,1065.0,3,72.0
Kannamangala,1814.0,3,129.0
Ramagondanahalli,1610.0,3,112.0
Kumaraswami Layout,850.0,1,78.0
Kasavanhalli,1600.0,3,79.0
Other,3200.0,3,140.0
Other,1250.0,3,77.13
Other,1475.0,3,75.0
Electronic City,1353.0,2,75.0
Other,2100.0,4,210.0
Electronics City Phase 1,1750.0,3,58.0
Sahakara Nagar,1270.0,2,96.0
Battarahalli,2700.0,4,75.0
8th Phase JP Nagar,1200.0,4,270.0
Thanisandra,2695.0,4,188.0
Other,1330.0,3,65.0
BTM 2nd Stage,1400.0,2,90.0
Gubbalala,4000.0,4,195.0
Kanakpura Road,1700.0,3,75.0
Kasavanhalli,1585.0,2,90.0
Kothanur,1385.0,3,67.0
Electronic City,1128.0,2,67.0
Whitefield,60.0,4,218.0
Other,1200.0,18,200.0
HSR Layout,1203.0,2,60.0
Mallasandra,905.0,2,35.0
Hennur Road,1450.0,3,79.0
Varthur,1105.0,2,38.0
Channasandra,1200.0,2,46.13
Jalahalli,1530.0,3,89.0
Whitefield,1105.0,2,35.4
Dasarahalli,1333.0,2,78.56
Hosur Road,1350.0,2,8.44
Old Madras Road,1530.0,3,76.34
Margondanahalli,1200.0,2,65.0
Whitefield,1270.0,2,94.0
Bellandur,1830.0,3,89.0
Chandapura,900.0,2,35.0
Attibele,2400.0,4,250.0
Other,7000.0,6,560.0
Bannerghatta Road,1450.0,3,78.0
Other,1525.0,3,65.0
Mahalakshmi Layout,1080.0,2,67.0
Other,1220.0,2,72.0
Bommanahalli,1355.0,2,73.17
R.T. Nagar,2400.0,3,348.0
Other,1500.0,2,60.0
Koramangala,1355.0,2,95.0
Electronic City,1070.0,2,57.0
CV Raman Nagar,1980.0,3,180.0
Bommasandra,842.0,2,30.0
Bannerghatta Road,700.0,1,31.2
Other,2500.0,3,65.0
Other,1884.0,3,95.0
Other,1200.0,8,145.0
Thanisandra,1185.0,2,43.5
Varthur,2145.0,3,170.0
Whitefield,1220.0,2,89.0
6th Phase JP Nagar,1192.0,2,75.0
Marathahalli,1449.0,3,110.0
Ardendale,2500.0,3,250.0
Electronic City,1700.0,3,90.0
Hebbal,1920.0,3,150.0
Other,4800.0,4,350.0
Other,1700.0,3,74.0
Hoodi,1447.0,2,76.0
Kanakpura Road,1329.0,2,107.0
Sarjapur  Road,1314.0,3,70.44
Other,1200.0,3,110.0
Basavangudi,1214.0,6,220.0
Other,1286.0,3,80.0
Vittasandra,1246.0,2,67.5
Ganga Nagar,705.0,1,65.0
Dasarahalli,1220.0,2,62.0
Yelahanka New Town,1800.0,3,45.0
Kaval Byrasandra,1400.0,3,75.0
Kasavanhalli,1245.0,2,80.0
Other,1495.0,3,63.0
Nagavara,2000.0,3,275.0
Gollarapalya Hosahalli,996.0,2,36.5
Yelahanka New Town,1000.0,2,44.0
Other,1250.0,2,75.0
Thanisandra,1261.0,3,80.0
Electronics City Phase 1,1080.0,2,46.0
Other,1230.0,2,50.0
Kammasandra,982.0,2,25.53
HSR Layout,1590.0,3,135.0
Horamavu Agara,1220.0,2,39.0
Green Glen Layout,1750.0,3,105.0
Whitefield,1436.0,3,62.15
Malleshwaram,1500.0,2,140.0
Varthur,1560.0,3,90.0
Whitefield,3758.0,3,300.0
Other,1275.0,2,59.0
Other,1040.0,2,36.4
Bellandur,2400.0,3,115.0
Chamrajpet,1500.0,6,230.0
Kaggalipura,3150.0,4,212.0
Karuna Nagar,1960.0,3,165.0
JP Nagar,3200.0,4,309.0
Yelahanka,1195.0,2,53.105
Hosakerehalli,4500.0,5,145.0
Ulsoor,450.0,3,70.0
Other,4304.0,4,699.0
Other,648.0,1,40.0
Sarjapur  Road,2100.0,3,130.0
Other,4209.0,4,602.0
Whitefield,1575.0,4,250.0
Bommasandra,1365.0,3,52.82
Yelahanka New Town,650.0,1,18.0
Chandapura,1200.0,3,52.0
Cooke Town,1100.0,2,90.0
7th Phase JP Nagar,1075.0,3,57.0
Banashankari,1100.0,2,63.0
Other,1320.0,3,58.0
Kammasandra,1500.0,3,65.0
Other,1125.0,4,126.0
Bisuvanahalli,1075.0,3,32.0
Other,1480.0,3,75.48
Other,500.0,1,13.0
Other,2400.0,5,325.0
Kaikondrahalli,1200.0,4,125.0
Kanakpura Road,1041.0,2,36.44
Other,1128.0,2,48.4
Hosur Road,1685.0,3,90.0
Other,1180.0,2,65.0
Other,1200.0,2,60.0
Yelahanka New Town,600.0,2,80.0
2nd Stage Nagarbhavi,600.0,4,82.0
Varthur,1760.0,2,85.0
Other,975.0,2,55.0
Other,1190.0,2,42.0
Kudlu,1110.0,2,46.0
Rajaji Nagar,2415.0,3,399.0
Gunjur,1235.0,2,44.5
Other,1275.0,2,55.0
Other,1115.0,2,115.0
Harlur,1197.0,2,76.0
Begur Road,644.0,1,32.0
Bellandur,1251.0,2,47.0
Neeladri Nagar,1105.0,2,30.0
Kudlu,2100.0,4,114.0
Kammanahalli,1600.0,4,200.0
NRI Layout,1731.0,3,64.11
Hormavu,1206.0,2,55.0
Choodasandra,1560.0,3,78.0
7th Phase JP Nagar,750.0,1,47.0
Billekahalli,1035.0,2,90.0
Ramamurthy Nagar,1200.0,7,150.0
Sarjapur  Road,702.0,1,35.8
Attibele,1700.0,3,65.0
HRBR Layout,1145.0,2,68.5
Ramamurthy Nagar,1208.0,3,43.5
Brookefield,1589.0,3,74.0
Other,560.0,2,22.0
Yelahanka New Town,1426.0,3,61.5
Green Glen Layout,1885.0,3,135.0
Old Madras Road,935.0,2,37.77
Old Madras Road,1171.0,2,73.0
Singasandra,1465.0,2,60.0
Budigere,1820.0,3,95.0
Raja Rajeshwari Nagar,1580.0,3,66.85
Whitefield,1452.0,3,46.29
Hennur Road,1445.0,3,89.56
Other,1170.0,2,39.0
Other,1070.0,2,50.0
Rachenahalli,2600.0,3,160.0
Other,1532.0,3,59.75
Other,1150.0,2,46.0
Jakkur,1473.0,2,85.0
Prithvi Layout,4040.0,4,500.0
CV Raman Nagar,1980.0,3,166.0
Hoodi,1660.0,3,128.0
Kogilu,2456.0,7,85.0
Chamrajpet,650.0,2,45.0
Neeladri Nagar,4000.0,5,425.0
Malleshwaram,2475.0,3,340.0
Other,1495.0,3,90.0
R.T. Nagar,1080.0,2,48.0
Electronic City,1521.0,3,57.5
Other,1053.0,2,51.0
Binny Pete,2406.0,3,289.0
Kanakpura Road,800.0,4,115.0
Begur,2400.0,3,12.0
Other,1200.0,4,75.0
Ulsoor,840.0,1,150.0
Uttarahalli,1000.0,2,39.5
Bannerghatta Road,1630.0,3,68.0
Kammasandra,985.0,2,40.5
BTM 2nd Stage,1200.0,2,70.0
Ambalipura,1650.0,3,100.0
Mico Layout,1670.0,3,59.0
5th Block Hbr Layout,1200.0,5,205.0
Sarjapur  Road,1240.0,4,110.0
Other,830.0,2,26.0
Ramagondanahalli,1200.0,3,56.1
Sadashiva Nagar,9600.0,5,2736.0
Begur Road,2500.0,4,122.5
Nagarbhavi,1635.0,3,85.0
HSR Layout,1120.0,2,70.0
Other,2750.0,6,200.0
Sector 7 HSR Layout,1760.0,3,185.0
Harlur,2137.0,3,110.0
Hennur Road,973.0,2,50.74
Other,1200.0,4,375.0
Electronic City,750.0,1,35.0
Kambipura,883.0,2,49.0
Other,660.0,2,76.0
Ramagondanahalli,2787.0,4,220.0
Other,1470.0,3,60.0
Electronics City Phase 1,891.0,2,24.95
Other,1275.0,2,76.0
Kothanur,1787.0,3,120.0
8th Phase JP Nagar,1730.0,5,75.0
Sarjapur  Road,1320.0,2,110.0
Yeshwanthpur,1692.0,3,108.0
Bannerghatta Road,1400.0,3,69.0
Whitefield,1370.0,2,56.0
Other,1602.0,3,56.0
Other,793.0,1,40.0
GM Palaya,675.0,1,35.0
Chikka Tirupathi,3250.0,4,136.0
Whitefield,1050.0,2,43.0
Jalahalli East,1035.0,2,42.5
Sarjapur  Road,1200.0,3,44.0
Sarjapur  Road,1800.0,3,128.0
Green Glen Layout,1625.0,3,70.0
Electronics City Phase 1,1032.0,2,31.99
Whitefield,1496.0,3,71.81
Kundalahalli,1500.0,3,50.0
Electronic City Phase II,1125.0,2,32.63
Other,1555.0,3,73.0
Amruthahalli,1025.0,2,42.0
Other,1630.0,3,130.0
Arekere,900.0,2,44.5
Yelahanka,1355.0,3,75.0
1st Block Koramangala,2360.0,4,601.0
Akshaya Nagar,1200.0,2,45.0
Other,1563.0,3,63.0
Other,1344.0,4,84.0
Other,3000.0,3,400.0
5th Phase JP Nagar,812.0,2,42.0
Basaveshwara Nagar,1200.0,2,70.0
Yelahanka,3175.0,4,156.0
Marathahalli,1360.0,2,101.0
Rachenahalli,1756.0,3,110.0
8th Phase JP Nagar,1296.0,3,51.83
Anandapura,1141.0,2,50.0
Electronic City,1210.0,2,55.0
Hormavu,1310.0,2,67.0
Other,1356.0,5,139.0
Magadi Road,1187.0,3,55.195
Gubbalala,1745.0,3,140.0
KR Puram,1200.0,5,125.0
Raja Rajeshwari Nagar,1050.0,2,37.0
Banashankari,2400.0,4,500.0
Electronic City Phase II,1140.0,2,34.0
Varthur,1210.0,2,54.0
Kasavanhalli,2035.0,3,142.0
Sarjapur,633.0,1,17.09
Amruthahalli,485.0,1,19.5
Other,1200.0,2,82.0
Sarjapur  Road,2275.0,3,187.0
Other,1419.0,3,85.0
Other,1195.0,2,42.4
Other,2020.0,3,270.0
Thanisandra,1884.0,3,117.0
Bannerghatta Road,905.0,2,58.0
JP Nagar,1500.0,3,108.0
Other,850.0,1,50.0
Tindlu,1165.0,2,59.8
Other,933.0,2,55.0
Hennur Road,1305.0,3,77.0
Billekahalli,1125.0,2,65.0
Other,865.0,2,33.0
Jigani,1245.0,3,66.0
Kalyan nagar,8840.0,2,300.0
Other,1145.0,3,60.0
AECS Layout,2000.0,3,90.0
Hosa Road,625.0,1,43.68
Kundalahalli,1724.0,3,128.0
Other,400.0,1,75.0
Sarjapur  Road,1270.0,3,54.0
Jakkur,1485.0,3,72.0
Other,823.0,2,80.0
7th Phase JP Nagar,990.0,2,50.0
Kadubeesanahalli,1140.0,2,78.0
Yelahanka,1756.0,3,125.0
Kumaraswami Layout,2600.0,4,300.0
Other,1025.0,2,48.0
Whitefield,1216.0,2,72.0
Sarjapur  Road,1026.0,2,60.8
Begur,1411.0,3,60.0
Kanakpura Road,1320.0,3,39.6
Bannerghatta,1320.0,2,50.0
OMBR Layout,615.0,4,110.0
Kalena Agrahara,1804.0,3,155.0
Banjara Layout,1200.0,4,105.0
Hebbal,2375.0,4,189.0
Other,960.0,9,130.0
TC Palaya,1152.0,2,55.0
Thanisandra,965.0,2,54.0
Lingadheeranahalli,1684.0,3,120.0
Hennur Road,1672.0,3,86.0
Panathur,1075.0,2,60.0
Sarjapur,1500.0,3,95.0
Hebbal,1420.0,2,99.26
Other,750.0,2,40.0
Yeshwanthpur,1169.0,2,64.08
Devanahalli,1290.0,3,62.0
Kengeri,1160.0,2,40.6
Shampura,2800.0,7,95.0
Mysore Road,1500.0,3,70.0
Domlur,1850.0,3,180.0
Other,1300.0,3,46.0
Other,2750.0,3,550.0
Other,2150.0,3,170.0
5th Block Hbr Layout,5100.0,6,300.0
Kadugodi,1875.0,3,110.0
Hulimavu,1260.0,3,82.0
Kengeri,2500.0,5,100.0
Begur Road,1241.0,2,64.0
Sarjapur  Road,1025.0,2,45.5
Other,1500.0,2,218.0
Begur,815.0,2,40.0
Kanakpura Road,2000.0,3,105.0
Malleshwaram,1400.0,2,190.0
Varthur,1740.0,4,175.0
ITPL,5667.5,4,300.0
Sarjapur  Road,1216.0,2,70.0
Other,2200.0,3,190.0
Hegde Nagar,3500.0,4,450.0
Shampura,970.0,6,105.0
Vidyaranyapura,3150.0,7,375.0
Kanakpura Road,1200.0,2,62.0
Marathahalli,1026.0,2,50.18
Hulimavu,450.0,1,20.0
KR Puram,1205.0,2,45.79
Other,1368.0,2,87.0
Anekal,420.0,1,12.5
Doddakallasandra,1270.0,2,42.0
Anekal,614.0,2,28.0
Margondanahalli,1050.0,2,58.0
Yelahanka,1408.0,2,58.0
Other,1507.0,3,80.0
Other,1160.0,2,57.0
Poorna Pragna Layout,960.0,2,50.0
NGR Layout,1021.0,2,46.0
Hegde Nagar,2162.03,3,129.0
Channasandra,1065.0,2,36.0
Attibele,400.0,1,10.25
Bannerghatta Road,1465.0,3,75.0
Marathahalli,1800.0,3,95.0
Other,1175.0,2,83.0
Other,6729.0,3,900.0
Vijayanagar,1500.0,4,360.0
Sanjay nagar,1050.0,2,59.0
Indira Nagar,1650.0,3,150.0
KR Puram,1827.0,3,97.0
Thanisandra,1930.0,3,122.0
Mysore Road,883.0,2,37.0
Kengeri,550.0,1,16.75
Other,1350.0,4,310.0
Kanakapura,1290.0,3,38.69
Raja Rajeshwari Nagar,1021.0,3,59.0
Whitefield,1158.0,2,55.0
Nagarbhavi,1400.0,3,135.0
Doddaballapur,2400.0,4,200.0
Munnekollal,1200.0,3,57.9
JP Nagar,1520.0,3,125.0
Thanisandra,777.0,1,38.46
EPIP Zone,2710.0,3,177.0
Kenchenahalli,1150.0,2,57.0
Yelahanka,1101.0,2,37.0
Mahalakshmi Layout,1200.0,3,110.0
Hebbal,1252.0,2,92.0
Marathahalli,1650.0,3,85.0
Marathahalli,1270.0,2,80.0
Tumkur Road,992.0,2,70.0
Other,893.0,2,34.5
Bisuvanahalli,1075.0,3,41.49
Kumaraswami Layout,3200.0,7,150.0
Electronic City,1190.0,2,42.0
Sarjapur  Road,1814.0,3,63.0
Other,1400.0,3,98.0
Bommasandra,1400.0,5,252.0
Murugeshpalya,1344.0,3,56.0
Whitefield,5400.0,4,475.0
Kanakpura Road,1843.0,3,95.0
Other,1138.0,2,32.0
Nagappa Reddy Layout,1495.0,3,70.0
Electronic City,880.0,2,19.0
Whitefield,1396.0,3,74.0
Garudachar Palya,1610.0,3,119.0
Tindlu,1050.0,2,55.0
Other,1410.0,3,43.71
Ramamurthy Nagar,1050.0,2,37.8
Kumaraswami Layout,1310.0,3,85.0
Yelahanka,1104.0,2,58.0
Hennur Road,1165.0,2,67.0
Hormavu,1310.0,2,60.0
Other,1052.0,2,52.0
1st Block Koramangala,1000.0,2,45.0
Other,2240.0,3,300.0
Electronic City,1150.0,2,38.08
Thanisandra,2019.0,3,70.67
Varthur,986.0,2,31.0
Banashankari Stage III,1350.0,1,145.0
9th Phase JP Nagar,800.0,8,140.0
Akshaya Nagar,1893.0,3,95.0
Gollarapalya Hosahalli,1318.0,3,56.0
Yelahanka,1325.0,3,58.0
Kereguddadahalli,800.0,2,33.0
Other,1300.0,3,42.25
Other,1300.0,3,60.0
Ulsoor,2500.0,4,170.0
Other,1520.0,3,165.0
Bellandur,1665.0,3,85.0
Subramanyapura,1800.0,3,80.0
Harlur,1197.0,2,75.0
Other,910.0,5,194.0
Thanisandra,1241.0,3,68.0
Other,1567.0,3,62.0
Kasavanhalli,1747.0,3,110.0
Ramagondanahalli,1475.0,3,55.0
Other,600.0,4,70.0
Other,1524.0,3,400.0
Hennur Road,980.0,2,51.0
Dasanapura,966.0,2,58.0
Other,2360.0,4,185.0
Sarjapur  Road,1112.0,2,62.0
Other,1760.0,3,90.0
Hennur,1830.0,3,113.0
Yelahanka,1175.0,2,67.77
Whitefield,1175.0,2,41.0
Horamavu Banaswadi,1025.0,2,45.0
Hennur Road,1232.0,2,80.0
5th Phase JP Nagar,1010.0,2,57.0
Sarjapur  Road,1273.0,2,60.0
Battarahalli,1590.0,2,102.0
Other,1100.0,2,58.5
1st Phase JP Nagar,2615.0,4,222.0
Other,1200.0,5,140.0
Yelahanka,1322.0,2,77.9
7th Phase JP Nagar,1000.0,1,60.0
Harlur,1755.0,3,117.0
Electronic City Phase II,1135.0,2,46.0
Rajaji Nagar,1200.0,8,180.0
Electronic City,1200.0,4,125.0
Nagavarapalya,1260.0,2,85.5
Hoodi,3250.0,5,395.0
Ambedkar Nagar,3500.0,4,550.0
Other,1200.0,5,110.0
Electronic City Phase II,1305.0,3,65.0
Other,1236.0,2,50.0
Uttarahalli,1125.0,2,45.0
KR Puram,1075.0,2,32.25
Other,772.0,8,60.0
Thanisandra,2999.97,6,110.0
Kadugodi,1150.0,2,42.0
Other,1440.0,4,240.0
Hennur Road,1085.0,2,43.4
Hebbal Kempapura,1785.0,3,165.0
Thanisandra,1930.0,3,120.0
Other,600.0,2,70.0
Other,800.0,2,45.0
Kumaraswami Layout,2450.0,4,110.0
Other,1200.0,4,120.0
Bannerghatta Road,1920.0,3,122.0
Kothannur,1085.0,2,34.2
Thanisandra,760.0,1,50.4
Sahakara Nagar,1201.0,2,80.0
Electronic City,1615.0,3,97.0
HSR Layout,1289.0,2,70.0
Kasavanhalli,1377.0,2,80.0
Cunningham Road,2880.0,3,560.0
Other,1892.0,3,200.0
Shivaji Nagar,2176.0,3,348.0
Thanisandra,663.0,1,32.82
Electronic City,1165.0,2,33.65
Talaghattapura,3554.0,3,340.0
Thanisandra,1260.0,2,45.5
Other,1095.0,2,39.0
Seegehalli,1176.0,2,50.0
Whitefield,1315.0,2,55.0
NRI Layout,2400.0,2,125.0
Uttarahalli,1308.0,3,53.0
Sarjapur  Road,4250.0,4,610.0
Thanisandra,1806.0,3,116.0
Thanisandra,3671.0,4,220.0
Hoodi,2144.0,3,140.0
Hoskote,1065.0,2,33.75
Balagere,1205.0,2,67.0
Uttarahalli,1160.0,2,40.58
Other,750.0,4,90.0
Other,1200.0,3,56.53
Other,1681.0,3,69.0
Bommasandra Industrial Area,1130.0,2,32.64
Iblur Village,3633.0,4,335.0
Kanakpura Road,1843.0,3,90.0
Bommasandra Industrial Area,1065.0,2,30.75
Thubarahalli,1885.0,3,85.52
R.T. Nagar,1500.0,2,45.0
Panathur,1210.0,2,69.0
TC Palaya,1126.0,2,39.4
Rayasandra,1357.0,3,59.0
Whitefield,1451.0,3,46.4
Kodigehaali,1600.0,4,185.0
Hennur Road,950.0,2,55.0
Bellandur,960.0,2,48.0
Kaggalipura,2200.0,3,150.0
Kanakpura Road,900.0,2,46.29
Cooke Town,2300.0,3,250.0
Hosa Road,1708.0,4,64.05
Yeshwanthpur,2500.0,6,185.0
Bellandur,1690.0,3,116.0
Other,2100.0,5,145.0
Other,1269.0,2,97.0
Haralur Road,1890.0,3,84.0
Electronic City Phase II,1165.0,2,33.64
BTM Layout,1196.0,2,56.81
Old Madras Road,1630.0,3,110.0
Whitefield,1063.0,2,42.52
Other,1025.0,2,39.98
Chikkabanavar,1067.0,2,38.0
Kanakpura Road,1299.0,2,89.63
Panathur,1343.0,2,76.0
Electronics City Phase 1,1330.0,3,44.0
Mallasandra,1524.0,3,72.0
Lingadheeranahalli,2236.0,4,153.0
Domlur,2955.0,3,235.0
Balagere,1205.0,2,79.0
Thyagaraja Nagar,1270.0,3,95.25
Other,1353.0,3,110.0
Other,1200.0,2,68.0
Other,1250.0,3,70.0
Other,1950.2,3,261.0
Sarjapur  Road,1157.0,3,69.0
Kanakapura,825.0,1,35.475
Yelahanka,602.0,1,33.0
Malleshwaram,3000.0,5,900.0
Hoodi,1108.0,2,66.46
Thyagaraja Nagar,1040.0,2,68.0
Sarjapur,1451.0,2,87.0
Kanakpura Road,850.0,1,37.32
Other,2171.66,3,298.0
Other,900.0,2,40.0
Kudlu,720.0,1,33.0
Thanisandra,1573.0,3,115.0
Banashankari Stage III,2100.0,4,147.0
Sarjapur  Road,1150.0,2,48.5
Raja Rajeshwari Nagar,1500.0,3,88.0
Malleshwaram,2400.0,3,380.0
HRBR Layout,1200.0,3,240.0
Ramagondanahalli,1125.0,2,75.0
Hennur,1830.5,3,84.205
Marathahalli,1100.0,2,50.0
7th Phase JP Nagar,1286.0,2,51.0
Banaswadi,1105.0,2,57.0
Thanisandra,1110.0,2,46.5
Dasanapura,708.0,1,41.0
Thigalarapalya,3122.0,4,250.0
Sarjapur  Road,1205.0,2,37.0
5th Phase JP Nagar,1450.0,3,73.0
Thyagaraja Nagar,750.0,4,125.0
Other,540.0,1,22.0
Dasarahalli,1200.0,2,42.0
Nagarbhavi,1200.0,5,260.0
Kalena Agrahara,1837.0,3,95.0
Whitefield,1346.0,2,76.01
Balagere,1012.0,2,68.0
Other,1950.2,3,193.0
Kaggadasapura,1500.0,3,60.0
Harlur,1197.0,2,79.9
BTM 2nd Stage,1100.0,2,47.0
Other,2240.0,7,700.0
Hebbal Kempapura,3729.0,4,384.0
Sarjapur  Road,1600.0,3,120.0
Green Glen Layout,1715.0,3,120.0
Bannerghatta Road,2400.0,4,180.0
Ramagondanahalli,1151.0,2,42.5
Banaswadi,1200.0,6,220.0
Uttarahalli,1123.0,2,60.0
Whitefield,1276.0,2,69.5
Yelahanka,1315.0,2,77.0
R.T. Nagar,1325.0,2,52.0
Varthur,1600.0,3,63.2
Kodichikkanahalli,1299.0,2,58.0
Haralur Road,953.0,2,90.0
Varthur,1000.0,2,65.0
Mallasandra,1100.0,3,76.3
Yelahanka,1075.0,3,33.53
Kanakpura Road,1450.0,3,51.0
Iblur Village,5515.0,5,425.0
Bellandur,950.0,1,40.0
Basaveshwara Nagar,1200.0,5,180.0
Other,1013.0,2,60.0
Hennur Road,1140.0,2,56.0
Other,2100.0,3,220.0
Yelahanka,1430.0,3,61.0
Other,600.0,4,95.0
Other,1600.0,3,77.0
Other,1190.0,2,48.0
Other,1625.0,3,95.0
Other,1210.0,2,53.0
Lakshminarayana Pura,1615.0,3,150.0
Kalena Agrahara,1180.0,2,85.0
Nagasandra,1500.0,2,91.0
Bellandur,850.0,2,45.0
Kothanur,1130.0,2,55.0
CV Raman Nagar,907.0,2,38.0
HRBR Layout,1300.0,2,90.0
Hennur Road,1891.0,3,110.0
Hennur Road,1735.0,3,78.0
Bisuvanahalli,1075.0,3,33.0
Other,1286.0,5,75.0
Kumaraswami Layout,2040.0,7,123.0
Other,930.0,2,55.0
Devanahalli,1010.0,2,58.0
Electronic City,1221.0,2,68.0
Banashankari,2400.0,4,470.0
Hoodi,1108.0,2,87.48
Vidyaranyapura,1000.0,4,120.0
Sarjapur  Road,1370.0,2,70.0
Banashankari Stage V,920.0,2,41.5
Bhoganhalli,1277.0,2,79.89
Horamavu Agara,1213.0,2,38.1
Singasandra,1653.0,3,85.0
Sarjapur,2400.0,4,140.0
1st Block Koramangala,3000.0,4,500.0
Kothanur,1600.0,4,250.0
Electronics City Phase 1,1321.0,3,40.0
Kanakpura Road,1570.0,3,68.0
Other,1150.0,8,70.0
Other,1053.0,2,44.0
Other,1325.0,3,56.0
Other,1169.0,2,50.11
Other,1274.0,2,90.0
Whitefield,1317.0,2,52.0
Lakshminarayana Pura,1195.0,2,75.0
Whitefield,2858.0,4,137.0
Kammasandra,940.0,2,35.0
Budigere,1820.0,3,95.5
Kanakpura Road,1450.0,3,53.6
Whitefield,1615.0,3,96.9
Nagarbhavi,2200.0,3,99.0
Subramanyapura,985.0,2,62.5
Electronics City Phase 1,1116.0,2,33.0
Kaggadasapura,1105.0,2,39.5
Whitefield,1220.0,2,55.0
Hoodi,1400.0,3,74.0
Other,2400.0,4,185.0
Anandapura,850.0,3,63.0
Uttarahalli,1000.0,2,35.0
Bannerghatta Road,1660.0,3,80.0
Old Madras Road,1165.0,2,52.0
Budigere,1153.0,2,56.0
Bannerghatta Road,1270.0,2,45.0
Other,1070.0,2,38.0
Other,1427.0,3,85.0
Banashankari Stage III,1420.0,3,95.0
Kothanur,1600.0,4,130.0
Other,2031.0,2,200.0
Bellandur,1454.0,2,90.0
Whitefield,1116.0,2,48.76
Other,2000.0,4,180.0
Other,1062.0,2,50.0
Other,700.0,1,25.5
JP Nagar,1405.0,2,99.0
Doddathoguru,1100.0,2,50.0
Chikka Tirupathi,2153.0,3,120.0
Ulsoor,2135.0,3,170.0
Pai Layout,1068.0,2,48.0
Doddathoguru,940.0,2,32.9
Hosa Road,1063.0,2,32.79
Brookefield,1382.0,2,84.5
Harlur,936.0,2,45.0
KR Puram,1400.0,3,60.0
Sarjapur  Road,475.0,1,26.0
Other,1200.0,2,115.0
Kudlu,1162.0,2,52.0
Hosa Road,1161.0,2,48.75
Green Glen Layout,1623.29,3,105.0
Brookefield,1260.0,2,70.0
Billekahalli,1672.0,4,190.0
Seegehalli,3000.0,3,240.0
Murugeshpalya,1500.0,3,70.0
Budigere,705.0,1,34.545
Other,1650.0,5,200.0
Thyagaraja Nagar,1675.0,1,241.0
Electronic City,1200.0,3,150.0
Nagarbhavi,1100.0,2,46.2
Whitefield,1400.0,3,56.0
Ramagondanahalli,2257.0,3,155.0
Budigere,1153.0,2,56.5
Sarjapur  Road,1197.0,2,56.86
Other,1150.0,2,90.0
Other,595.0,1,40.0
Hoodi,1837.0,3,110.0
Other,3750.0,4,190.0
Bellandur,1830.0,3,91.86
Electronic City,970.0,2,35.0
Hebbal Kempapura,1200.0,4,148.0
NRI Layout,2700.0,4,95.75
Other,5480.0,3,400.0
Vidyaranyapura,2400.0,4,135.0
Sarjapur  Road,3040.0,4,135.0
Raja Rajeshwari Nagar,1168.0,2,66.0
Kumaraswami Layout,600.0,2,72.0
5th Phase JP Nagar,1200.0,8,250.0
ITPL,850.0,2,25.4
Ramamurthy Nagar,935.0,2,39.0
Other,1200.0,5,235.0
Doddaballapur,654.0,1,49.0
Domlur,1650.0,3,180.0
Dodsworth Layout,5656.0,3,499.0
Other,1300.0,2,33.0
Kaggalipura,950.0,2,60.0
Other,1250.0,3,54.0
Other,1425.0,3,65.0
Uttarahalli,1165.0,2,42.09
Kathriguppe,1390.0,3,69.49
Kalena Agrahara,1510.0,3,78.0
Thanisandra,1305.0,2,90.0
Vidyaranyapura,1200.0,6,170.0
Kodigehaali,866.0,2,32.0
Hulimavu,1231.0,2,84.5
Sompura,1360.0,3,45.0
Yeshwanthpur,2500.0,3,138.0
Whitefield,1140.0,2,55.0
Whitefield,1295.0,2,64.5
Hormavu,1020.0,2,45.75
Old Airport Road,3504.0,4,262.0
Vidyaranyapura,1100.0,2,41.0
Bannerghatta Road,4723.0,4,500.0
Kothannur,820.0,2,37.0
Sarjapur,3508.0,4,386.0
Other,3700.0,4,400.0
Kalena Agrahara,1354.0,2,70.0
Basavangudi,2453.0,4,250.0
Garudachar Palya,1154.0,2,51.8
7th Phase JP Nagar,1680.0,3,92.0
Electronics City Phase 1,1205.0,2,60.0
Raja Rajeshwari Nagar,1400.0,3,86.0
Other,1625.0,3,150.0
Electronic City,1500.0,3,73.0
Bannerghatta Road,1520.0,3,80.0
Other,1150.0,2,47.0
Kadugodi,1762.0,3,109.0
Budigere,1153.0,2,58.0
Yelahanka,2650.0,4,223.0
Sompura,1350.0,3,47.0
Billekahalli,950.0,2,56.0
Jakkur,3295.0,3,310.0
Other,1515.0,3,80.5
Neeladri Nagar,1100.0,2,30.0
HBR Layout,1200.0,2,120.0
5th Phase JP Nagar,2500.0,7,95.0
Hoskote,1200.0,4,100.0
Yelahanka,1355.0,3,51.5
Other,1115.0,3,39.14
8th Phase JP Nagar,1275.0,3,45.0
Padmanabhanagar,2051.0,3,170.0
BTM Layout,1470.0,3,99.0
Bannerghatta Road,1270.0,3,73.0
Hebbal Kempapura,1600.0,3,170.0
Kudlu Gate,1320.0,3,50.0
Other,2505.0,3,165.0
Whitefield,1200.0,2,70.0
Other,1705.0,3,86.96
Electronic City,995.0,2,48.0
Horamavu Banaswadi,1081.0,2,52.0
Sonnenahalli,605.0,1,30.24
Yelahanka,567.0,1,25.0
Rajaji Nagar,1718.0,2,275.0
Banashankari Stage VI,1410.5,3,70.385
2nd Stage Nagarbhavi,600.0,3,135.0
Green Glen Layout,1715.0,3,105.0
Doddaballapur,3206.0,4,270.0
Kundalahalli,1500.0,4,235.0
Bannerghatta Road,1846.0,3,120.0
Whitefield,1015.0,2,56.0
Other,4350.0,4,2600.0
Thanisandra,1100.0,2,36.0
Thanisandra,1965.0,3,125.0
NGR Layout,1021.0,2,45.9
Haralur Road,1230.0,2,67.65
Uttarahalli,1260.0,2,55.0
Indira Nagar,2400.0,4,700.0
Lingadheeranahalli,1894.0,3,114.0
2nd Stage Nagarbhavi,1500.0,6,233.0
Sector 2 HSR Layout,1231.0,2,66.0
R.T. Nagar,1800.0,4,120.0
Other,1650.0,3,135.0
Other,750.0,5,88.0
Begur,1443.0,3,70.0
Ramamurthy Nagar,886.0,4,120.0
Other,925.0,2,68.0
Other,1190.0,2,46.41
Uttarahalli,1284.0,2,53.36
Other,350.0,4,45.0
Other,875.0,3,115.0
Chikkalasandra,1325.0,2,59.0
Other,2400.0,6,750.0
Other,1750.0,3,100.0
Other,16335.0,4,149.0
Other,747.0,1,27.0
Electronic City,1342.0,2,90.0
Other,1113.0,2,52.0
Brookefield,1206.0,2,90.0
Hebbal,1162.0,2,59.0
Sarjapur  Road,1857.0,3,155.0
Other,3500.0,6,115.0
Rajaji Nagar,1763.0,2,240.0
Uttarahalli,1150.0,2,45.99
Koramangala,2400.0,4,550.0
Chikkalasandra,1290.0,2,72.0
Thubarahalli,3408.0,4,145.0
HBR Layout,900.0,2,145.0
Sanjay nagar,1150.0,2,70.0
Banashankari,1040.0,3,109.0
Yeshwanthpur,1160.0,2,64.08
Sarjapur  Road,1750.0,4,185.0
Lingadheeranahalli,2240.0,4,160.0
Electronics City Phase 1,891.0,2,26.0
Other,1000.0,5,80.0
Ambedkar Nagar,1852.0,3,125.0
Chandapura,1323.0,3,42.0
Vittasandra,1404.0,2,67.5
Dodda Nekkundi,1370.0,2,60.0
Gollarapalya Hosahalli,1129.0,2,50.0
Mahalakshmi Layout,1876.0,3,150.0
Other,1720.0,3,95.0
Jalahalli East,1200.0,4,80.0
Mysore Road,1175.0,2,86.68
Other,500.0,1,51.0
Electronic City Phase II,1200.0,1,295.0
Hosa Road,1893.0,3,130.0
Whitefield,1430.0,3,52.0
Other,850.0,2,45.0
CV Raman Nagar,1392.0,2,110.0
Kanakpura Road,1938.0,3,105.0
Other,1020.0,2,52.0
HBR Layout,1832.0,3,160.0
Konanakunte,1423.0,3,85.0
Jakkur,1432.0,2,85.0
Other,1350.0,4,235.0
BTM 2nd Stage,1500.0,8,270.0
CV Raman Nagar,1480.0,3,65.0
Other,760.0,3,95.0
Hulimavu,1916.0,3,150.0
Yelenahalli,1160.0,2,44.08
Old Madras Road,2640.0,2,170.0
Bommanahalli,1160.0,2,53.0
Ramagondanahalli,1500.0,3,100.0
Electronic City Phase II,1336.0,3,50.35
Choodasandra,1065.0,2,46.0
Hebbal,1294.0,2,115.0
Rachenahalli,1550.0,3,68.5
Other,1005.0,2,40.0
7th Phase JP Nagar,1430.0,3,102.0
Frazer Town,4100.0,4,660.0
Hoodi,1660.0,3,125.0
Hennur Road,1470.0,3,75.0
Hebbal,4225.0,4,359.0
Anjanapura,950.0,2,30.0
Doddathoguru,1382.0,3,65.0
BTM 2nd Stage,930.0,2,46.0
Other,1290.0,2,71.95
Whitefield,1010.0,3,45.0
Brookefield,3050.0,4,130.0
Dodda Nekkundi,1200.0,2,71.0
Other,1650.0,3,140.0
Budigere,1636.0,3,88.0
Rajaji Nagar,2367.0,3,320.0
Budigere,1153.0,2,56.55
Hegde Nagar,2087.01,3,160.0
LB Shastri Nagar,1200.0,2,47.0
HSR Layout,1844.0,3,89.0
Hosa Road,1286.0,3,110.0
Begur Road,1215.0,2,43.75
Sarjapur  Road,1194.0,2,57.0
Other,1220.0,2,52.0
Other,3150.0,4,150.0
Bommasandra,955.0,2,37.97
Other,2000.0,5,75.0
Magadi Road,884.0,2,48.0
Kathriguppe,1250.0,2,68.75
Bommasandra Industrial Area,7000.0,2,135.0
Dodda Nekkundi,2400.0,3,300.0
Harlur,2990.0,4,225.0
Bellandur,1195.0,2,52.0
Other,2559.0,1,55.0
Begur,1200.0,2,33.0
Sarjapur  Road,984.0,2,45.75
Bommasandra,1089.0,2,40.0
Hennur Road,1165.0,2,52.0
Chandapura,410.0,1,10.0
Hennur,1482.0,3,110.0
Ramamurthy Nagar,1200.0,2,68.0
Hormavu,1166.0,3,34.97
Chikkalasandra,1275.0,3,55.46
Mico Layout,1140.0,2,43.0
Hegde Nagar,3734.0,4,430.0
Other,720.0,1,28.0
Nagarbhavi,1200.0,3,228.0
Other,1100.0,2,90.0
Sector 7 HSR Layout,1162.0,2,98.77
Ramamurthy Nagar,540.0,1,35.0
R.T. Nagar,1300.0,3,145.0
Other,1220.0,2,60.0
Doddathoguru,964.0,2,62.0
Other,1500.0,3,50.0
Sarjapur  Road,1347.0,3,44.0
Other,5000.0,4,250.0
Bannerghatta Road,3000.0,4,140.0
Bannerghatta,1120.0,2,42.5
Other,600.0,1,22.8
Whitefield,2321.0,3,157.0
Other,540.0,1,24.0
Hebbal,1150.0,2,57.0
Sonnenahalli,1484.0,3,75.0
Ramagondanahalli,1680.0,3,68.0
Other,1650.0,3,78.0
Other,1250.0,3,44.0
Sarjapur  Road,1105.0,2,40.0
Vidyaranyapura,1200.0,2,60.5
Kumaraswami Layout,3100.0,7,145.0
Whitefield,4007.0,4,530.0
Rajaji Nagar,2409.0,3,395.0
Old Airport Road,1055.0,2,75.0
Hosa Road,1541.0,3,69.61
Harlur,1370.0,2,88.0
Whitefield,1224.0,2,75.0
Kengeri Satellite Town,650.0,4,58.0
Yeshwanthpur,1676.0,3,92.13
Other,1154.0,2,57.0
Kanakpura Road,1610.0,3,78.5
Other,1057.0,2,42.0
Raja Rajeshwari Nagar,1157.0,2,65.0
Other,1500.0,7,130.0
Other,980.0,2,35.0
Sarjapur  Road,1140.0,2,40.0
Raja Rajeshwari Nagar,1206.0,2,40.7
Electronic City Phase II,575.0,1,16.75
Koramangala,1600.0,3,170.0
Horamavu Agara,1300.0,3,52.0
Other,1270.0,3,35.56
Electronic City,1128.0,2,63.5
Electronics City Phase 1,640.0,1,45.0
Electronic City,589.0,1,29.0
Electronic City,1125.0,2,28.13
Sarjapur  Road,3150.0,4,500.0
Kundalahalli,1315.0,2,74.0
Other,1286.0,2,150.0
Bellandur,1435.0,3,115.0
Kadugodi,1314.0,2,80.0
Other,1875.0,7,192.0
Nagarbhavi,1080.0,2,49.0
Nagasandra,4000.0,8,160.0
Mysore Road,1082.0,3,45.0
Jakkur,1150.0,3,65.0
Hennur Road,1052.0,2,34.72
Yelahanka,1045.0,2,45.0
Kodigehaali,1442.0,3,80.0
Hennur,1255.0,2,53.57
Other,1432.0,3,79.0
Kundalahalli,2100.0,3,150.0
Hennur Road,1450.0,2,80.0
Sarjapur  Road,1346.0,2,69.61
Kumaraswami Layout,1200.0,2,29.0
Electronic City Phase II,925.0,3,49.82
Dasarahalli,1160.0,2,49.0
Lingadheeranahalli,1768.0,3,81.31
Kothanur,1094.0,2,54.0
Gubbalala,1745.0,3,130.0
Bommanahalli,2875.0,7,85.0
Other,3500.0,4,425.0
Sonnenahalli,1550.0,3,50.0
Rajiv Nagar,2340.0,4,160.0
Battarahalli,2024.0,3,103.0
Other,3100.0,4,425.0
Jalahalli,1575.0,3,100.0
Sarjapur  Road,6200.0,4,744.0
BTM 2nd Stage,1265.0,3,55.0
Other,1100.0,3,45.0
Margondanahalli,1160.0,2,65.0
Hosa Road,615.0,1,43.08
7th Phase JP Nagar,1128.0,2,60.0
Other,1260.0,2,55.0
Bellandur,1830.0,3,89.89
Sarjapur,1525.0,3,68.0
Yelahanka,602.0,1,30.0
Kumaraswami Layout,3000.0,7,400.0
Hegde Nagar,1835.0,3,89.0
Kanakpura Road,1250.0,3,62.6
Murugeshpalya,1855.0,3,96.0
Sarjapur  Road,2089.0,3,148.0
Banashankari Stage VI,4800.0,4,200.0
Begur Road,1200.0,2,44.73
Sarjapur,1095.0,2,45.0
Ambedkar Nagar,2900.0,3,297.0
BTM 2nd Stage,2500.0,3,345.0
Kothanur,1170.0,3,80.0
6th Phase JP Nagar,1280.0,2,88.0
Rajaji Nagar,1224.0,2,105.0
Thanisandra,1694.0,3,125.0
Electronic City,825.0,2,30.0
Sarjapur  Road,1612.0,3,98.38
Murugeshpalya,1175.0,2,75.0
Other,600.0,1,24.0
Whitefield,1740.0,3,85.0
Other,1770.0,3,99.0
HAL 2nd Stage,1000.0,8,260.0
Horamavu Agara,1090.0,2,46.0
Other,2295.0,6,650.0
Whitefield,4144.0,5,331.0
Other,1800.0,3,130.0
8th Phase JP Nagar,1046.0,2,48.0
Uttarahalli,1290.0,3,56.12
Electronic City Phase II,1065.0,2,30.76
Ambedkar Nagar,1850.0,3,121.0
Battarahalli,1097.0,2,49.0
Kalena Agrahara,1200.0,2,70.0
Varthur,2160.0,3,170.0
Anekal,1140.0,2,52.0
Thigalarapalya,1297.0,2,98.0
Padmanabhanagar,1150.0,2,50.0
Other,1375.0,2,45.0
Babusapalaya,1245.0,2,58.0
Other,4750.0,4,948.0
Nagarbhavi,1800.0,4,180.0
Brookefield,1594.0,3,140.0
Rajaji Nagar,2500.0,5,650.0
Raja Rajeshwari Nagar,1000.0,2,50.0
Whitefield,4000.0,6,540.0
Other,1200.0,6,85.0
OMBR Layout,600.0,5,140.0
Other,1570.0,3,95.0
Sarjapur  Road,1290.0,2,88.0
Kudlu Gate,1200.0,2,44.4
Other,2777.29,3,649.0
Other,1270.0,2,172.0
Other,1145.0,2,44.0
Chikkabanavar,1320.0,3,46.0
Whitefield,1650.0,3,48.0
Sarjapur  Road,1371.0,2,86.0
Other,2700.0,5,150.0
Electronic City,1575.0,3,94.5
Yelahanka,1362.0,2,66.0
Other,3210.0,5,353.0
Whitefield,925.0,2,35.0
Electronics City Phase 1,1088.0,2,30.46
Sarjapur  Road,2140.0,3,139.0
Thubarahalli,1584.0,3,101.0
Whitefield,1175.0,2,50.0
Sarjapura - Attibele Road,1555.0,3,52.0
Dodda Nekkundi,1585.0,3,79.0
Kalena Agrahara,1354.0,2,71.0
Other,1165.0,2,45.0
Kumaraswami Layout,1200.0,3,75.0
Hebbal,1740.0,3,137.0
Hebbal,1200.0,9,185.0
Other,1340.0,3,47.0
Begur Road,1583.0,3,95.23
Basaveshwara Nagar,1200.0,2,180.0
Bannerghatta Road,1122.5,2,61.74
Thanisandra,1573.0,3,100.0
CV Raman Nagar,1227.0,2,42.88
Basavangudi,1650.0,3,125.0
Chikkalasandra,1000.0,5,300.0
Raja Rajeshwari Nagar,1485.0,3,63.0
Haralur Road,1735.0,3,97.0
Hebbal Kempapura,1730.0,3,175.0
Other,1684.0,3,86.0
Other,1686.0,3,77.0
Other,1654.0,3,82.0
Green Glen Layout,1600.0,3,105.0
KR Puram,1100.0,2,39.9
Bannerghatta Road,1655.0,3,95.0
Hennur,1830.0,3,121.0
Hebbal,1430.0,3,85.0
Judicial Layout,1989.0,3,155.0
Sarjapur  Road,1044.0,2,55.0
Banashankari,1426.0,3,85.0
Yelahanka,1000.0,2,29.0
Kathriguppe,754.0,2,69.99
Kodichikkanahalli,900.0,2,35.0
Malleshwaram,580.0,1,45.0
Munnekollal,1030.0,2,50.36
Koramangala,1910.0,3,150.0
Other,1950.0,3,132.0
Rajaji Nagar,1314.0,2,225.0
Kothanur,1400.0,2,65.0
Kaggadasapura,1400.0,3,68.0
Hulimavu,1115.0,2,44.6
Bharathi Nagar,1300.0,2,55.86
Kanakpura Road,1332.0,2,108.0
Abbigere,1000.0,2,41.0
Whitefield,1200.0,3,67.75
Whitefield,2444.0,4,145.0
Sarjapur  Road,1600.0,3,85.0
Marathahalli,1196.0,2,57.95
Electronic City,1025.0,2,54.0
Sarjapur  Road,2180.0,3,180.0
Other,1600.0,3,102.0
Whitefield,1270.0,2,110.0
Other,3290.0,3,460.0
Jakkur,1932.47,3,183.0
Jalahalli,2086.0,3,160.0
Old Madras Road,1165.0,2,51.42
Rajaji Nagar,1440.0,2,165.0
Electronics City Phase 1,1900.0,3,85.0
Chandapura,740.0,2,22.0
Yeshwanthpur,2503.0,3,138.0
Bellandur,1260.0,2,83.5
Tumkur Road,1100.0,4,60.0
Green Glen Layout,1717.0,3,125.0
Other,1088.0,2,46.0
Raja Rajeshwari Nagar,1335.0,3,56.0
Vidyaranyapura,1200.0,2,42.0
Garudachar Palya,1325.0,3,60.0
JP Nagar,1157.0,2,73.0
KR Puram,2283.0,4,121.0
Sahakara Nagar,1200.0,2,54.0
Pai Layout,1510.0,3,65.0
Bommanahalli,1050.0,2,54.0
Binny Pete,1516.0,3,147.0
Indira Nagar,2400.0,6,475.0
Channasandra,1050.0,2,44.41
Hegde Nagar,1000.0,2,66.0
9th Phase JP Nagar,1050.0,2,35.0
JP Nagar,600.0,4,110.0
Ananth Nagar,600.0,4,62.0
Hormavu,1210.0,2,69.0
Whitefield,1660.0,3,110.0
Malleshwaram,1410.0,2,125.0
Electronics City Phase 1,1305.0,2,67.0
Other,1800.0,6,101.0
Bannerghatta Road,1206.0,2,53.0
Bannerghatta Road,1150.0,2,55.0
Other,1100.0,2,65.0
Banashankari Stage II,1245.0,2,125.0
Cooke Town,1850.0,3,110.0
Hoodi,3385.0,4,220.0
Sompura,2150.0,4,85.0
Other,1035.0,2,55.0
Other,600.0,2,72.0
Other,1200.0,7,235.0
Electronics City Phase 1,755.0,1,30.12
Ramamurthy Nagar,960.0,2,35.0
Other,450.0,1,20.0
Other,4000.0,5,680.0
Raja Rajeshwari Nagar,1571.0,3,53.12
Kanakapura,1489.0,3,70.0
Kengeri Satellite Town,800.0,2,32.0
Jalahalli,980.0,3,60.0
Bannerghatta Road,1215.0,2,65.0
Electronic City Phase II,911.0,2,26.5
Bellandur,1535.0,3,90.0
R.T. Nagar,1500.0,3,70.0
Brookefield,1588.0,2,58.0
Horamavu Banaswadi,675.0,4,68.0
Other,1495.0,3,52.33
Bisuvanahalli,845.0,2,34.0
Padmanabhanagar,3000.0,4,350.0
Sarjapur  Road,2206.0,3,180.0
Kasavanhalli,1181.0,2,61.0
Sarjapur  Road,1309.0,2,69.5
Horamavu Agara,1400.0,3,63.0
Other,1650.0,5,450.0
Kanakpura Road,1622.0,3,95.0
CV Raman Nagar,1225.0,2,48.0
Other,1719.0,3,95.0
Abbigere,995.0,2,40.8
Mahadevpura,1120.0,2,53.0
Bellandur,1047.0,2,75.0
Devanahalli,1466.0,3,59.96
Chandapura,876.0,2,28.47
CV Raman Nagar,1659.0,3,135.0
Whitefield,1270.0,2,105.0
8th Phase JP Nagar,1269.0,3,50.75
Whitefield,1315.0,2,69.5
Hebbal Kempapura,2485.0,4,198.0
Tumkur Road,1354.0,3,85.86
Whitefield,1344.0,4,130.0
Yelahanka,1180.0,2,55.0
Jalahalli,1313.0,2,68.0
Nehru Nagar,1100.0,2,50.0
Nagarbhavi,600.0,4,78.0
Basaveshwara Nagar,1200.0,3,190.0
Other,625.0,6,78.0
Vishwapriya Layout,890.0,2,37.0
Green Glen Layout,1250.0,2,75.0
Hoodi,1644.0,3,80.51
Yelahanka New Town,1740.0,3,150.0
Jakkur,1710.0,3,110.0
5th Phase JP Nagar,1000.0,4,130.0
Hebbal,1662.0,3,155.0
Other,1162.0,2,48.0
Whitefield,1362.0,2,85.0
Other,540.0,1,22.5
Thanisandra,1533.0,3,75.885
Other,900.0,5,62.0
Sarjapur  Road,1250.0,4,135.0
Begur Road,1410.0,3,54.99
Chikka Tirupathi,2665.0,4,125.0
Other,970.0,2,45.0
Other,1799.0,6,101.0
Other,1500.0,6,300.0
Uttarahalli,1200.0,4,155.0
Haralur Road,1810.0,3,97.83
Other,1084.0,2,51.0
Uttarahalli,1328.0,3,56.0
Marathahalli,1485.0,3,90.0
Pai Layout,1500.0,3,58.0
R.T. Nagar,1100.0,2,85.0
Other,1360.0,3,73.0
1st Phase JP Nagar,900.0,2,75.0
Other,600.0,3,86.0
Electronic City Phase II,1031.0,2,54.48
Whitefield,955.0,2,38.19
Uttarahalli,1040.0,2,36.4
KR Puram,2800.0,7,110.0
Kothannur,1404.0,3,56.15
Yelahanka,1267.0,2,78.0
Bannerghatta Road,1510.0,3,110.0
Kanakpura Road,900.0,2,42.0
Whitefield,1457.0,3,105.0
Iblur Village,3596.0,4,268.0
8th Phase JP Nagar,1408.0,3,80.0
Dodda Nekkundi,1005.0,2,45.0
Dodsworth Layout,30400.0,6,1824.0
Electronic City Phase II,545.0,2,28.0
Other,1182.0,2,64.0
Talaghattapura,2038.5,3,122.0
Sarjapur  Road,1367.0,2,80.0
BTM 1st Stage,1200.0,5,200.0
Judicial Layout,1100.0,5,199.0
Sarjapur  Road,1565.0,3,78.0
Whitefield,1720.0,3,128.0
Doddathoguru,1107.0,2,44.0
Yelahanka,1360.0,2,78.19
Anekal,625.0,2,25.0
Jalahalli,1701.0,2,145.0
Other,1350.0,3,120.0
Hosa Road,1016.0,2,39.95
Akshaya Nagar,900.0,2,45.0
Sanjay nagar,1500.0,3,150.0
Other,2292.0,3,285.0
Kereguddadahalli,1280.0,3,42.0
Other,1750.0,4,263.0
Electronic City,1500.0,3,70.0
Gottigere,1245.0,2,59.0
Yelahanka,1025.0,2,44.0
Other,1945.0,3,135.0
Rajaji Nagar,1640.0,3,245.0
Hegde Nagar,1348.0,3,80.5
Tindlu,1100.0,2,55.0
Kammasandra,1616.0,3,40.0
Yeshwanthpur,1855.0,3,135.0
Hennur,1255.0,2,56.5
HAL 2nd Stage,2040.0,5,500.0
5th Phase JP Nagar,2400.0,4,228.0
Kothanur,1195.0,2,59.0
Bannerghatta Road,1022.0,2,35.0
Hegde Nagar,760.0,6,98.0
Dodda Nekkundi,1264.0,2,52.0
Chamrajpet,1650.0,3,115.0
Abbigere,1020.0,2,40.8
Bommasandra,950.0,2,25.0
Other,2710.0,4,142.0
Hennur Road,1936.0,3,131.0
Other,1075.0,2,58.0
Hosur Road,1223.0,2,93.0
Whitefield,1500.0,3,61.9
Hennur,1050.0,2,42.73
7th Phase JP Nagar,2100.0,3,190.0
Uttarahalli,1650.0,3,130.0
Whitefield,1495.0,2,78.0
Koramangala,1605.0,3,260.0
Whitefield,1270.0,2,52.0
Kumaraswami Layout,1081.0,2,60.0
Koramangala,1600.0,3,140.0
Kanakpura Road,1596.0,3,118.0
Horamavu Agara,1557.0,3,70.0
Other,1410.0,3,68.0
Sarjapur  Road,1984.0,3,148.0
Kadugodi,1196.0,2,60.0
Thanisandra,2259.0,4,112.0
Kenchenahalli,1720.0,3,100.0
8th Phase JP Nagar,600.0,4,99.0
7th Phase JP Nagar,1140.0,2,57.0
Cooke Town,1600.0,3,260.0
Kothanur,1790.0,3,120.0
Harlur,1335.0,2,72.76
Nehru Nagar,1674.0,3,81.0
CV Raman Nagar,1200.0,5,100.0
Other,1786.0,3,79.99
Vidyaranyapura,770.0,4,65.25
Sarjapur  Road,1035.0,2,47.0
Margondanahalli,1334.0,2,67.76
Other,7150.0,10,3600.0
Bommasandra,1365.0,3,53.96
Other,1369.0,3,72.0
Whitefield,1240.0,2,41.0
Other,1418.0,2,62.0
Hebbal,2250.0,3,219.0
Shivaji Nagar,500.0,2,20.0
KR Puram,1020.0,2,39.0
Yelahanka New Town,1290.0,2,70.0
Attibele,1500.0,3,90.0
Billekahalli,1290.0,3,62.0
Jalahalli,1881.0,3,115.0
Jigani,943.0,2,49.5
Electronic City,1140.0,2,32.93
Other,1035.0,2,60.0
Whitefield,1500.0,3,71.0
Other,5665.84,5,988.0
Other,1232.0,2,94.28
Malleshwaram,2610.0,4,306.0
Anandapura,1576.0,3,58.7
Other,980.0,2,41.0
Hebbal,4000.0,4,440.0
Hoodi,1181.0,2,55.0
Other,6652.0,4,660.0
Other,1307.0,2,59.0
Other,1215.0,3,49.86
Sanjay nagar,1180.0,2,80.0
Amruthahalli,600.0,1,55.0
Other,1025.0,2,43.04
Ramagondanahalli,1910.0,3,131.0
Gottigere,1200.0,2,50.0
Other,2920.0,4,536.0
Electronics City Phase 1,1175.0,2,60.0
Whitefield,1404.0,3,59.0
Other,2700.0,4,230.0
Nagavara,440.0,3,35.0
Somasundara Palya,1571.0,3,63.0
Other,1125.0,2,46.0
Kammasandra,610.0,1,18.5
Ambalipura,1198.0,2,80.0
Chandapura,1200.0,3,65.0
Other,6688.0,4,700.0
Other,1830.0,3,95.0
Kudlu Gate,1432.0,3,61.11
Somasundara Palya,2300.0,3,70.0
9th Phase JP Nagar,1331.95,2,69.0
Yeshwanthpur,1876.0,3,160.0
Akshaya Nagar,1200.0,4,125.0
Kanakpura Road,1665.0,3,74.9
Electronic City,2093.0,4,134.0
TC Palaya,1330.0,3,46.56
1st Block Koramangala,1200.0,4,350.0
Talaghattapura,1800.0,3,84.0
Other,2872.0,4,183.0
Other,1486.0,3,65.0
Chikkalasandra,1425.0,3,54.0
Raja Rajeshwari Nagar,1255.0,2,42.54
Electronic City,750.0,2,19.5
Nagarbhavi,1225.0,2,58.0
Other,4600.0,9,150.0
Other,1100.0,2,64.08
Whitefield,1760.0,3,139.0
Bommasandra,1200.0,3,110.0
Other,1800.0,7,65.0
Chandapura,1095.0,3,28.0
Raja Rajeshwari Nagar,1530.0,3,64.86
Kundalahalli,1724.0,3,140.0
Horamavu Agara,1058.0,2,47.0
Other,1975.0,3,90.0
Sarjapur  Road,1112.0,2,58.0
Other,1600.0,2,90.0
Vittasandra,1648.0,3,85.0
Hoskote,509.0,1,23.0
Talaghattapura,2265.0,3,159.0
Malleshpalya,1200.0,2,46.0
Other,530.0,1,18.0
Other,1010.0,2,41.0
Kaggadasapura,1150.0,2,45.0
Sarjapur  Road,1340.0,2,75.0
Raja Rajeshwari Nagar,1850.0,3,98.0
Doddathoguru,907.0,2,40.0
Benson Town,1688.0,2,280.0
Ulsoor,1160.0,2,130.0
Pai Layout,1600.0,3,65.0
Other,1800.0,6,140.0
Iblur Village,3596.0,4,251.0
Hosur Road,1464.0,3,56.0
Hennur,1295.0,2,62.0
Other,1012.0,2,62.0
Yelahanka New Town,1000.0,3,48.0
Channasandra,1010.0,2,32.0
Bharathi Nagar,1379.0,2,85.0
Kasavanhalli,1121.0,2,75.0
LB Shastri Nagar,1200.0,2,75.0
Sarakki Nagar,3124.0,4,349.0
Bannerghatta Road,1246.0,2,47.35
7th Phase JP Nagar,1420.0,3,90.0
Shivaji Nagar,600.0,2,65.0
Other,1090.0,2,55.0
Electronic City,1355.0,2,73.0
Ambedkar Nagar,1425.0,2,94.0
Chikkabanavar,4000.0,8,110.0
Electronics City Phase 1,1700.0,3,111.0
Talaghattapura,2099.0,3,134.0
Yelahanka,1330.0,5,210.0
Devanahalli,1520.0,3,69.76
Other,1490.0,3,140.0
Horamavu Banaswadi,1000.0,2,50.0
Sahakara Nagar,1291.0,2,72.3
Kanakpura Road,1339.0,2,67.0
Other,1330.0,2,56.0
Other,9200.0,4,2600.0
Other,1200.0,8,140.0
Other,1650.0,2,130.0
Other,8000.0,6,2800.0
Jakkur,1125.0,2,44.75
CV Raman Nagar,1310.0,2,62.0
Bellandur,1096.0,2,40.0
Dasanapura,814.0,2,43.7
Sarjapur  Road,3500.0,3,275.0
Raja Rajeshwari Nagar,1140.0,2,44.0
Hebbal,4000.0,4,370.0
Nagappa Reddy Layout,1500.0,3,78.0
Sarjapur  Road,1850.0,3,89.0
Other,745.0,2,36.0
Whitefield,613.0,1,48.0
Bannerghatta Road,1470.0,3,85.0
Frazer Town,896.0,1,100.0
Other,250.0,1,40.0
Bannerghatta Road,1160.0,2,45.0
Laggere,1590.0,7,132.0
Attibele,520.0,1,15.0
Other,1178.0,9,75.0
Electronic City,1360.0,3,64.99
Other,1155.0,2,64.0
Ambalipura,1615.0,3,150.0
Raja Rajeshwari Nagar,6000.0,8,215.0
Raja Rajeshwari Nagar,1140.0,2,39.0
Other,1508.0,3,77.0
Ambedkar Nagar,2395.0,3,150.0
Thigalarapalya,2215.0,3,152.0
R.T. Nagar,1667.0,3,130.0
Other,1903.0,3,293.0
7th Phase JP Nagar,1530.0,2,108.0
Whitefield,1730.0,3,125.0
JP Nagar,1048.0,2,44.0
Malleshpalya,1225.0,2,52.0
Kundalahalli,1175.0,2,65.0
Devanahalli,1075.0,1,52.57
Electronic City Phase II,1651.0,3,49.53
8th Phase JP Nagar,1500.0,3,55.0
Doddathoguru,1783.0,3,85.0
Kereguddadahalli,1015.0,2,35.0
Other,1800.0,1,200.0
Sarjapur  Road,2758.0,4,240.0
Sarjapur  Road,1132.0,2,70.0
KR Puram,1200.0,2,75.0
Hoodi,1490.0,3,85.0
Thanisandra,1917.0,4,130.0
Bhoganhalli,1703.0,3,120.0
Old Madras Road,1211.0,2,45.0
Kudlu Gate,1310.0,2,53.0
Marathahalli,1146.0,2,69.0
Kudlu,1041.0,2,53.0
Whitefield,1453.0,3,58.0
Whitefield,877.0,1,59.0
Kanakapura,1477.0,3,69.5
Frazer Town,1420.0,2,120.0
Other,2000.0,3,360.0
Other,1140.0,2,185.0
Sarjapur  Road,1380.0,3,55.0
Other,1095.0,2,57.0
Hoodi,1258.5,2,59.135
Varthur,1665.0,3,71.58
KR Puram,1245.0,2,60.0
EPIP Zone,3360.0,4,221.0
Electronic City,2010.0,3,201.0
Shivaji Nagar,1226.0,3,60.0
Thanisandra,1226.0,2,65.59
Raja Rajeshwari Nagar,510.0,1,22.0
Kothannur,1600.0,4,45.0
LB Shastri Nagar,1000.0,2,49.5
Other,1400.0,7,218.0
Other,1200.0,6,130.0
Sarjapur,1425.0,3,57.0
Margondanahalli,1375.0,5,125.0
Hosur Road,1919.0,3,117.0
Neeladri Nagar,2111.0,3,103.0
Bannerghatta Road,970.0,2,57.0
Jalahalli,1405.0,3,85.0
Gubbalala,1285.0,2,90.0
Mahadevpura,1050.0,2,42.0
Hebbal,1349.0,2,96.8
Sarjapur  Road,4050.0,4,450.0
Other,1440.0,3,63.93
Sarjapur  Road,2425.0,4,195.0
Sultan Palaya,2200.0,4,80.0
Haralur Road,1810.0,3,112.0
Cox Town,1200.0,2,140.0
Electronic City,1060.0,2,52.0
Kenchenahalli,1015.0,2,60.0
Hosakerehalli,1500.0,5,145.0
Kothanur,1454.0,3,71.5
Other,1075.0,2,48.0
Vidyaranyapura,774.0,5,70.0
Raja Rajeshwari Nagar,1187.0,2,40.14
Hulimavu,500.0,1,220.0
Billekahalli,1805.0,3,134.0
Bannerghatta Road,1527.0,3,142.0
Yeshwanthpur,1675.0,3,92.13
Rachenahalli,1050.0,2,52.71
Bellandur,1262.0,2,47.0
Green Glen Layout,1715.0,3,112.0
Whitefield,3453.0,5,231.0
Other,3600.0,4,400.0
Raja Rajeshwari Nagar,1141.0,2,60.0
Padmanabhanagar,4689.0,4,488.0
