location,total_sqft,size,price,price_per_sqft
 Devarachikkanahalli,1250.0,3,4400000.0,3520.0
 Devarachikkanahalli,1250.0,2,4000000.0,3200.0
 Devarachikkanahalli,1170.0,2,4000000.0,3418.803418803419
 Devarachikkanahalli,1425.0,3,6500000.0,4561.403508771929
 Devarachikkanahalli,947.0,2,4300000.0,4540.654699049631
 Devarachikkanahalli,1130.0,2,3600000.0,3185.8407079646017
 Devarachikkanahalli,1417.0,3,7600000.0,5363.443895553987
 Devarachikkanahalli,1230.0,2,5800000.0,4715.447154471544
 Devarachikkanahalli,1705.0,3,7500000.0,4398.826979472141
 Devarachikkanahalli,1116.0,2,4700000.0,4211.469534050179
 Devarachikkanahalli,991.0,2,4000000.0,4036.326942482341
 Devarachikkanahalli,1700.0,3,7100000.0,4176.470588235294
1st Block Jayanagar,2850.0,4,42800000.0,15017.543859649122
1st Block Jayanagar,1630.0,3,19400000.0,11901.840490797545
1st Block Jayanagar,1875.0,3,23500000.0,12533.333333333334
1st Block Jayanagar,2400.0,4,45000000.0,18750.0
1st Block Jayanagar,1000.0,2,6000000.0,6000.0
1st Block Jayanagar,1200.0,3,13000000.0,10833.333333333334
1st Block Jayanagar,1235.0,2,14800000.0,11983.805668016194
1st Block Jayanagar,2750.0,4,41300000.0,15018.181818181818
1st Block Jayanagar,1760.0,3,11500000.0,6534.090909090909
1st Block Jayanagar,2450.0,4,36800000.0,15020.408163265307
1st Block Koramangala,1415.0,2,11000000.0,7773.851590106007
1st Block Koramangala,2360.0,4,60000000.0,25423.728813559323
1st Block Koramangala,860.0,2,6550000.0,7616.279069767442
1st Block Koramangala,3000.0,4,30000000.0,10000.0
1st Block Koramangala,2350.0,3,21000000.0,8936.170212765957
1st Block Koramangala,1800.0,3,5300000.0,2944.4444444444443
1st Block Koramangala,2360.0,4,60100000.0,25466.101694915254
1st Block Koramangala,1000.0,2,4500000.0,4500.0
1st Block Koramangala,3000.0,4,50000000.0,16666.666666666668
1st Block Koramangala,1200.0,4,35000000.0,29166.666666666668
1st Phase JP Nagar,2825.0,4,25000000.0,8849.557522123894
1st Phase JP Nagar,1875.0,3,16700000.0,8906.666666666666
1st Phase JP Nagar,1500.0,5,8500000.0,5666.666666666667
1st Phase JP Nagar,2065.0,3,21000000.0,10169.49152542373
1st Phase JP Nagar,2024.0,3,15700000.0,7756.916996047431
1st Phase JP Nagar,2059.0,3,22500000.0,10927.634774162214
1st Phase JP Nagar,1394.0,2,10000000.0,7173.601147776184
1st Phase JP Nagar,1077.0,2,9300000.0,8635.097493036212
1st Phase JP Nagar,1286.0,1,6300000.0,4898.9113530326595
1st Phase JP Nagar,1566.0,2,18000000.0,11494.252873563219
1st Phase JP Nagar,840.0,1,5000000.0,5952.380952380952
1st Phase JP Nagar,1590.0,3,13100000.0,8238.993710691824
1st Phase JP Nagar,2180.0,3,21000000.0,9633.02752293578
1st Phase JP Nagar,1180.0,2,8850000.0,7500.0
1st Phase JP Nagar,1200.0,2,8600000.0,7166.666666666667
1st Phase JP Nagar,1394.0,2,8500000.0,6097.5609756097565
1st Phase JP Nagar,2077.0,3,17500000.0,8425.613866153106
1st Phase JP Nagar,4550.0,4,24000000.0,5274.725274725275
1st Phase JP Nagar,1205.0,2,8500000.0,7053.941908713693
1st Phase JP Nagar,2615.0,4,22200000.0,8489.483747609942
1st Phase JP Nagar,900.0,2,7500000.0,8333.333333333334
2nd Stage Nagarbhavi,1500.0,4,22000000.0,14666.666666666666
2nd Stage Nagarbhavi,3000.0,6,45100000.0,15033.333333333334
2nd Stage Nagarbhavi,2400.0,6,45000000.0,18750.0
2nd Stage Nagarbhavi,1200.0,4,24500000.0,20416.666666666668
2nd Stage Nagarbhavi,1350.0,4,20000000.0,14814.814814814816
2nd Stage Nagarbhavi,1200.0,4,22500000.0,18750.0
2nd Stage Nagarbhavi,1500.0,4,23000000.0,15333.333333333334
5th Block Hbr Layout,1206.0,2,5600000.0,4643.449419568822
5th Block Hbr Layout,1270.0,3,7000000.0,5511.811023622047
5th Block Hbr Layout,1312.0,2,6900000.0,5259.1463414634145
5th Block Hbr Layout,1100.0,2,4800000.0,4363.636363636364
5th Block Hbr Layout,3600.0,5,13000000.0,3611.1111111111113
5th Block Hbr Layout,5100.0,6,30000000.0,5882.35294117647
5th Phase JP Nagar,1075.0,2,6000000.0,5581.395348837209
5th Phase JP Nagar,1150.0,2,5250000.0,4565.217391304348
5th Phase JP Nagar,1070.0,2,3900000.0,3644.8598130841124
5th Phase JP Nagar,1256.0,2,6280000.0,5000.0
5th Phase JP Nagar,1207.0,2,6300000.0,5219.552609776305
5th Phase JP Nagar,1725.0,3,10000000.0,5797.101449275362
5th Phase JP Nagar,1440.0,2,6000000.0,4166.666666666667
5th Phase JP Nagar,1400.0,3,8800000.0,6285.714285714285
5th Phase JP Nagar,1450.0,2,5800000.0,4000.0
5th Phase JP Nagar,1700.0,3,10000000.0,5882.35294117647
5th Phase JP Nagar,1485.0,3,6700000.0,4511.784511784512
5th Phase JP Nagar,2500.0,5,11000000.0,4400.0
5th Phase JP Nagar,600.0,1,3000000.0,5000.0
5th Phase JP Nagar,1390.0,2,6500000.0,4676.258992805755
5th Phase JP Nagar,1220.0,2,8800000.0,7213.11475409836
5th Phase JP Nagar,1000.0,2,4800000.0,4800.0
5th Phase JP Nagar,1350.0,3,7500000.0,5555.555555555556
5th Phase JP Nagar,552.0,1,2350000.0,4257.246376811594
5th Phase JP Nagar,1200.0,2,5100000.0,4250.0
5th Phase JP Nagar,1240.0,3,6000000.0,4838.709677419355
5th Phase JP Nagar,1550.0,3,7500000.0,4838.709677419355
5th Phase JP Nagar,1485.0,3,6600000.0,4444.444444444444
5th Phase JP Nagar,1030.0,2,5700000.0,5533.980582524272
5th Phase JP Nagar,1200.0,2,6800000.0,5666.666666666667
5th Phase JP Nagar,1190.0,2,6180000.0,5193.27731092437
5th Phase JP Nagar,4000.0,5,17000000.0,4250.0
5th Phase JP Nagar,1080.0,2,5300000.0,4907.407407407408
5th Phase JP Nagar,1041.0,2,5400000.0,5187.319884726225
5th Phase JP Nagar,812.0,2,4200000.0,5172.413793103448
5th Phase JP Nagar,1010.0,2,5700000.0,5643.564356435643
5th Phase JP Nagar,1450.0,3,7300000.0,5034.482758620689
5th Phase JP Nagar,2500.0,7,9500000.0,3800.0
6th Phase JP Nagar,1192.0,2,7400000.0,6208.053691275168
6th Phase JP Nagar,1180.0,2,8000000.0,6779.661016949152
6th Phase JP Nagar,3245.0,4,25000000.0,7704.160246533128
6th Phase JP Nagar,1645.0,3,10000000.0,6079.0273556231
6th Phase JP Nagar,1280.0,2,5600000.0,4375.0
6th Phase JP Nagar,1140.0,2,6500000.0,5701.754385964912
6th Phase JP Nagar,600.0,1,7500000.0,12500.0
6th Phase JP Nagar,2040.0,3,20000000.0,9803.921568627451
6th Phase JP Nagar,1213.0,2,6300000.0,5193.734542456719
6th Phase JP Nagar,1350.0,3,5800000.0,4296.2962962962965
6th Phase JP Nagar,1170.0,2,12000000.0,10256.410256410256
6th Phase JP Nagar,1216.0,2,6000000.0,4934.210526315789
6th Phase JP Nagar,1460.0,2,8000000.0,5479.45205479452
6th Phase JP Nagar,2003.0,3,20000000.0,9985.022466300548
6th Phase JP Nagar,1250.0,3,4890000.0,3912.0
6th Phase JP Nagar,1810.0,3,13100000.0,7237.5690607734805
6th Phase JP Nagar,750.0,1,10500000.0,14000.0
6th Phase JP Nagar,1515.0,3,13500000.0,8910.89108910891
6th Phase JP Nagar,1192.0,2,7500000.0,6291.946308724832
6th Phase JP Nagar,1280.0,2,8800000.0,6875.0
7th Phase JP Nagar,1000.0,2,3800000.0,3800.0
7th Phase JP Nagar,1080.0,2,7200000.0,6666.666666666667
7th Phase JP Nagar,1270.0,2,9300000.0,7322.834645669292
7th Phase JP Nagar,1420.0,3,10000000.0,7042.2535211267605
7th Phase JP Nagar,1850.0,3,15000000.0,8108.108108108108
7th Phase JP Nagar,1245.0,2,9400000.0,7550.2008032128515
7th Phase JP Nagar,1175.0,2,8200000.0,6978.723404255319
7th Phase JP Nagar,1400.0,3,9500000.0,6785.714285714285
7th Phase JP Nagar,2225.0,3,16000000.0,7191.011235955056
7th Phase JP Nagar,1050.0,2,7100000.0,6761.9047619047615
7th Phase JP Nagar,1100.0,2,4600000.0,4181.818181818182
7th Phase JP Nagar,918.0,2,5049000.0,5500.0
7th Phase JP Nagar,1450.0,3,10000000.0,6896.551724137931
7th Phase JP Nagar,1040.0,2,3952000.0000000005,3800.0000000000005
7th Phase JP Nagar,1070.0,2,4279000.0,3999.0654205607475
7th Phase JP Nagar,1190.0,2,4998000.0,4200.0
7th Phase JP Nagar,1420.0,3,9600000.0,6760.56338028169
7th Phase JP Nagar,1680.0,3,12000000.0,7142.857142857143
7th Phase JP Nagar,1050.0,2,4200000.0,4000.0
7th Phase JP Nagar,980.0,2,6900000.0,7040.816326530612
7th Phase JP Nagar,1035.0,2,4139000.0,3999.0338164251207
7th Phase JP Nagar,1370.0,2,5617000.0,4100.0
7th Phase JP Nagar,1180.0,2,7200000.0,6101.6949152542375
7th Phase JP Nagar,5080.0,6,45000000.0,8858.267716535433
7th Phase JP Nagar,1300.0,3,5200000.0,4000.0
7th Phase JP Nagar,1050.0,3,5700000.0,5428.571428571428
7th Phase JP Nagar,1343.0,3,5641000.0,4200.297840655249
7th Phase JP Nagar,1405.0,3,5901000.0,4200.0
7th Phase JP Nagar,1400.0,3,11500000.0,8214.285714285714
7th Phase JP Nagar,1075.0,2,4299000.0,3999.0697674418607
7th Phase JP Nagar,1100.0,2,4400000.0,4000.0
7th Phase JP Nagar,1270.0,2,8300000.0,6535.433070866142
7th Phase JP Nagar,3300.0,4,15000000.0,4545.454545454545
7th Phase JP Nagar,2503.0,4,18800000.0,7510.986815821015
7th Phase JP Nagar,2200.0,3,19000000.0,8636.363636363636
7th Phase JP Nagar,1035.0,2,3933000.0,3800.0
7th Phase JP Nagar,1250.0,3,6500000.0,5200.0
7th Phase JP Nagar,1385.0,3,5817000.0,4200.0
7th Phase JP Nagar,1575.0,3,11000000.0,6984.126984126984
7th Phase JP Nagar,1850.0,3,14000000.0,7567.5675675675675
7th Phase JP Nagar,1370.0,3,5479000.0,3999.2700729927005
7th Phase JP Nagar,4800.0,7,17000000.0,3541.6666666666665
7th Phase JP Nagar,1575.0,3,12000000.0,7619.047619047619
7th Phase JP Nagar,1212.0,2,4200000.0,3465.3465346534654
7th Phase JP Nagar,1175.0,2,8250000.0,7021.276595744681
7th Phase JP Nagar,3300.0,3,16000000.0,4848.484848484848
7th Phase JP Nagar,2200.0,3,10500000.0,4772.727272727273
7th Phase JP Nagar,1215.0,2,9000000.0,7407.407407407408
7th Phase JP Nagar,1050.0,2,7500000.0,7142.857142857143
7th Phase JP Nagar,1300.0,3,8913000.0,6856.153846153846
7th Phase JP Nagar,1130.0,2,7300000.0,6460.1769911504425
7th Phase JP Nagar,1350.0,3,5800000.0,4296.2962962962965
7th Phase JP Nagar,1050.0,2,5000000.0,4761.9047619047615
7th Phase JP Nagar,1275.0,2,8700000.0,6823.529411764706
7th Phase JP Nagar,1460.0,3,7000000.0,4794.520547945205
7th Phase JP Nagar,1650.0,3,11000000.0,6666.666666666667
7th Phase JP Nagar,850.0,2,4200000.0,4941.176470588235
7th Phase JP Nagar,1680.0,3,11700000.0,6964.285714285715
7th Phase JP Nagar,1236.0,2,6133000.0,4961.974110032363
7th Phase JP Nagar,1000.0,2,5300000.0,5300.0
7th Phase JP Nagar,1680.0,3,12500000.0,7440.476190476191
7th Phase JP Nagar,1675.0,3,13500000.0,8059.701492537313
7th Phase JP Nagar,1187.0,2,5900000.0,4970.513900589722
7th Phase JP Nagar,1850.0,3,15500000.0,8378.378378378378
7th Phase JP Nagar,1000.0,2,6100000.0,6100.0
7th Phase JP Nagar,1460.0,3,10000000.0,6849.315068493151
7th Phase JP Nagar,1200.0,2,6250000.0,5208.333333333333
7th Phase JP Nagar,1000.0,2,7065000.000000001,7065.000000000001
7th Phase JP Nagar,1070.0,2,4200000.0,3925.233644859813
7th Phase JP Nagar,1080.0,2,7500000.0,6944.444444444444
7th Phase JP Nagar,2100.0,3,20000000.0,9523.809523809523
7th Phase JP Nagar,1415.0,3,6500000.0,4593.639575971732
7th Phase JP Nagar,1040.0,2,4159000.0000000005,3999.038461538462
7th Phase JP Nagar,1460.0,3,9700000.0,6643.835616438356
7th Phase JP Nagar,1120.0,2,6500000.0,5803.571428571428
7th Phase JP Nagar,1100.0,2,6000000.0,5454.545454545455
7th Phase JP Nagar,1790.0,3,12000000.0,6703.91061452514
7th Phase JP Nagar,1050.0,2,7700000.0,7333.333333333333
7th Phase JP Nagar,1174.0,2,4700000.0,4003.4071550255535
7th Phase JP Nagar,1040.0,2,7500000.0,7211.538461538462
7th Phase JP Nagar,1800.0,3,13000000.0,7222.222222222223
7th Phase JP Nagar,1050.0,2,6800000.0,6476.190476190476
7th Phase JP Nagar,1400.0,3,5700000.0,4071.4285714285716
7th Phase JP Nagar,1000.0,2,6000000.0,6000.0
7th Phase JP Nagar,980.0,2,8600000.0,8775.510204081633
7th Phase JP Nagar,1050.0,2,7747000.0,7378.0952380952385
7th Phase JP Nagar,1270.0,2,8000000.0,6299.212598425197
7th Phase JP Nagar,1463.0,3,6145000.0,4200.273410799727
7th Phase JP Nagar,1680.0,3,12200000.0,7261.9047619047615
7th Phase JP Nagar,1130.0,2,8500000.0,7522.123893805309
7th Phase JP Nagar,1680.0,3,13000000.0,7738.0952380952385
7th Phase JP Nagar,2000.0,3,7700000.0,3850.0
7th Phase JP Nagar,2980.0,3,26000000.0,8724.832214765102
7th Phase JP Nagar,980.0,2,7744000.0,7902.040816326531
7th Phase JP Nagar,1680.0,3,11200000.0,6666.666666666667
7th Phase JP Nagar,1515.0,3,7600000.0,5016.501650165016
7th Phase JP Nagar,2095.0,3,15000000.0,7159.904534606205
7th Phase JP Nagar,3200.0,4,35000000.0,10937.5
7th Phase JP Nagar,1976.0,3,14500000.0,7338.056680161943
7th Phase JP Nagar,1600.0,3,11000000.0,6875.0
7th Phase JP Nagar,1765.0,3,11800000.0,6685.552407932011
7th Phase JP Nagar,1275.0,3,8800000.0,6901.9607843137255
7th Phase JP Nagar,1450.0,3,10200000.0,7034.482758620689
7th Phase JP Nagar,1075.0,3,5700000.0,5302.325581395349
7th Phase JP Nagar,750.0,1,4700000.0,6266.666666666667
7th Phase JP Nagar,990.0,2,5000000.0,5050.50505050505
7th Phase JP Nagar,1000.0,1,6000000.0,6000.0
7th Phase JP Nagar,1286.0,2,5100000.0,3965.7853810264387
7th Phase JP Nagar,1680.0,3,9200000.0,5476.190476190476
7th Phase JP Nagar,1430.0,3,10200000.0,7132.867132867133
7th Phase JP Nagar,1128.0,2,6000000.0,5319.148936170212
7th Phase JP Nagar,2100.0,3,19000000.0,9047.619047619048
7th Phase JP Nagar,1140.0,2,5700000.0,5000.0
7th Phase JP Nagar,1420.0,3,9000000.0,6338.028169014085
7th Phase JP Nagar,1530.0,2,10800000.0,7058.823529411765
8th Phase JP Nagar,1073.5,2,5400500.0,5030.740568234746
8th Phase JP Nagar,451.0,1,2990000.0,6629.711751662971
8th Phase JP Nagar,1240.0,3,4350000.0,3508.064516129032
8th Phase JP Nagar,1062.0,2,4247000.0,3999.0583804143125
8th Phase JP Nagar,1230.0,3,4350000.0,3536.5853658536585
8th Phase JP Nagar,1455.0,3,7331000.0,5038.487972508591
8th Phase JP Nagar,871.0,2,5500000.0,6314.580941446613
8th Phase JP Nagar,1098.0,2,4391000.0,3999.089253187614
8th Phase JP Nagar,1800.0,3,8000000.0,4444.444444444444
8th Phase JP Nagar,2700.0,4,13000000.0,4814.814814814815
8th Phase JP Nagar,1080.0,2,3800000.0,3518.5185185185187
8th Phase JP Nagar,1059.0,2,3450000.0,3257.790368271955
8th Phase JP Nagar,1080.0,2,3500000.0,3240.740740740741
8th Phase JP Nagar,1275.0,3,4150000.0,3254.901960784314
8th Phase JP Nagar,500.0,1,3100000.0,6200.0
8th Phase JP Nagar,1100.0,2,3500000.0,3181.818181818182
8th Phase JP Nagar,2100.0,4,9200000.0,4380.952380952381
8th Phase JP Nagar,1035.0,2,3933000.0,3800.0
8th Phase JP Nagar,909.0,2,4090000.0,4499.4499449945
8th Phase JP Nagar,1431.5,3,7202000.0,5031.086273140063
8th Phase JP Nagar,1900.0,3,9000000.0,4736.8421052631575
8th Phase JP Nagar,500.0,1,3000000.0,6000.0
8th Phase JP Nagar,1125.0,2,3694000.0,3283.5555555555557
8th Phase JP Nagar,1089.0,2,4355000.0,3999.0817263544536
8th Phase JP Nagar,1605.0,3,6500000.0,4049.8442367601247
8th Phase JP Nagar,1504.0,3,8300000.0,5518.617021276596
8th Phase JP Nagar,2600.0,4,11500000.0,4423.076923076923
8th Phase JP Nagar,1368.0,3,5471000.0,3999.2690058479534
8th Phase JP Nagar,1224.0,3,4895000.0,3999.1830065359477
8th Phase JP Nagar,1513.0,2,6200000.0,4097.818902842036
8th Phase JP Nagar,1298.0,2,5900000.0,4545.454545454545
8th Phase JP Nagar,1006.0,2,4400000.0,4373.75745526839
8th Phase JP Nagar,500.0,1,3300000.0,6600.0
8th Phase JP Nagar,1245.0,2,5900000.0,4738.955823293173
8th Phase JP Nagar,1510.0,2,8000000.0,5298.013245033113
8th Phase JP Nagar,3300.0,3,16500000.0,5000.0
8th Phase JP Nagar,1730.0,5,7500000.0,4335.260115606937
8th Phase JP Nagar,1296.0,3,5183000.0,3999.2283950617284
8th Phase JP Nagar,1275.0,3,4500000.0,3529.4117647058824
8th Phase JP Nagar,1046.0,2,4800000.0,4588.910133843212
8th Phase JP Nagar,1269.0,3,5075000.0,3999.211977935382
8th Phase JP Nagar,1408.0,3,8000000.0,5681.818181818182
8th Phase JP Nagar,1500.0,3,5500000.0,3666.6666666666665
9th Phase JP Nagar,1005.0,2,5000000.0,4975.124378109453
9th Phase JP Nagar,1890.0,3,8500000.0,4497.354497354498
9th Phase JP Nagar,1100.0,2,6500000.0,5909.090909090909
9th Phase JP Nagar,1080.0,2,3700000.0,3425.925925925926
9th Phase JP Nagar,1035.0,2,4500000.0,4347.826086956522
9th Phase JP Nagar,5000.0,4,29000000.0,5800.0
9th Phase JP Nagar,1164.0,2,5600000.0,4810.996563573884
9th Phase JP Nagar,1005.0,2,4200000.0,4179.104477611941
9th Phase JP Nagar,1127.0,2,5000000.0,4436.557231588287
9th Phase JP Nagar,1005.0,2,4300000.0,4278.606965174129
9th Phase JP Nagar,835.0,2,3700000.0,4431.137724550898
9th Phase JP Nagar,1050.0,2,3900000.0,3714.285714285714
9th Phase JP Nagar,660.0,2,2700000.0,4090.909090909091
9th Phase JP Nagar,600.0,1,2000000.0,3333.3333333333335
9th Phase JP Nagar,1466.0,2,7100000.0,4843.110504774898
9th Phase JP Nagar,1890.0,3,9300000.0,4920.6349206349205
9th Phase JP Nagar,1079.0,2,6000000.0,5560.704355885079
9th Phase JP Nagar,1480.0,2,8000000.0,5405.405405405405
9th Phase JP Nagar,1200.0,2,8000000.0,6666.666666666667
9th Phase JP Nagar,905.0,2,3200000.0,3535.9116022099447
9th Phase JP Nagar,1073.0,2,5236000.0,4879.77632805219
9th Phase JP Nagar,1719.3,3,8800000.0,5118.362124120282
9th Phase JP Nagar,1780.0,3,8800000.0,4943.820224719101
9th Phase JP Nagar,1300.0,3,5800000.0,4461.538461538462
9th Phase JP Nagar,1522.0,3,9000000.0,5913.272010512484
9th Phase JP Nagar,1571.0,3,6500000.0,4137.492043284532
9th Phase JP Nagar,1900.0,4,8000000.0,4210.526315789473
9th Phase JP Nagar,890.0,2,4500000.0,5056.179775280899
9th Phase JP Nagar,1240.0,3,3989000.0,3216.935483870968
9th Phase JP Nagar,5000.0,4,30000000.0,6000.0
9th Phase JP Nagar,1240.0,3,4285000.0,3455.6451612903224
9th Phase JP Nagar,1050.0,2,3500000.0,3333.3333333333335
9th Phase JP Nagar,1331.95,2,6900000.0,5180.374638687638
AECS Layout,1100.0,2,4500000.0,4090.909090909091
AECS Layout,1620.0,3,9800000.0,6049.382716049383
AECS Layout,1028.0,2,4200000.0,4085.603112840467
AECS Layout,1199.0,2,6500000.0,5421.184320266889
AECS Layout,1080.0,2,5500000.0,5092.592592592592
AECS Layout,1800.0,3,6500000.0,3611.1111111111113
AECS Layout,1045.0,2,3658000.0,3500.4784688995214
AECS Layout,1123.0,2,6400000.0,5699.020480854853
AECS Layout,1308.0,2,6000000.0,4587.155963302752
AECS Layout,1135.0,2,6800000.0,5991.1894273127755
AECS Layout,1005.0,2,5500000.0,5472.636815920398
AECS Layout,2000.0,3,9000000.0,4500.0
Abbigere,985.0,2,4039000.0,4100.507614213198
Abbigere,2200.0,6,6800000.0,3090.909090909091
Abbigere,765.0,1,3000000.0,3921.5686274509803
Abbigere,880.0,2,3500000.0,3977.2727272727275
Abbigere,795.0,2,3254000.0,4093.0817610062895
Abbigere,1005.0,2,3959000.0000000005,3939.303482587065
Abbigere,734.0,1,1982000.0,2700.272479564033
Abbigere,1260.0,3,4500000.0,3571.4285714285716
Abbigere,1020.0,2,4182000.0,4100.0
Abbigere,1326.0,3,3479999.9999999995,2624.434389140271
Abbigere,1326.0,3,3500000.0,2639.517345399698
Abbigere,2500.0,6,8100000.0,3240.0
Abbigere,1130.0,2,4633000.0,4100.0
Abbigere,795.0,2,3260000.0,4100.62893081761
Abbigere,3000.0,8,15000000.0,5000.0
Abbigere,985.0,2,3892000.0,3951.269035532995
Abbigere,1000.0,2,4100000.0,4100.0
Abbigere,995.0,2,4079999.9999999995,4100.5025125628135
Abbigere,1020.0,2,4079999.9999999995,3999.9999999999995
Akshaya Nagar,1388.0,2,5700000.0,4106.628242074928
Akshaya Nagar,1070.0,2,5400000.0,5046.728971962617
Akshaya Nagar,1250.0,3,4000000.0,3200.0
Akshaya Nagar,1280.0,2,5800000.0,4531.25
Akshaya Nagar,1662.0,3,8510000.0,5120.336943441636
Akshaya Nagar,1897.0,3,12000000.0,6325.77754348972
Akshaya Nagar,1410.0,3,7500000.0,5319.148936170212
Akshaya Nagar,1360.0,3,8500000.0,6250.0
Akshaya Nagar,1600.0,3,6500000.0,4062.5
Akshaya Nagar,1410.0,3,8000000.0,5673.758865248227
Akshaya Nagar,1662.0,3,8500000.0,5114.320096269555
Akshaya Nagar,1662.0,3,8550000.0,5144.404332129964
Akshaya Nagar,1280.0,2,6000000.0,4687.5
Akshaya Nagar,1666.0,3,9500000.0,5702.280912364946
Akshaya Nagar,1575.0,3,9000000.0,5714.285714285715
Akshaya Nagar,1430.0,3,7500000.0,5244.755244755244
Akshaya Nagar,1419.0,3,7300000.0,5144.46793516561
Akshaya Nagar,1200.0,2,5000000.0,4166.666666666667
Akshaya Nagar,1092.0,2,6000000.0,5494.505494505494
Akshaya Nagar,1690.0,3,8500000.0,5029.585798816568
Akshaya Nagar,1700.0,3,8000000.0,4705.882352941177
Akshaya Nagar,1897.0,3,9300000.0,4902.477596204533
Akshaya Nagar,1884.0,3,9800000.0,5201.698513800425
Akshaya Nagar,1551.0,3,6000000.0,3868.4719535783365
Akshaya Nagar,1314.0,2,6880000.0,5235.920852359209
Akshaya Nagar,1265.0,2,6700000.0,5296.442687747036
Akshaya Nagar,1126.0,2,5500000.0,4884.547069271758
Akshaya Nagar,2300.0,3,10200000.0,4434.782608695652
Akshaya Nagar,1662.0,3,9000000.0,5415.162454873646
Akshaya Nagar,1420.0,3,7500000.0,5281.69014084507
Akshaya Nagar,1435.0,3,5300000.0,3693.3797909407667
Akshaya Nagar,1412.0,3,8800000.0,6232.294617563739
Akshaya Nagar,1434.0,3,8400000.0,5857.740585774059
Akshaya Nagar,1890.0,3,10000000.0,5291.005291005291
Akshaya Nagar,2650.0,3,12500000.0,4716.981132075472
Akshaya Nagar,1419.0,3,8700000.0,6131.0782241014795
Akshaya Nagar,1300.0,2,5400000.0,4153.846153846154
Akshaya Nagar,1000.0,2,3800000.0,3800.0
Akshaya Nagar,1113.0,2,5200000.0,4672.057502246182
Akshaya Nagar,1820.0,3,9500000.0,5219.780219780219
Akshaya Nagar,1100.0,2,4800000.0,4363.636363636364
Akshaya Nagar,1896.0,3,10200000.0,5379.7468354430375
Akshaya Nagar,1300.0,2,6600000.0,5076.923076923077
Akshaya Nagar,1225.0,2,6800000.0,5551.0204081632655
Akshaya Nagar,1179.0,2,5100000.0,4325.699745547074
Akshaya Nagar,1421.0,3,7300000.0,5137.227304714989
Akshaya Nagar,1200.0,2,4500000.0,3750.0
Akshaya Nagar,1893.0,3,9500000.0,5018.489170628632
Akshaya Nagar,900.0,2,4500000.0,5000.0
Ambalipura,1105.0,2,7500000.0,6787.330316742082
Ambalipura,1800.0,3,11000000.0,6111.111111111111
Ambalipura,1150.0,2,8000000.0,6956.521739130435
Ambalipura,1250.0,2,6625000.0,5300.0
Ambalipura,1332.0,2,7900000.0,5930.930930930931
Ambalipura,1730.0,3,12000000.0,6936.416184971098
Ambalipura,896.0,2,3013000.0,3362.723214285714
Ambalipura,3500.0,3,19800000.0,5657.142857142857
Ambalipura,1230.0,2,6625000.0,5386.178861788618
Ambalipura,1351.0,2,7700000.0,5699.481865284974
Ambalipura,2550.0,4,14900000.0,5843.137254901961
Ambalipura,950.0,2,3195000.0,3363.157894736842
Ambalipura,1625.0,3,14500000.0,8923.076923076924
Ambalipura,1817.0,3,10200000.0,5613.648871766648
Ambalipura,2750.0,4,14200000.0,5163.636363636364
Ambalipura,1303.0,2,8000000.0,6139.677666922486
Ambalipura,1607.0,3,11200000.0,6969.508400746733
Ambalipura,770.0,1,4382000.0,5690.909090909091
Ambalipura,860.0,2,2893000.0,3363.953488372093
Ambalipura,1700.0,2,7600000.0,4470.588235294118
Ambalipura,1060.0,2,5850000.0,5518.867924528302
Ambalipura,1650.0,3,10000000.0,6060.606060606061
Ambalipura,1198.0,2,8000000.0,6677.79632721202
Ambedkar Nagar,1935.0,3,13000000.0,6718.3462532299745
Ambedkar Nagar,1424.0,2,9000000.0,6320.224719101124
Ambedkar Nagar,2225.0,3,16900000.0,7595.505617977528
Ambedkar Nagar,1862.0,3,12000000.0,6444.68313641246
Ambedkar Nagar,1850.0,3,13900000.0,7513.513513513513
Ambedkar Nagar,1936.0,3,12600000.0,6508.264462809917
Ambedkar Nagar,1862.0,3,11900000.0,6390.977443609023
Ambedkar Nagar,2150.0,3,12500000.0,5813.953488372093
Ambedkar Nagar,3530.0,4,29000000.0,8215.297450424929
Ambedkar Nagar,1856.0,3,12000000.0,6465.517241379311
Ambedkar Nagar,1852.0,3,13000000.0,7019.438444924406
Ambedkar Nagar,1850.0,3,12000000.0,6486.486486486487
Ambedkar Nagar,1367.0,2,8600000.0,6291.148500365764
Ambedkar Nagar,3565.0,4,25500000.0,7152.875175315568
Ambedkar Nagar,1409.0,2,9500000.0,6742.370475514549
Ambedkar Nagar,1950.0,3,12000000.0,6153.846153846154
Ambedkar Nagar,1921.0,3,12900000.0,6715.252472670484
Ambedkar Nagar,1920.0,3,12100000.0,6302.083333333333
Ambedkar Nagar,1935.0,3,12500000.0,6459.948320413437
Ambedkar Nagar,1852.0,3,12200000.0,6587.473002159827
Ambedkar Nagar,1852.0,3,12500000.0,6749.460043196545
Ambedkar Nagar,1850.0,3,12100000.0,6540.540540540541
Ambedkar Nagar,1425.0,2,9400000.0,6596.491228070176
Ambedkar Nagar,2395.0,3,15000000.0,6263.048016701461
Amruthahalli,900.0,2,4000000.0,4444.444444444444
Amruthahalli,1200.0,2,5500000.0,4583.333333333333
Amruthahalli,1900.0,3,13500000.0,7105.263157894737
Amruthahalli,924.0,2,4500000.0,4870.12987012987
Amruthahalli,900.0,2,6000000.0,6666.666666666667
Amruthahalli,1100.0,2,4500000.0,4090.909090909091
Amruthahalli,1350.0,3,6300000.0,4666.666666666667
Amruthahalli,1605.0,3,6500000.0,4049.8442367601247
Amruthahalli,1700.0,3,7700000.0,4529.411764705882
Amruthahalli,1450.0,3,8500000.0,5862.068965517241
Amruthahalli,1250.0,2,7900000.0,6320.0
Amruthahalli,1190.0,2,5000000.0,4201.680672268908
Amruthahalli,1202.0,2,6500000.0,5407.65391014975
Amruthahalli,1340.0,2,7500000.0,5597.014925373134
Amruthahalli,2650.0,3,17500000.0,6603.773584905661
Amruthahalli,1450.0,3,9000000.0,6206.896551724138
Amruthahalli,1025.0,2,4200000.0,4097.5609756097565
Amruthahalli,485.0,1,1950000.0,4020.618556701031
Amruthahalli,600.0,1,5500000.0,9166.666666666666
Anandapura,1167.0,2,4376000.0,3749.7857754927163
Anandapura,1000.0,2,5500000.0,5500.0
Anandapura,1141.0,2,4279000.0,3750.219106047327
Anandapura,900.0,2,6400000.0,7111.111111111111
Anandapura,1475.0,4,5000000.0,3389.830508474576
Anandapura,1576.0,3,5910000.0,3750.0
Anandapura,1200.0,2,6700000.0,5583.333333333333
Anandapura,1200.0,2,5800000.0,4833.333333333333
Anandapura,1151.0,2,4310000.0,3744.5699391833186
Anandapura,1141.0,2,4275000.0,3746.7134092900965
Anandapura,900.0,2,4800000.0,5333.333333333333
Anandapura,1749.0,4,9000000.0,5145.797598627787
Anandapura,1151.0,2,4290000.0,3727.193744569939
Anandapura,1576.0,3,5800000.0,3680.203045685279
Anandapura,1250.0,2,4500000.0,3600.0
Anandapura,875.0,2,5700000.0,6514.285714285715
Anandapura,1151.0,2,4316000.0,3749.7827975673326
Anandapura,616.0,2,4500000.0,7305.194805194805
Anandapura,1200.0,3,6600000.0,5500.0
Anandapura,1415.0,3,7400000.0,5229.681978798587
Anandapura,1200.0,2,5000000.0,4166.666666666667
Anandapura,1141.0,2,5000000.0,4382.120946538124
Anandapura,1576.0,3,5870000.0,3724.6192893401017
Ananth Nagar,500.0,1,1400000.0,2800.0
Ananth Nagar,1100.0,2,3150000.0,2863.6363636363635
Ananth Nagar,982.0,2,2455000.0,2500.0
Ananth Nagar,900.0,2,2250000.0,2500.0
Ananth Nagar,908.0,2,2600000.0,2863.4361233480176
Ananth Nagar,870.0,2,3600000.0,4137.931034482759
Ananth Nagar,937.0,2,3500000.0,3735.325506937033
Ananth Nagar,960.0,2,3700000.0,3854.1666666666665
Ananth Nagar,1000.0,2,2970000.0,2970.0
Ananth Nagar,850.0,2,2599000.0,3057.6470588235293
Ananth Nagar,902.0,2,2526000.0,2800.4434589800444
Ananth Nagar,1470.0,3,5400000.0,3673.469387755102
Ananth Nagar,810.0,2,2550000.0,3148.1481481481483
Ananth Nagar,890.0,2,2700000.0,3033.7078651685392
Ananth Nagar,1200.0,2,3600000.0,3000.0
Ananth Nagar,1319.0,3,3775000.0,2862.016679302502
Ananth Nagar,1319.0,3,4200000.0,3184.230477634572
Ananth Nagar,1000.0,2,2500000.0,2500.0
Ananth Nagar,902.0,2,2500000.0,2771.6186252771618
Ananth Nagar,930.0,2,2599000.0,2794.6236559139784
Ananth Nagar,1074.0,2,2685000.0,2500.0
Ananth Nagar,1010.0,2,3800000.0,3762.3762376237623
Ananth Nagar,992.0,2,2480000.0,2500.0
Anekal,1200.0,2,3600000.0,3000.0
Anekal,656.0,2,2200000.0,3353.6585365853657
Anekal,620.0,2,2200000.0,3548.3870967741937
Anekal,600.0,1,1650000.0,2750.0
Anekal,925.0,2,4000000.0,4324.324324324324
Anekal,530.0,1,1800000.0,3396.2264150943397
Anekal,1800.0,3,6800000.0,3777.777777777778
Anekal,1035.0,2,3829999.9999999995,3700.483091787439
Anekal,888.0,2,3400000.0,3828.828828828829
Anekal,1200.0,2,3610000.0,3008.3333333333335
Anekal,700.0,2,1939999.9999999998,2771.428571428571
Anekal,997.0,3,5500000.0,5516.5496489468405
Anekal,1200.0,4,3600000.0,3000.0
Anekal,766.0,2,2800000.0,3655.3524804177546
Anekal,967.0,3,4500000.0,4653.567735263702
Anekal,620.0,2,2350000.0,3790.3225806451615
Anekal,1150.0,3,4500000.0,3913.0434782608695
Anekal,400.0,1,1150000.0,2875.0
Anekal,456.0,1,1500000.0,3289.4736842105262
Anekal,2400.0,3,9500000.0,3958.3333333333335
Anekal,680.0,2,2100000.0,3088.235294117647
Anekal,420.0,1,1250000.0,2976.190476190476
Anekal,614.0,2,2800000.0,4560.260586319218
Anekal,1140.0,2,5200000.0,4561.403508771929
Anekal,625.0,2,2500000.0,4000.0
Anjanapura,1850.0,4,8600000.0,4648.648648648648
Anjanapura,1070.0,2,3900000.0,3644.8598130841124
Anjanapura,1500.0,3,12100000.0,8066.666666666667
Anjanapura,1070.0,2,3700000.0,3457.9439252336447
Anjanapura,950.0,2,4000000.0,4210.526315789473
Anjanapura,1280.0,3,4500000.0,3515.625
Anjanapura,710.0,2,2500000.0,3521.1267605633802
Anjanapura,1347.0,3,3772000.0,2800.2969561989607
Anjanapura,950.0,2,3200000.0,3368.4210526315787
Anjanapura,1800.0,4,5500000.0,3055.5555555555557
Anjanapura,1843.0,3,8754000.0,4749.864351600651
Anjanapura,1076.0,2,3013000.0,2800.185873605948
Anjanapura,950.0,2,3000000.0,3157.8947368421054
Ardendale,1100.0,2,4325000.0,3931.818181818182
Ardendale,1750.0,3,10000000.0,5714.285714285715
Ardendale,3198.0,4,20000000.0,6253.908692933083
Ardendale,2422.0,4,16000000.0,6606.110652353427
Ardendale,3200.0,4,20500000.0,6406.25
Ardendale,1728.0,3,9500000.0,5497.685185185185
Ardendale,1100.0,2,4800000.0,4363.636363636364
Ardendale,4355.0,5,35000000.0,8036.739380022962
Ardendale,3198.0,4,25000000.0,7817.385866166354
Ardendale,2062.0,4,14000000.0,6789.524733268671
Ardendale,1732.46,3,9200000.0,5310.367916142364
Ardendale,2062.0,4,15000000.0,7274.4907856450045
Ardendale,2800.0,4,14000000.0,5000.0
Ardendale,1224.0,2,7000000.0,5718.954248366013
Ardendale,1777.26,3,10500000.0,5907.970696465346
Ardendale,1650.0,3,8200000.0,4969.69696969697
Ardendale,1224.0,2,6700000.0,5473.856209150327
Ardendale,1723.0,3,9500000.0,5513.6390017411495
Ardendale,1777.26,3,8900000.0,5007.7084950991975
Ardendale,1777.26,3,9200000.0,5176.507657855351
Arekere,1222.0,2,4500000.0,3682.4877250409168
Arekere,2060.0,3,14000000.0,6796.116504854369
Arekere,920.0,2,4000000.0,4347.826086956522
Arekere,1740.0,3,9500000.0,5459.770114942528
Arekere,1190.0,2,5500000.0,4621.848739495798
Arekere,600.0,1,2800000.0,4666.666666666667
Arekere,2072.0,3,10800000.0,5212.355212355213
Arekere,1100.0,2,5500000.0,5000.0
Arekere,900.0,2,5000000.0,5555.555555555556
Arekere,2060.0,3,15000000.0,7281.553398058252
Arekere,2710.0,4,14200000.0,5239.852398523985
Arekere,2400.0,3,18000000.0,7500.0
Arekere,1240.0,2,6000000.0,4838.709677419355
Arekere,900.0,2,4450000.0,4944.444444444444
Attibele,450.0,1,1100000.0,2444.4444444444443
Attibele,1600.0,4,5280000.0,3300.0
Attibele,656.0,2,2500000.0,3810.9756097560976
Attibele,400.0,1,1100000.0,2750.0
Attibele,400.0,1,1200000.0,3000.0
Attibele,400.0,1,1400000.0,3500.0
Attibele,500.0,1,1700000.0,3400.0
Attibele,2168.0,4,9500000.0,4381.918819188192
Attibele,395.0,1,1025000.0,2594.9367088607596
Attibele,420.0,1,1700000.0,4047.6190476190477
Attibele,1639.0,3,4097999.9999999995,2500.305064063453
Attibele,418.0,1,1200000.0,2870.813397129187
Attibele,1350.0,3,8500000.0,6296.2962962962965
Attibele,1200.0,2,4200000.0,3500.0
Attibele,400.0,1,1000000.0,2500.0
Attibele,695.0,2,2500000.0,3597.122302158273
Attibele,850.0,2,2500000.0,2941.176470588235
Attibele,2400.0,3,12000000.0,5000.0
Attibele,450.0,1,1250000.0,2777.777777777778
Attibele,995.0,2,2488000.0,2500.502512562814
Attibele,900.0,2,2500000.0,2777.777777777778
Attibele,1174.0,2,2935000.0,2500.0
Attibele,782.0,1,1955000.0,2500.0
Attibele,1175.0,2,2938000.0,2500.425531914894
Attibele,400.0,1,1150000.0,2875.0
Attibele,460.0,1,1300000.0,2826.086956521739
Attibele,418.0,1,1150000.0,2751.196172248804
Attibele,1000.0,2,4200000.0,4200.0
Attibele,550.0,1,1150000.0,2090.909090909091
Attibele,996.0,2,2490000.0,2500.0
Attibele,410.0,1,1000000.0,2439.0243902439024
Attibele,1700.0,3,6500000.0,3823.529411764706
Attibele,400.0,1,1025000.0,2562.5
Attibele,1500.0,3,9000000.0,6000.0
Attibele,520.0,1,1500000.0,2884.6153846153848
BTM 1st Stage,1215.0,4,20500000.0,16872.427983539095
BTM 1st Stage,3300.0,9,50000000.0,15151.515151515152
BTM 1st Stage,1852.0,3,9500000.0,5129.589632829374
BTM 1st Stage,375.0,1,4000000.0,10666.666666666666
BTM 1st Stage,1717.0,3,20000000.0,11648.223645894
BTM 2nd Stage,1260.0,3,18500000.0,14682.539682539682
BTM 2nd Stage,950.0,2,5200000.0,5473.684210526316
BTM 2nd Stage,1850.0,3,17000000.0,9189.18918918919
BTM 2nd Stage,1200.0,2,8000000.0,6666.666666666667
BTM 2nd Stage,1274.0,2,7000000.0,5494.505494505494
BTM 2nd Stage,1200.0,2,3500000.0,2916.6666666666665
BTM 2nd Stage,1250.0,3,5000000.0,4000.0
BTM 2nd Stage,1070.0,2,4800000.0,4485.981308411215
BTM 2nd Stage,1280.0,2,8000000.0,6250.0
BTM 2nd Stage,1100.0,2,7000000.0,6363.636363636364
BTM 2nd Stage,1000.0,2,5800000.0,5800.0
BTM 2nd Stage,800.0,2,17500000.0,21875.0
BTM 2nd Stage,2990.0,5,41600000.0,13913.04347826087
BTM 2nd Stage,1265.0,2,5500000.0,4347.826086956522
BTM 2nd Stage,2200.0,3,22000000.0,10000.0
BTM 2nd Stage,2780.0,3,32500000.0,11690.647482014389
BTM 2nd Stage,2400.0,3,36000000.0,15000.0
BTM 2nd Stage,965.0,2,5600000.0,5803.108808290155
BTM 2nd Stage,1147.0,2,7500000.0,6538.7968613775065
BTM 2nd Stage,2400.0,4,40000000.0,16666.666666666668
BTM 2nd Stage,1750.0,3,17200000.0,9828.57142857143
BTM 2nd Stage,1400.0,2,9000000.0,6428.571428571428
BTM 2nd Stage,1200.0,2,7000000.0,5833.333333333333
BTM 2nd Stage,1100.0,2,4700000.0,4272.727272727273
BTM 2nd Stage,930.0,2,4600000.0,4946.236559139785
BTM 2nd Stage,1265.0,3,5500000.0,4347.826086956522
BTM 2nd Stage,2500.0,3,34500000.0,13800.0
BTM Layout,1150.0,2,6300000.0,5478.260869565217
BTM Layout,3300.0,6,16500000.0,5000.0
BTM Layout,1450.0,3,8100000.0,5586.206896551724
BTM Layout,1776.0,3,7500000.0,4222.972972972973
BTM Layout,1458.0,3,7900000.0,5418.38134430727
BTM Layout,935.0,2,5150000.0,5508.0213903743315
BTM Layout,1020.0,2,4650000.0,4558.823529411765
BTM Layout,1600.0,3,11200000.0,7000.0
BTM Layout,1300.0,3,7500000.0,5769.2307692307695
BTM Layout,1540.0,3,7800000.0,5064.935064935065
BTM Layout,450.0,1,2000000.0,4444.444444444444
BTM Layout,1196.0,2,5681000.0,4750.0
BTM Layout,1470.0,3,9900000.0,6734.693877551021
Babusapalaya,1358.0,3,4340000.0,3195.8762886597938
Babusapalaya,1213.0,3,4139000.0,3412.201154163232
Babusapalaya,1611.0,3,6600000.0,4096.83426443203
Babusapalaya,1167.0,3,3997999.9999999995,3425.8783204798624
Babusapalaya,1675.0,3,7500000.0,4477.611940298508
Babusapalaya,1141.0,2,4600000.0,4031.5512708150745
Babusapalaya,1084.0,2,5800000.0,5350.553505535056
Babusapalaya,1500.0,2,5700000.0,3800.0
Babusapalaya,1453.0,3,4359000.0,3000.0
Babusapalaya,1050.0,2,4500000.0,4285.714285714285
Babusapalaya,1141.0,2,4590000.0,4022.787028921998
Babusapalaya,1358.0,3,4310000.0,3173.784977908689
Babusapalaya,1230.0,3,5300000.0,4308.943089430894
Babusapalaya,1105.0,2,4000000.0,3619.9095022624433
Babusapalaya,1410.0,3,6500000.0,4609.929078014185
Babusapalaya,1305.0,2,7000000.0,5363.984674329502
Babusapalaya,1450.0,2,5599000.0,3861.3793103448274
Babusapalaya,1100.0,2,3800000.0,3454.5454545454545
Babusapalaya,1213.0,3,3636999.9999999995,2998.3511953833467
Babusapalaya,1061.0,2,3384000.0000000005,3189.4439208294066
Babusapalaya,1061.0,2,3895000.0000000005,3671.065032987748
Babusapalaya,1061.0,2,3400000.0,3204.5240339302545
Babusapalaya,1245.0,2,5800000.0,4658.634538152611
Balagere,1210.0,2,8090000.000000001,6685.950413223141
Balagere,1380.0,2,6000000.0,4347.826086956522
Balagere,1590.0,3,7900000.0,4968.553459119496
Balagere,1210.0,2,7200000.0,5950.413223140496
Balagere,1205.0,2,7850000.0,6514.522821576764
Balagere,790.5,1,4190000.0,5300.44275774826
Balagere,1145.0,2,6500000.0,5676.855895196507
Balagere,1012.0,2,5459000.0,5394.268774703557
Balagere,1012.0,2,7500000.0,7411.067193675889
Balagere,1020.07,2,6838000.0,6703.461527150097
Balagere,1205.47,2,8100000.0,6719.370867794304
Balagere,1007.0,2,6500000.0,6454.816285998014
Balagere,656.0,1,5300000.0,8079.268292682927
Balagere,1205.0,2,7000000.0,5809.128630705394
Balagere,1210.0,2,7400000.0,6115.702479338843
Balagere,1210.0,2,8300000.0,6859.504132231405
Balagere,675.0,1,4500000.0,6666.666666666667
Balagere,656.0,1,4300000.0,6554.878048780488
Balagere,1012.0,2,6400000.0,6324.110671936759
Balagere,1007.0,2,6200000.0,6156.901688182721
Balagere,1007.0,2,6700000.0,6653.4260178748755
Balagere,1007.0,2,6600000.0,6554.121151936445
Balagere,1205.0,2,6386000.0,5299.585062240664
Balagere,1012.0,2,5358000.0,5294.466403162055
Balagere,1007.0,2,7500000.0,7447.864945382324
Balagere,645.0,1,3418000.0,5299.224806201551
Balagere,1007.0,2,5300000.0,5263.1578947368425
Balagere,1210.0,2,6900000.0,5702.479338842975
Balagere,790.5,1,4229500.0,5350.411132194813
Balagere,1012.0,2,6500000.0,6422.924901185771
Balagere,656.0,1,3877000.0000000005,5910.0609756097565
Balagere,645.0,1,3900000.0,6046.511627906977
Balagere,645.0,1,4100000.0,6356.589147286822
Balagere,1210.0,2,8200000.0,6776.859504132231
Balagere,661.0,1,3300000.0,4992.435703479577
Balagere,656.0,1,3477000.0000000005,5300.304878048782
Balagere,1205.0,2,7387000.0,6130.290456431535
Balagere,1012.0,2,7000000.0,6916.99604743083
Balagere,645.0,1,5500000.0,8527.131782945737
Balagere,1007.0,2,6800000.0,6752.730883813307
Balagere,1205.0,2,6700000.0,5560.165975103734
Balagere,1205.0,2,7900000.0,6556.016597510374
Balagere,1012.0,2,6800000.0,6719.367588932806
Banashankari,1200.0,3,4200000.0,3500.0
Banashankari,1077.0,2,3764000.0,3494.8932219127205
Banashankari,1470.0,3,8864000.0,6029.931972789115
Banashankari,1300.0,3,7500000.0,5769.2307692307695
Banashankari,1800.0,3,11500000.0,6388.888888888889
Banashankari,1125.0,2,6300000.0,5600.0
Banashankari,1340.0,3,5360000.0,4000.0
Banashankari,1310.0,2,8000000.0,6106.8702290076335
Banashankari,2600.0,3,13500000.0,5192.307692307692
Banashankari,1900.0,3,17000000.0,8947.368421052632
Banashankari,1260.0,2,7500000.0,5952.380952380952
Banashankari,1170.0,2,4679000.0,3999.1452991452993
Banashankari,2500.0,4,9500000.0,3800.0
Banashankari,1350.0,3,8300000.0,6148.148148148148
Banashankari,1425.0,3,4988000.0,3500.3508771929824
Banashankari,1330.0,2,7800000.0,5864.661654135339
Banashankari,1400.0,3,7800000.0,5571.428571428572
Banashankari,1700.0,3,12500000.0,7352.941176470588
Banashankari,1020.0,2,4079000.0,3999.0196078431372
Banashankari,1600.0,2,6398000.0,3998.75
Banashankari,1041.0,2,3644000.0,3500.480307396734
Banashankari,2400.0,1,20000000.0,8333.333333333334
Banashankari,1390.0,2,8600000.0,6187.050359712231
Banashankari,1460.0,2,7000000.0,4794.520547945205
Banashankari,1200.0,2,6000000.0,5000.0
Banashankari,1290.0,2,8000000.0,6201.550387596899
Banashankari,2582.0,3,25000000.0,9682.416731216112
Banashankari,1186.0,2,6500000.0,5480.607082630691
Banashankari,1650.0,3,10100000.0,6121.212121212121
Banashankari,1300.0,3,5500000.0,4230.7692307692305
Banashankari,1181.0,2,7500000.0,6350.550381033023
Banashankari,1105.0,2,9000000.0,8144.796380090498
Banashankari,720.0,1,6000000.0,8333.333333333334
Banashankari,1040.0,2,4500000.0,4326.923076923077
Banashankari,1330.0,2,7700000.0,5789.473684210527
Banashankari,1200.0,2,4900000.0,4083.3333333333335
Banashankari,1185.0,2,6700000.0,5654.008438818565
Banashankari,1000.0,2,5000000.0,5000.0
Banashankari,1650.0,3,9075000.0,5500.0
Banashankari,1310.0,2,8043000.000000001,6139.69465648855
Banashankari,600.0,2,2700000.0,4500.0
Banashankari,1430.0,2,8780000.0,6139.8601398601395
Banashankari,1020.0,2,4283000.0,4199.019607843137
Banashankari,1372.0,3,4802000.0,3500.0
Banashankari,1540.0,3,8000000.0,5194.805194805195
Banashankari,1195.0,2,3584000.0000000005,2999.1631799163183
Banashankari,1683.0,3,11500000.0,6833.036244800951
Banashankari,1800.0,3,12500000.0,6944.444444444444
Banashankari,1175.0,2,4113000.0000000005,3500.4255319148942
Banashankari,1750.0,3,8900000.0,5085.714285714285
Banashankari,1800.0,3,17500000.0,9722.222222222223
Banashankari,1450.0,2,5075000.0,3500.0
Banashankari,1770.0,3,10800000.0,6101.6949152542375
Banashankari,1420.0,3,6600000.0,4647.887323943662
Banashankari,1200.0,3,7452000.0,6210.0
Banashankari,1100.0,2,6300000.0,5727.272727272727
Banashankari,1426.0,3,8500000.0,5960.729312762974
Banashankari Stage II,1700.0,2,15000000.0,8823.529411764706
Banashankari Stage II,1200.0,4,15000000.0,12500.0
Banashankari Stage II,1500.0,3,12000000.0,8000.0
Banashankari Stage II,2400.0,5,51000000.0,21250.0
Banashankari Stage II,1240.0,3,5952000.0,4800.0
Banashankari Stage II,1250.0,2,11000000.0,8800.0
Banashankari Stage II,1260.0,3,9500000.0,7539.68253968254
Banashankari Stage II,2400.0,3,30000000.0,12500.0
Banashankari Stage II,1400.0,2,10000000.0,7142.857142857143
Banashankari Stage II,2800.0,5,42500000.0,15178.57142857143
Banashankari Stage II,3000.0,3,45000000.0,15000.0
Banashankari Stage II,1200.0,3,19800000.0,16500.0
Banashankari Stage II,1245.0,2,12500000.0,10040.160642570281
Banashankari Stage III,8500.0,4,14500000.0,1705.8823529411766
Banashankari Stage III,1305.0,3,5870000.0,4498.08429118774
Banashankari Stage III,1145.0,2,5840000.0,5100.436681222707
Banashankari Stage III,1650.0,3,11800000.0,7151.515151515152
Banashankari Stage III,2400.0,4,24000000.0,10000.0
Banashankari Stage III,1350.0,3,6800000.0,5037.037037037037
Banashankari Stage III,2000.0,4,10000000.0,5000.0
Banashankari Stage III,1305.0,3,5900000.0,4521.072796934866
Banashankari Stage III,1305.0,3,6000000.0,4597.701149425287
Banashankari Stage III,1200.0,2,4200000.0,3500.0
Banashankari Stage III,1480.0,3,7548000.0,5100.0
Banashankari Stage III,1304.0,2,11100000.0,8512.269938650306
Banashankari Stage III,1200.0,4,17000000.0,14166.666666666666
Banashankari Stage III,1000.0,3,12000000.0,12000.0
Banashankari Stage III,3000.0,6,15000000.0,5000.0
Banashankari Stage III,1085.0,2,5000000.0,4608.294930875576
Banashankari Stage III,1500.0,3,10000000.0,6666.666666666667
Banashankari Stage III,1350.0,1,14500000.0,10740.74074074074
Banashankari Stage III,2100.0,4,14700000.0,7000.0
Banashankari Stage III,1420.0,3,9500000.0,6690.140845070423
Banashankari Stage V,1300.0,3,5850000.0,4500.0
Banashankari Stage V,1305.0,3,4900000.0,3754.7892720306513
Banashankari Stage V,1035.0,2,3577000.0000000005,3456.038647342996
Banashankari Stage V,1355.0,3,6100000.0,4501.845018450184
Banashankari Stage V,1510.0,3,4757000.0,3150.3311258278145
Banashankari Stage V,1650.0,3,5198000.0,3150.3030303030305
Banashankari Stage V,1630.0,3,5135000.0,3150.306748466258
Banashankari Stage V,1315.0,3,4900000.0,3726.235741444867
Banashankari Stage V,1540.0,3,4851000.0,3150.0
Banashankari Stage V,920.0,2,4150000.0,4510.869565217391
Banashankari Stage VI,1177.5,2,5993500.0,5090.0212314225055
Banashankari Stage VI,4800.0,4,19000000.0,3958.3333333333335
Banashankari Stage VI,1160.0,2,5900000.0,5086.206896551724
Banashankari Stage VI,1180.0,2,5947000.0,5039.830508474576
Banashankari Stage VI,1423.0,3,7173000.0,5040.758959943781
Banashankari Stage VI,1392.0,3,6945999.999999999,4989.942528735632
Banashankari Stage VI,1410.5,3,7038500.000000001,4990.074441687346
Banashankari Stage VI,4800.0,4,20000000.0,4166.666666666667
Banaswadi,1184.0,2,5300000.0,4476.351351351352
Banaswadi,1145.0,2,5500000.0,4803.493449781659
Banaswadi,1250.0,2,6000000.0,4800.0
Banaswadi,1365.0,2,7300000.0,5347.985347985348
Banaswadi,1903.0,5,14000000.0,7356.8050446663165
Banaswadi,1222.0,2,8000000.0,6546.6448445171845
Banaswadi,870.0,2,3800000.0,4367.816091954023
Banaswadi,1200.0,2,6000000.0,5000.0
Banaswadi,1600.0,3,7450000.0,4656.25
Banaswadi,1340.0,2,7300000.0,5447.761194029851
Banaswadi,1008.0,2,5200000.0,5158.730158730159
Banaswadi,1105.0,2,5700000.0,5158.371040723982
Banjara Layout,1294.0,3,4800000.0,3709.4281298299848
Banjara Layout,1200.0,2,7000000.0,5833.333333333333
Banjara Layout,1050.0,2,6480000.0,6171.428571428572
Banjara Layout,753.0,2,5950000.0,7901.726427622842
Banjara Layout,900.0,3,7900000.0,8777.777777777777
Banjara Layout,3750.0,4,14500000.0,3866.6666666666665
Banjara Layout,2500.0,3,14000000.0,5600.0
Banjara Layout,1200.0,4,10500000.0,8750.0
Bannerghatta,1375.0,3,5700000.0,4145.454545454545
Bannerghatta,2611.0,3,23900000.0,9153.581003446956
Bannerghatta,3012.0,4,25000000.0,8300.132802124834
Bannerghatta,3012.0,4,26800000.0,8897.742363877822
Bannerghatta,1665.0,3,11000000.0,6606.606606606607
Bannerghatta,1618.0,3,6800000.0,4202.719406674907
Bannerghatta,2370.0,3,19500000.0,8227.848101265823
Bannerghatta,1100.0,2,6600000.0,6000.0
Bannerghatta,2895.5,4,24600000.0,8495.941978932828
Bannerghatta,1113.0,2,7000000.0,6289.308176100629
Bannerghatta,1200.0,2,7320000.0,6100.0
Bannerghatta,1070.0,2,8700000.0,8130.841121495327
Bannerghatta,1776.0,3,12400000.0,6981.981981981982
Bannerghatta,1776.0,3,15000000.0,8445.945945945947
Bannerghatta,1320.0,2,5000000.0,3787.878787878788
Bannerghatta,1120.0,2,4250000.0,3794.6428571428573
Bannerghatta Road,500.0,1,1850000.0,3700.0
Bannerghatta Road,1050.0,2,6500000.0,6190.476190476191
Bannerghatta Road,1170.0,3,6600000.0,5641.025641025641
Bannerghatta Road,595.0,1,3332000.0,5600.0
Bannerghatta Road,1445.0,3,9500000.0,6574.39446366782
Bannerghatta Road,1640.0,3,12000000.0,7317.073170731707
Bannerghatta Road,1380.0,4,5800000.0,4202.898550724638
Bannerghatta Road,1460.0,3,9000000.0,6164.3835616438355
Bannerghatta Road,1556.0,3,5913000.0,3800.1285347043704
Bannerghatta Road,1179.0,2,6602000.0,5599.660729431722
Bannerghatta Road,1122.5,2,5893500.0,5250.334075723831
Bannerghatta Road,793.0,2,4500000.0,5674.653215636822
Bannerghatta Road,1484.0,3,5250000.0,3537.735849056604
Bannerghatta Road,1400.0,2,7800000.0,5571.428571428572
Bannerghatta Road,2700.0,5,15800000.0,5851.851851851852
Bannerghatta Road,1215.0,2,5000000.0,4115.22633744856
Bannerghatta Road,1654.0,3,10000000.0,6045.949214026602
Bannerghatta Road,1181.0,2,5500000.0,4657.070279424217
Bannerghatta Road,1460.0,3,7200000.0,4931.506849315068
Bannerghatta Road,1200.0,2,7500000.0,6250.0
Bannerghatta Road,1760.0,3,6700000.0,3806.818181818182
Bannerghatta Road,595.0,1,3183000.0,5349.579831932773
Bannerghatta Road,1105.0,2,5100000.0,4615.384615384615
Bannerghatta Road,1255.0,2,6526000.000000001,5200.000000000001
Bannerghatta Road,1550.0,3,7800000.0,5032.258064516129
Bannerghatta Road,1550.0,3,8200000.0,5290.322580645161
Bannerghatta Road,1550.0,3,7500000.0,4838.709677419355
Bannerghatta Road,1650.0,3,12200000.0,7393.939393939394
Bannerghatta Road,912.0,2,5500000.0,6030.701754385965
Bannerghatta Road,1218.0,2,7300000.0,5993.431855500821
Bannerghatta Road,1427.0,3,4851000.0,3399.4393833216536
Bannerghatta Road,1115.0,2,6512000.0,5840.358744394619
Bannerghatta Road,1344.0,3,4200000.0,3125.0
Bannerghatta Road,1893.0,3,10000000.0,5282.620179609086
Bannerghatta Road,1600.0,3,9500000.0,5937.5
Bannerghatta Road,1275.0,2,6500000.0,5098.0392156862745
Bannerghatta Road,892.0,2,3900000.0,4372.197309417041
Bannerghatta Road,1880.0,3,9500000.0,5053.191489361702
Bannerghatta Road,1260.0,2,7000000.0,5555.555555555556
Bannerghatta Road,1788.0,3,9000000.0,5033.557046979866
Bannerghatta Road,1157.0,2,4000000.0,3457.216940363008
Bannerghatta Road,1150.0,2,6500000.0,5652.173913043478
Bannerghatta Road,10000.0,4,45000000.0,4500.0
Bannerghatta Road,1100.0,2,3900000.0,3545.4545454545455
Bannerghatta Road,1400.0,3,6800000.0,4857.142857142857
Bannerghatta Road,1725.0,3,11000000.0,6376.811594202899
Bannerghatta Road,1850.0,6,15000000.0,8108.108108108108
Bannerghatta Road,9000.0,3,39000000.0,4333.333333333333
Bannerghatta Road,950.0,2,3800000.0,4000.0
Bannerghatta Road,1220.0,2,8000000.0,6557.377049180328
Bannerghatta Road,1130.0,2,7800000.0,6902.654867256637
Bannerghatta Road,1350.0,3,5100000.0,3777.777777777778
Bannerghatta Road,1486.0,3,8322000.0,5600.269179004038
Bannerghatta Road,1460.0,3,7500000.0,5136.986301369863
Bannerghatta Road,1015.0,2,4800000.0,4729.064039408867
Bannerghatta Road,1115.0,2,6100000.0,5470.85201793722
Bannerghatta Road,1136.0,2,4800000.0,4225.352112676056
Bannerghatta Road,1200.0,3,6900000.0,5750.0
Bannerghatta Road,1465.0,3,7600000.0,5187.713310580205
Bannerghatta Road,1302.5,2,6773000.0,5200.0
Bannerghatta Road,1200.0,2,6500000.0,5416.666666666667
Bannerghatta Road,1240.0,2,6500000.0,5241.935483870968
Bannerghatta Road,1100.0,3,5200000.0,4727.272727272727
Bannerghatta Road,1532.5,3,8429000.0,5500.163132137031
Bannerghatta Road,1465.0,3,4587000.0,3131.0580204778157
Bannerghatta Road,1268.0,2,6900000.0,5441.640378548896
Bannerghatta Road,1450.0,3,8700000.0,6000.0
Bannerghatta Road,2932.0,4,19500000.0,6650.75034106412
Bannerghatta Road,1450.0,3,4400000.0,3034.4827586206898
Bannerghatta Road,1625.0,3,7500000.0,4615.384615384615
Bannerghatta Road,960.0,2,5800000.0,6041.666666666667
Bannerghatta Road,1750.0,3,13000000.0,7428.571428571428
Bannerghatta Road,1275.0,2,7300000.0,5725.490196078431
Bannerghatta Road,1430.0,3,5900000.0,4125.874125874126
Bannerghatta Road,1240.0,2,7100000.0,5725.806451612903
Bannerghatta Road,1305.0,3,6000000.0,4597.701149425287
Bannerghatta Road,1215.0,2,6800000.0,5596.707818930041
Bannerghatta Road,1894.0,3,11500000.0,6071.805702217529
Bannerghatta Road,1655.0,3,6289000.0,3800.0
Bannerghatta Road,1693.0,3,8900000.0,5256.940342587123
Bannerghatta Road,1280.0,2,6016000.0,4700.0
Bannerghatta Road,3230.0,4,16500000.0,5108.359133126935
Bannerghatta Road,630.0,1,3500000.0,5555.555555555556
Bannerghatta Road,1365.0,3,7618000.000000001,5580.952380952382
Bannerghatta Road,1115.0,2,7800000.0,6995.5156950672645
Bannerghatta Road,1532.5,3,7946500.0,5185.318107667211
Bannerghatta Road,1535.0,3,6000000.0,3908.7947882736157
Bannerghatta Road,1655.0,3,9000000.0,5438.0664652567975
Bannerghatta Road,1247.0,2,4739000.0,3800.3207698476344
Bannerghatta Road,1237.5,2,4949000.0,3999.191919191919
Bannerghatta Road,1650.0,3,9400000.0,5696.969696969697
Bannerghatta Road,905.0,2,6500000.0,7182.32044198895
Bannerghatta Road,1000.0,2,5000000.0,5000.0
Bannerghatta Road,2185.0,4,12000000.0,5491.990846681922
Bannerghatta Road,1012.0,2,4500000.0,4446.640316205534
Bannerghatta Road,1725.0,3,8500000.0,4927.536231884058
Bannerghatta Road,1460.0,3,8000000.0,5479.45205479452
Bannerghatta Road,1340.0,2,8500000.0,6343.2835820895525
Bannerghatta Road,1711.0,3,12500000.0,7305.669199298656
Bannerghatta Road,1520.0,3,8100000.0,5328.9473684210525
Bannerghatta Road,2826.0,3,14800000.0,5237.0842179759375
Bannerghatta Road,1154.0,2,4700000.0,4072.790294627383
Bannerghatta Road,1000.0,2,4450000.0,4450.0
Bannerghatta Road,1250.0,2,4800000.0,3840.0
Bannerghatta Road,1640.0,3,10500000.0,6402.4390243902435
Bannerghatta Road,1656.0,3,6293000.0,3800.1207729468597
Bannerghatta Road,1012.0,2,4400000.0,4347.826086956522
Bannerghatta Road,1527.0,3,11500000.0,7531.106745252128
Bannerghatta Road,1660.0,3,8500000.0,5120.481927710844
Bannerghatta Road,1880.0,3,9650000.0,5132.978723404255
Bannerghatta Road,1550.0,3,9600000.0,6193.548387096775
Bannerghatta Road,1200.0,2,7800000.0,6500.0
Bannerghatta Road,1885.0,3,12500000.0,6631.29973474801
Bannerghatta Road,1453.0,3,7300000.0,5024.088093599449
Bannerghatta Road,1450.0,3,7800000.0,5379.310344827586
Bannerghatta Road,700.0,1,3120000.0,4457.142857142857
Bannerghatta Road,1630.0,3,6800000.0,4171.7791411042945
Bannerghatta Road,1400.0,3,6900000.0,4928.571428571428
Bannerghatta Road,905.0,2,5800000.0,6408.839779005525
Bannerghatta Road,1465.0,3,7500000.0,5119.453924914676
Bannerghatta Road,1920.0,3,12200000.0,6354.166666666667
Bannerghatta Road,2400.0,4,18000000.0,7500.0
Bannerghatta Road,1660.0,3,8000000.0,4819.277108433735
Bannerghatta Road,1270.0,2,4500000.0,3543.3070866141734
Bannerghatta Road,1520.0,3,8000000.0,5263.1578947368425
Bannerghatta Road,1270.0,3,7300000.0,5748.031496062992
Bannerghatta Road,1846.0,3,12000000.0,6500.541711809317
Bannerghatta Road,3000.0,4,14000000.0,4666.666666666667
Bannerghatta Road,1122.5,2,6174000.0,5500.22271714922
Bannerghatta Road,1655.0,3,9500000.0,5740.181268882176
Bannerghatta Road,1206.0,2,5300000.0,4394.69320066335
Bannerghatta Road,1150.0,2,5500000.0,4782.608695652174
Bannerghatta Road,1215.0,2,6500000.0,5349.794238683127
Bannerghatta Road,1510.0,3,11000000.0,7284.76821192053
Bannerghatta Road,1022.0,2,3500000.0,3424.6575342465753
Bannerghatta Road,1246.0,2,4735000.0,3800.1605136436597
Bannerghatta Road,1470.0,3,8500000.0,5782.312925170068
Bannerghatta Road,1160.0,2,4500000.0,3879.310344827586
Bannerghatta Road,970.0,2,5700000.0,5876.288659793814
Basavangudi,2200.0,3,16200000.0,7363.636363636364
Basavangudi,2337.0,3,29200000.0,12494.651262302097
Basavangudi,2350.0,3,30000000.0,12765.95744680851
Basavangudi,1500.0,3,14300000.0,9533.333333333334
Basavangudi,1850.0,3,16800000.0,9081.081081081082
Basavangudi,2150.0,3,26500000.0,12325.581395348838
Basavangudi,1036.0,2,10500000.0,10135.135135135135
Basavangudi,2500.0,4,15000000.0,6000.0
Basavangudi,2600.0,4,26000000.0,10000.0
Basavangudi,1600.0,3,16000000.0,10000.0
Basavangudi,1560.0,2,14500000.0,9294.871794871795
Basavangudi,1825.0,3,17500000.0,9589.04109589041
Basavangudi,1800.0,3,19500000.0,10833.333333333334
Basavangudi,1100.0,2,9300000.0,8454.545454545454
Basavangudi,1542.14,3,12000000.0,7781.394685307429
Basavangudi,1050.0,2,10300000.0,9809.52380952381
Basavangudi,1350.0,3,13000000.0,9629.62962962963
Basavangudi,1485.0,3,14000000.0,9427.609427609428
Basavangudi,1180.0,2,12400000.0,10508.474576271186
Basavangudi,1600.0,3,13000000.0,8125.0
Basavangudi,1200.0,2,12000000.0,10000.0
Basavangudi,1850.0,3,15000000.0,8108.108108108108
Basavangudi,1230.0,2,8000000.0,6504.065040650406
Basavangudi,2453.0,4,25000000.0,10191.602119853242
Basavangudi,1650.0,3,12500000.0,7575.757575757576
Basaveshwara Nagar,1200.0,2,6500000.0,5416.666666666667
Basaveshwara Nagar,4500.0,5,41500000.0,9222.222222222223
Basaveshwara Nagar,1865.0,3,14500000.0,7774.798927613941
Basaveshwara Nagar,2460.0,7,35000000.0,14227.642276422765
Basaveshwara Nagar,2400.0,5,41500000.0,17291.666666666668
Basaveshwara Nagar,1200.0,2,9000000.0,7500.0
Basaveshwara Nagar,1180.0,2,5800000.0,4915.254237288135
Basaveshwara Nagar,2400.0,5,31000000.0,12916.666666666666
Basaveshwara Nagar,1200.0,2,8000000.0,6666.666666666667
Basaveshwara Nagar,900.0,2,6000000.0,6666.666666666667
Basaveshwara Nagar,2520.0,5,37800000.0,15000.0
Basaveshwara Nagar,1900.0,3,15000000.0,7894.736842105263
Basaveshwara Nagar,1200.0,2,8500000.0,7083.333333333333
Basaveshwara Nagar,1200.0,2,7000000.0,5833.333333333333
Basaveshwara Nagar,1200.0,2,18000000.0,15000.0
Basaveshwara Nagar,1200.0,3,19000000.0,15833.333333333334
Battarahalli,1200.0,2,6500000.0,5416.666666666667
Battarahalli,1779.0,3,8961000.0,5037.099494097808
Battarahalli,1300.0,2,5000000.0,3846.153846153846
Battarahalli,1945.0,3,9742000.0,5008.740359897172
Battarahalli,1777.0,3,10000000.0,5627.462014631401
Battarahalli,1135.0,2,4300000.0,3788.546255506608
Battarahalli,1276.0,2,4500000.0,3526.6457680250783
Battarahalli,1880.0,3,9436000.0,5019.148936170212
Battarahalli,1071.0,2,6200000.0,5788.9822595704945
Battarahalli,1165.0,2,4300000.0,3690.987124463519
Battarahalli,1636.0,2,8289000.0,5066.6259168704155
Battarahalli,1779.0,3,9000000.0,5059.02192242833
Battarahalli,1516.0,3,6500000.0,4287.598944591029
Battarahalli,1090.0,2,3836999.9999999995,3520.1834862385317
Battarahalli,2082.0,3,10400000.0,4995.1969260326605
Battarahalli,2500.0,4,6500000.0,2600.0
Battarahalli,2700.0,4,7500000.0,2777.777777777778
Battarahalli,1590.0,2,10200000.0,6415.094339622641
Battarahalli,2024.0,3,10300000.0,5088.932806324111
Battarahalli,1097.0,2,4900000.0,4466.727438468551
Begur,1664.0,4,6500000.0,3906.25
Begur,1419.0,3,5900000.0,4157.85764622974
Begur,1580.0,3,7500000.0,4746.835443037975
Begur,1559.0,3,6300000.0,4041.0519563822963
Begur,1445.0,3,4710000.0,3259.515570934256
Begur,1475.0,3,7400000.0,5016.949152542373
Begur,3500.0,3,18500000.0,5285.714285714285
Begur,1100.0,2,5500000.0,5000.0
Begur,1306.0,2,6500000.0,4977.029096477795
Begur,1304.0,3,6500000.0,4984.662576687117
Begur,1411.0,3,6000000.0,4252.303330970943
Begur,815.0,2,4000000.0,4907.9754601227
Begur,1443.0,3,7000000.0,4851.004851004851
Begur,1200.0,2,3300000.0,2750.0
Begur Road,1200.0,2,4400000.0,3666.6666666666665
Begur Road,1200.0,2,4680000.0,3900.0
Begur Road,1160.0,2,4400000.0,3793.103448275862
Begur Road,1584.0,3,6500000.0,4103.535353535353
Begur Road,1500.0,3,5400000.0,3600.0
Begur Road,1615.0,3,5976000.0,3700.30959752322
Begur Road,1200.0,2,4320000.0,3600.0
Begur Road,1160.0,2,4408000.0,3800.0
Begur Road,1200.0,2,4500000.0,3750.0
Begur Road,1615.0,3,6000000.0,3715.170278637771
Begur Road,1410.0,3,5300000.0,3758.8652482269504
Begur Road,1200.0,2,3779999.9999999995,3149.9999999999995
Begur Road,970.0,2,2700000.0,2783.505154639175
Begur Road,1160.0,2,4059000.0000000005,3499.1379310344832
Begur Road,1260.0,2,4662000.0,3700.0
Begur Road,1600.0,3,5814000.0,3633.75
Begur Road,1634.0,3,8333000.0,5099.7552019583845
Begur Road,1410.0,3,4442000.0,3150.354609929078
Begur Road,1160.0,2,3600000.0,3103.448275862069
Begur Road,1500.0,3,7000000.0,4666.666666666667
Begur Road,1160.0,2,4200000.0,3620.689655172414
Begur Road,1240.0,2,3906000.0,3150.0
Begur Road,1500.0,3,5500000.0,3666.6666666666665
Begur Road,1410.0,3,5217000.0,3700.0
Begur Road,1615.0,3,5800000.0,3591.331269349845
Begur Road,1583.0,3,7440000.000000001,4699.936828806065
Begur Road,1170.0,2,4600000.0,3931.6239316239316
Begur Road,2462.0,4,12400000.0,5036.555645816409
Begur Road,1160.0,2,4292000.0,3700.0
Begur Road,1410.0,3,5006000.0,3550.354609929078
Begur Road,1225.0,2,3552000.0000000005,2899.5918367346944
Begur Road,1565.0,3,5976000.0,3818.5303514376997
Begur Road,1400.0,3,5006000.0,3575.714285714286
Begur Road,1410.0,3,5358000.0,3800.0
Begur Road,1200.0,2,4260000.0,3550.0
Begur Road,1334.0,2,4269000.0,3200.1499250374814
Begur Road,1565.0,3,5791000.0,3700.3194888178914
Begur Road,1933.0,3,9800000.0,5069.839627521987
Begur Road,1200.0,2,4560000.0,3800.0
Begur Road,1215.0,2,4313000.0,3549.794238683128
Begur Road,1444.0,3,7150000.0,4951.523545706371
Begur Road,1160.0,2,3654000.0,3150.0
Begur Road,1615.0,3,5087000.0,3149.84520123839
Begur Road,1200.0,2,4440000.0,3700.0
Begur Road,1565.0,3,4930000.0,3150.1597444089457
Begur Road,1260.0,2,3969000.0,3150.0
Begur Road,2464.5,4,11800000.0,4787.9894501927365
Begur Road,1410.0,3,4934000.0,3499.290780141844
Begur Road,952.0,2,4200000.0,4411.764705882353
Begur Road,1565.0,3,5634000.0,3600.0
Begur Road,1565.0,3,5600000.0,3578.2747603833864
Begur Road,1200.0,2,4200000.0,3500.0
Begur Road,1240.0,2,4588000.0,3700.0
Begur Road,1200.0,3,5000000.0,4166.666666666667
Begur Road,1500.0,3,4725000.0,3150.0
Begur Road,1100.0,2,4260000.0,3872.7272727272725
Begur Road,644.0,1,3200000.0,4968.944099378882
Begur Road,2500.0,4,12250000.0,4900.0
Begur Road,1241.0,2,6400000.0,5157.13134568896
Begur Road,1215.0,2,4375000.0,3600.8230452674898
Begur Road,1200.0,2,4473000.0,3727.5
Begur Road,1410.0,3,5499000.0,3900.0
Bellandur,1767.0,3,10300000.0,5829.088851160159
Bellandur,1205.0,2,6600000.0,5477.178423236514
Bellandur,1250.0,2,7600000.0,6080.0
Bellandur,1000.0,2,5000000.0,5000.0
Bellandur,1281.0,2,7400000.0,5776.736924277908
Bellandur,921.0,2,4000000.0,4343.105320304017
Bellandur,2025.0,4,10900000.0,5382.716049382716
Bellandur,1490.0,3,9800000.0,6577.181208053691
Bellandur,1398.0,3,6800000.0,4864.0915593705295
Bellandur,2039.0,3,16800000.0,8239.333006375675
Bellandur,1605.0,3,8500000.0,5295.95015576324
Bellandur,1692.0,3,8800000.0,5200.945626477542
Bellandur,1220.0,2,6000000.0,4918.0327868852455
Bellandur,1299.0,2,8200000.0,6312.548113933795
Bellandur,900.0,2,5600000.0,6222.222222222223
Bellandur,1350.0,2,7900000.0,5851.851851851852
Bellandur,1286.0,2,5700000.0,4432.348367029549
Bellandur,3016.0,4,23000000.0,7625.994694960213
Bellandur,1457.0,2,8500000.0,5833.905284831846
Bellandur,1195.0,2,5100000.0,4267.782426778243
Bellandur,1050.0,2,7200000.0,6857.142857142857
Bellandur,3600.0,4,26000000.0,7222.222222222223
Bellandur,1310.0,2,7200000.0,5496.18320610687
Bellandur,924.0,2,3511000.0,3799.78354978355
Bellandur,1785.0,3,11800000.0,6610.644257703081
Bellandur,1051.0,2,6000000.0,5708.848715509039
Bellandur,1450.0,3,6800000.0,4689.6551724137935
Bellandur,1060.0,2,6500000.0,6132.075471698113
Bellandur,1100.0,2,6200000.0,5636.363636363636
Bellandur,1550.0,2,5900000.0,3806.451612903226
Bellandur,1400.0,3,4481000.0,3200.714285714286
Bellandur,1685.0,3,10000000.0,5934.718100890208
Bellandur,982.0,2,5500000.0,5600.814663951121
Bellandur,981.0,2,3728000.0,3800.2038735983692
Bellandur,1205.0,2,5900000.0,4896.265560165975
Bellandur,1063.0,2,5800000.0,5456.255879586077
Bellandur,1201.0,2,5999000.0,4995.004163197335
Bellandur,1325.0,2,6500000.0,4905.66037735849
Bellandur,1281.0,2,8700000.0,6791.569086651054
Bellandur,2000.0,3,8500000.0,4250.0
Bellandur,1200.0,2,5200000.0,4333.333333333333
Bellandur,1785.0,3,12000000.0,6722.689075630252
Bellandur,1088.0,2,4800000.0,4411.764705882353
Bellandur,1310.0,2,8500000.0,6488.5496183206105
Bellandur,982.0,2,3728000.0,3796.3340122199593
Bellandur,1465.0,2,9000000.0,6143.344709897611
Bellandur,1767.0,3,10900000.0,6168.647425014148
Bellandur,2666.0,3,23000000.0,8627.156789197299
Bellandur,3600.0,4,24500000.0,6805.555555555556
Bellandur,1170.0,2,4679000.0,3999.1452991452993
Bellandur,1150.0,2,6944000.0,6038.260869565217
Bellandur,1540.0,4,4500000.0,2922.0779220779223
Bellandur,1200.0,2,4500000.0,3750.0
Bellandur,1830.0,3,9000000.0,4918.0327868852455
Bellandur,1410.0,2,9200000.0,6524.822695035461
Bellandur,950.0,2,3500000.0,3684.2105263157896
Bellandur,1015.0,2,6000000.0,5911.330049261083
Bellandur,2500.0,3,11200000.0,4480.0
Bellandur,1685.0,3,10100000.0,5994.06528189911
Bellandur,1735.0,3,10500000.0,6051.873198847262
Bellandur,1685.0,3,11500000.0,6824.925816023739
Bellandur,1846.0,3,13500000.0,7313.109425785482
Bellandur,1049.0,2,5100000.0,4861.773117254528
Bellandur,1350.0,3,6300000.0,4666.666666666667
Bellandur,1211.0,2,6300000.0,5202.312138728324
Bellandur,1717.0,3,11000000.0,6406.523005241701
Bellandur,1420.0,3,6200000.0,4366.197183098591
Bellandur,1185.0,2,4739000.0,3999.15611814346
Bellandur,1200.0,2,6200000.0,5166.666666666667
Bellandur,1767.0,3,8900000.0,5036.785512167516
Bellandur,1830.0,3,8900000.0,4863.3879781420765
Bellandur,2400.0,3,11500000.0,4791.666666666667
Bellandur,1251.0,2,4700000.0,3756.994404476419
Bellandur,1665.0,3,8500000.0,5105.105105105105
Bellandur,960.0,2,4800000.0,5000.0
Bellandur,1690.0,3,11600000.0,6863.905325443787
Bellandur,950.0,1,4000000.0,4210.526315789473
Bellandur,850.0,2,4500000.0,5294.117647058823
Bellandur,1454.0,2,9000000.0,6189.821182943604
Bellandur,1830.0,3,9186000.0,5019.672131147541
Bellandur,1195.0,2,5200000.0,4351.464435146443
Bellandur,1435.0,3,11500000.0,8013.937282229966
Bellandur,1830.0,3,8989000.0,4912.021857923497
Bellandur,1260.0,2,8350000.0,6626.984126984127
Bellandur,1535.0,3,9000000.0,5863.192182410424
Bellandur,1047.0,2,7500000.0,7163.323782234957
Bellandur,1096.0,2,4000000.0,3649.6350364963505
Bellandur,1262.0,2,4700000.0,3724.247226624406
Benson Town,3200.0,3,35000000.0,10937.5
Benson Town,1400.0,4,9115000.0,6510.714285714285
Benson Town,4460.0,4,65000000.0,14573.991031390135
Benson Town,1480.0,2,12000000.0,8108.108108108108
Benson Town,1750.0,3,15000000.0,8571.42857142857
Benson Town,2270.0,3,18000000.0,7929.515418502203
Benson Town,2850.0,3,47000000.0,16491.22807017544
Benson Town,1300.0,2,12000000.0,9230.76923076923
Benson Town,1567.0,2,14000000.0,8934.269304403319
Benson Town,3633.0,4,55000000.0,15139.003578309937
Benson Town,3569.0,4,60000000.0,16811.43177360605
Benson Town,1688.12,2,27000000.0,15994.123640499492
Benson Town,5000.0,4,95000000.0,19000.0
Benson Town,1805.0,3,28000000.0,15512.465373961219
Benson Town,1688.0,2,28000000.0,16587.677725118483
Bharathi Nagar,1322.0,2,6800000.0,5143.721633888048
Bharathi Nagar,1739.0,3,10500000.0,6037.952846463485
Bharathi Nagar,1351.0,2,7000000.0,5181.347150259067
Bharathi Nagar,1384.0,2,5900000.0,4263.005780346821
Bharathi Nagar,1351.0,2,7400000.0,5477.424130273871
Bharathi Nagar,1432.0,2,6800000.0,4748.6033519553075
Bharathi Nagar,1664.0,3,6989000.0,4200.120192307692
Bharathi Nagar,1349.0,2,5670000.0,4203.113417346182
Bharathi Nagar,1328.0,2,6900000.0,5195.78313253012
Bharathi Nagar,1120.0,2,3929000.0,3508.035714285714
Bharathi Nagar,1300.0,2,5586000.0,4296.923076923077
Bharathi Nagar,1379.0,2,8500000.0,6163.8868745467735
Bhoganhalli,1670.0,3,9900000.0,5928.143712574851
Bhoganhalli,2119.0,4,11100000.0,5238.319962246343
Bhoganhalli,1410.0,3,6500000.0,4609.929078014185
Bhoganhalli,804.1,2,6909000.0,8592.214898644446
Bhoganhalli,1718.0,3,9020000.0,5250.291036088475
Bhoganhalli,1444.0,2,7597000.0,5261.0803324099725
Bhoganhalli,1447.0,2,7597000.0,5250.172771250864
Bhoganhalli,1700.0,3,12600000.0,7411.764705882353
Bhoganhalli,1451.5,4,12100000.0,8336.203926972097
Bhoganhalli,1053.4,3,8891000.0,8440.288589329788
Bhoganhalli,910.2,2,8064000.0,8859.591298615689
Bhoganhalli,2072.5,4,11100000.0,5355.850422195416
Bhoganhalli,1610.0,3,8453000.0,5250.310559006211
Bhoganhalli,1974.0,4,10600000.0,5369.807497467072
Bhoganhalli,2171.0,4,11100000.0,5112.851220635652
Bhoganhalli,1548.3,4,12900000.0,8331.71865917458
Bhoganhalli,1760.0,3,12700000.0,7215.909090909091
Bhoganhalli,1554.3,4,13100000.0,8428.231358167664
Bhoganhalli,1949.0,3,12900000.0,6618.778860954336
Bhoganhalli,1760.0,3,12800000.0,7272.727272727273
Bhoganhalli,1181.7,2,10000000.0,8462.384700008462
Bhoganhalli,2439.0,4,18500000.0,7585.075850758508
Bhoganhalli,1395.0,3,7000000.0,5017.921146953405
Bhoganhalli,1458.0,3,7845000.0,5380.658436213992
Bhoganhalli,1125.0,2,5400000.0,4800.0
Bhoganhalli,1205.0,2,6447000.0,5350.207468879668
Bhoganhalli,1234.6,3,10400000.0,8423.780981694477
Bhoganhalli,2439.0,4,19000000.0,7790.077900779008
Bhoganhalli,1610.0,3,7403000.0,4598.1366459627325
Bhoganhalli,2439.0,4,17000000.0,6970.069700697007
Bhoganhalli,1205.0,2,6831999.999999999,5669.709543568464
Bhoganhalli,1260.0,2,6990000.000000001,5547.619047619049
Bhoganhalli,896.9,2,7873999.999999999,8779.128107927305
Bhoganhalli,1707.0,3,11500000.0,6736.965436438196
Bhoganhalli,970.0,2,5250000.0,5412.371134020618
Bhoganhalli,1277.0,2,7989000.0,6256.068911511355
Bhoganhalli,1703.0,3,12000000.0,7046.388725778039
Billekahalli,1935.0,3,11000000.0,5684.754521963824
Billekahalli,1125.0,2,6200000.0,5511.111111111111
Billekahalli,1650.0,3,8800000.0,5333.333333333333
Billekahalli,1090.0,2,5200000.0,4770.642201834862
Billekahalli,1112.0,2,6200000.0,5575.5395683453235
Billekahalli,1140.0,2,5000000.0,4385.964912280701
Billekahalli,2400.0,3,15000000.0,6250.0
Billekahalli,2968.0,3,22500000.0,7580.8625336927225
Billekahalli,1350.0,2,5500000.0,4074.074074074074
Billekahalli,950.0,2,5811000.0,6116.8421052631575
Billekahalli,1360.0,2,11000000.0,8088.235294117647
Billekahalli,1035.0,2,9000000.0,8695.652173913044
Billekahalli,1125.0,2,6500000.0,5777.777777777777
Billekahalli,950.0,2,5600000.0,5894.736842105263
Billekahalli,1290.0,3,6200000.0,4806.201550387597
Billekahalli,1805.0,3,13400000.0,7423.822714681441
Binny Pete,1755.0,3,12200000.0,6951.5669515669515
Binny Pete,665.0,1,5075000.0,7631.578947368421
Binny Pete,2465.0,3,23400000.0,9492.90060851927
Binny Pete,2817.5,4,20400000.0,7240.461401952085
Binny Pete,1245.0,2,8628000.0,6930.120481927711
Binny Pete,660.0,1,5400000.0,8181.818181818182
Binny Pete,1350.0,2,9100000.0,6740.740740740741
Binny Pete,665.0,1,4608000.0,6929.3233082706765
Binny Pete,660.0,1,6200000.0,9393.939393939394
Binny Pete,1365.0,2,12200000.0,8937.728937728938
Binny Pete,2940.0,4,28000000.0,9523.809523809523
Binny Pete,1795.0,3,13900000.0,7743.732590529248
Binny Pete,1740.0,3,15000000.0,8620.689655172413
Binny Pete,1970.0,3,16400000.0,8324.873096446701
Binny Pete,2940.0,4,20100000.0,6836.734693877551
Binny Pete,2406.0,3,28900000.0,12011.63757273483
Binny Pete,1516.0,3,14700000.0,9696.569920844327
Bisuvanahalli,1180.0,3,4800000.0,4067.7966101694915
Bisuvanahalli,1075.0,3,3500000.0,3255.813953488372
Bisuvanahalli,1075.0,3,4600000.0,4279.069767441861
Bisuvanahalli,1075.0,3,3600000.0,3348.8372093023254
Bisuvanahalli,1075.0,3,3700000.0,3441.860465116279
Bisuvanahalli,1075.0,3,4500000.0,4186.046511627907
Bisuvanahalli,845.0,2,3300000.0,3905.3254437869823
Bisuvanahalli,845.0,2,3700000.0,4378.698224852071
Bisuvanahalli,1075.0,3,3599000.0,3347.906976744186
Bisuvanahalli,845.0,2,2900000.0,3431.9526627218934
Bisuvanahalli,1075.0,3,4700000.0,4372.093023255814
Bisuvanahalli,850.0,2,3200000.0,3764.705882352941
Bisuvanahalli,1075.0,3,5000000.0,4651.162790697675
Bisuvanahalli,1075.0,3,5200000.0,4837.209302325581
Bisuvanahalli,1180.0,3,4600000.0,3898.3050847457625
Bisuvanahalli,1075.0,3,4200000.0,3906.9767441860463
Bisuvanahalli,1180.0,3,6000000.0,5084.745762711865
Bisuvanahalli,1075.0,3,4300000.0,4000.0
Bisuvanahalli,700.0,2,3200000.0,4571.428571428572
Bisuvanahalli,1075.0,3,4100000.0,3813.953488372093
Bisuvanahalli,945.0,2,3300000.0,3492.063492063492
Bisuvanahalli,845.0,2,3000000.0,3550.2958579881656
Bisuvanahalli,1200.0,3,4100000.0,3416.6666666666665
Bisuvanahalli,1075.0,3,3100000.0,2883.720930232558
Bisuvanahalli,1180.0,3,4500000.0,3813.5593220338983
Bisuvanahalli,1080.0,3,4500000.0,4166.666666666667
Bisuvanahalli,1180.0,3,5550000.0,4703.389830508475
Bisuvanahalli,1075.0,3,4800000.0,4465.116279069767
Bisuvanahalli,1075.0,3,4400000.0,4093.0232558139537
Bisuvanahalli,850.0,2,2700000.0,3176.470588235294
Bisuvanahalli,845.0,2,3200000.0,3786.98224852071
Bisuvanahalli,1075.0,3,3200000.0,2976.7441860465115
Bisuvanahalli,1075.0,3,4149000.0,3859.5348837209303
Bisuvanahalli,1075.0,3,3300000.0,3069.767441860465
Bisuvanahalli,845.0,2,3400000.0,4023.6686390532545
Bommanahalli,3000.0,8,14000000.0,4666.666666666667
Bommanahalli,1200.0,2,4000000.0,3333.3333333333335
Bommanahalli,1730.0,3,9600000.0,5549.132947976878
Bommanahalli,520.0,1,1950000.0,3750.0
Bommanahalli,1000.0,2,2990000.0,2990.0
Bommanahalli,515.0,1,2500000.0,4854.368932038835
Bommanahalli,1090.0,2,4400000.0,4036.697247706422
Bommanahalli,1250.0,3,4250000.0,3400.0
Bommanahalli,1375.0,3,5900000.0,4290.909090909091
Bommanahalli,1250.0,3,5500000.0,4400.0
Bommanahalli,1110.0,2,3300000.0,2972.972972972973
Bommanahalli,1625.0,3,8772000.0,5398.153846153846
Bommanahalli,1850.0,3,9000000.0,4864.864864864865
Bommanahalli,957.0,2,5300000.0,5538.1400208986415
Bommanahalli,910.0,2,4500000.0,4945.054945054945
Bommanahalli,1050.0,2,4600000.0,4380.952380952381
Bommanahalli,1290.0,2,7300000.0,5658.914728682171
Bommanahalli,1100.0,2,5500000.0,5000.0
Bommanahalli,1300.0,3,4500000.0,3461.5384615384614
Bommanahalli,1350.0,2,7200000.0,5333.333333333333
Bommanahalli,2100.0,4,8500000.0,4047.6190476190477
Bommanahalli,1170.0,2,3400000.0,2905.982905982906
Bommanahalli,1020.0,2,5500000.0,5392.156862745098
Bommanahalli,1250.0,3,4100000.0,3280.0
Bommanahalli,1660.0,3,10000000.0,6024.096385542169
Bommanahalli,1250.0,3,3900000.0,3120.0
Bommanahalli,1307.0,2,5000000.0,3825.554705432288
Bommanahalli,1416.0,3,8500000.0,6002.824858757062
Bommanahalli,1091.0,2,4000000.0,3666.3611365719526
Bommanahalli,1355.0,2,7317000.0,5400.0
Bommanahalli,1160.0,2,5300000.0,4568.9655172413795
Bommanahalli,2875.0,7,8500000.0,2956.521739130435
Bommanahalli,1050.0,2,5400000.0,5142.857142857143
Bommasandra,1260.0,3,4936000.0,3917.4603174603176
Bommasandra,1200.0,3,4600000.0,3833.3333333333335
Bommasandra,1035.0,2,4100000.0,3961.352657004831
Bommasandra,1035.0,2,4172999.9999999995,4031.884057971014
Bommasandra,1034.0,2,4000000.0,3868.4719535783365
Bommasandra,877.0,2,3000000.0,3420.752565564424
Bommasandra,920.0,2,3746000.0,4071.7391304347825
Bommasandra,1035.0,2,4143000.0,4002.8985507246375
Bommasandra,1295.0,3,5028000.0,3882.6254826254826
Bommasandra,1478.0,3,4400000.0,2976.9959404600813
Bommasandra,1015.0,2,4000000.0,3940.886699507389
Bommasandra,1000.0,2,3500000.0,3500.0
Bommasandra,955.0,2,3528000.0,3694.240837696335
Bommasandra,1005.0,2,3977000.0000000005,3957.213930348259
Bommasandra,1014.0,2,3500000.0,3451.6765285996057
Bommasandra,1020.0,2,4089000.0,4008.823529411765
Bommasandra,920.0,2,3720000.0000000005,4043.478260869566
Bommasandra,800.0,2,3200000.0,4000.0
Bommasandra,1280.0,3,5000000.0,3906.25
Bommasandra,1942.0,3,9000000.0,4634.3975283213185
Bommasandra,1127.0,2,4500000.0,3992.9015084294588
Bommasandra,1400.0,3,4500000.0,3214.285714285714
Bommasandra,877.0,2,2900000.0,3306.72748004561
Bommasandra,1365.0,3,5281000.0,3868.864468864469
Bommasandra,842.0,2,3000000.0,3562.9453681710215
Bommasandra,1365.0,3,5282000.0,3869.5970695970695
Bommasandra,955.0,2,3797000.0,3975.916230366492
Bommasandra,1089.0,2,4000000.0,3673.094582185491
Bommasandra,1365.0,3,5396000.0,3953.1135531135533
Bommasandra Industrial Area,1280.0,3,5040000.0,3937.5
Bommasandra Industrial Area,1090.0,2,3148000.0,2888.0733944954127
Bommasandra Industrial Area,1030.0,2,4100000.0,3980.5825242718447
Bommasandra Industrial Area,1320.0,3,3811999.9999999995,2887.8787878787875
Bommasandra Industrial Area,1020.0,2,3900000.0,3823.529411764706
Bommasandra Industrial Area,1400.0,3,4044000.0,2888.5714285714284
Bommasandra Industrial Area,1320.0,3,3813000.0000000005,2888.636363636364
Bommasandra Industrial Area,1220.0,3,3522999.9999999995,2887.7049180327863
Bommasandra Industrial Area,1020.0,2,2945000.0,2887.2549019607845
Bommasandra Industrial Area,1165.0,2,3364000.0,2887.5536480686696
Bommasandra Industrial Area,1250.0,3,5000000.0,4000.0
Bommasandra Industrial Area,1310.0,3,3783000.0,2887.7862595419847
Bommasandra Industrial Area,1200.0,2,4500000.0,3750.0
Bommasandra Industrial Area,1005.0,2,3977000.0000000005,3957.213930348259
Bommasandra Industrial Area,1000.0,2,2888000.0,2888.0
Bommasandra Industrial Area,1160.0,2,3351000.0,2888.793103448276
Bommasandra Industrial Area,1125.0,2,3249000.0,2888.0
Bommasandra Industrial Area,1220.0,3,3520000.0000000005,2885.2459016393445
Bommasandra Industrial Area,1491.0,3,4050000.0,2716.2977867203217
Bommasandra Industrial Area,1365.0,3,5281000.0,3868.864468864469
Bommasandra Industrial Area,1130.0,2,3264000.0,2888.495575221239
Bommasandra Industrial Area,1065.0,2,3075000.0,2887.323943661972
Bommasandra Industrial Area,7000.0,2,13500000.0,1928.5714285714287
Bommenahalli,1200.0,3,12500000.0,10416.666666666666
Bommenahalli,1632.0,4,14500000.0,8884.803921568628
Bommenahalli,1670.0,4,13500000.0,8083.832335329342
Bommenahalli,1680.0,4,13500000.0,8035.714285714285
Bommenahalli,1632.0,4,12800000.0,7843.137254901961
Bommenahalli,3339.0,3,25000000.0,7487.271638215035
Bommenahalli,1355.0,4,13500000.0,9963.09963099631
Bommenahalli,1286.0,3,21700000.0,16874.02799377916
Bommenahalli,1286.0,3,23200000.0,18040.435458786935
Bommenahalli,1232.0,3,9600000.0,7792.207792207792
Bommenahalli,1632.0,4,14000000.0,8578.43137254902
Brookefield,1150.0,2,6900000.0,6000.0
Brookefield,1142.0,2,7000000.0,6129.5971978984235
Brookefield,1440.0,3,6800000.0,4722.222222222223
Brookefield,2169.0,3,11500000.0,5301.982480405717
Brookefield,1595.0,3,8800000.0,5517.241379310345
Brookefield,2800.0,4,24000000.0,8571.42857142857
Brookefield,1476.0,3,10500000.0,7113.821138211382
Brookefield,1700.0,4,15200000.0,8941.176470588236
Brookefield,1262.0,2,7500000.0,5942.947702060222
Brookefield,1139.0,2,8000000.0,7023.705004389815
Brookefield,1125.0,2,7000000.0,6222.222222222223
Brookefield,1420.0,3,8500000.0,5985.915492957746
Brookefield,3532.0,4,17000000.0,4813.137032842582
Brookefield,941.0,2,4800000.0,5100.956429330499
Brookefield,1595.0,3,7500000.0,4702.194357366771
Brookefield,1410.0,3,8000000.0,5673.758865248227
Brookefield,1100.0,2,5500000.0,5000.0
Brookefield,2400.0,4,14000000.0,5833.333333333333
Brookefield,1225.0,2,6650000.0,5428.571428571428
Brookefield,2700.0,8,29000000.0,10740.74074074074
Brookefield,1950.0,5,17500000.0,8974.358974358975
Brookefield,1080.0,2,5000000.0,4629.62962962963
Brookefield,1230.0,2,5500000.0,4471.544715447155
Brookefield,1200.0,2,7500000.0,6250.0
Brookefield,1089.0,2,4900000.0,4499.540863177227
Brookefield,1130.0,2,5600000.0,4955.7522123893805
Brookefield,1270.0,2,9500000.0,7480.314960629921
Brookefield,1706.0,3,11500000.0,6740.914419695194
Brookefield,1389.0,2,9400000.0,6767.458603311735
Brookefield,1750.0,3,7500000.0,4285.714285714285
Brookefield,1500.0,4,16000000.0,10666.666666666666
Brookefield,1225.0,2,7200000.0,5877.551020408163
Brookefield,3675.0,4,17600000.0,4789.115646258503
Brookefield,1746.0,3,11500000.0,6586.483390607102
Brookefield,1518.0,3,8000000.0,5270.092226613966
Brookefield,1560.0,4,14900000.0,9551.28205128205
Brookefield,1589.0,3,7400000.0,4657.016991818754
Brookefield,1382.0,2,8450000.0,6114.3270622286545
Brookefield,1260.0,2,7000000.0,5555.555555555556
Brookefield,1206.0,2,9000000.0,7462.686567164179
Brookefield,3050.0,4,13000000.0,4262.295081967213
Brookefield,1594.0,3,14000000.0,8782.936010037642
Brookefield,1588.0,2,5800000.0,3652.3929471032748
Budigere,1153.0,2,5640000.0,4891.587163920208
Budigere,1162.0,2,5990000.0,5154.9053356282275
Budigere,1991.0,3,10300000.0,5173.279758915118
Budigere,1153.0,2,5700000.0,4943.625325238509
Budigere,1162.0,2,5700000.0,4905.335628227194
Budigere,1139.0,2,6200000.0,5443.371378402107
Budigere,1139.0,2,5680000.0,4986.830553116769
Budigere,1139.0,2,5685000.0,4991.220368744513
Budigere,1920.0,3,8800000.0,4583.333333333333
Budigere,1991.0,3,10000000.0,5022.601707684581
Budigere,664.0,1,3500000.0,5271.084337349397
Budigere,1820.0,3,9300000.0,5109.89010989011
Budigere,1636.0,3,8500000.0,5195.59902200489
Budigere,1444.0,2,7000000.0,4847.645429362881
Budigere,1991.0,3,8800000.0,4419.889502762431
Budigere,1139.0,2,6000000.0,5267.778753292362
Budigere,1820.0,3,8550000.0,4697.802197802198
Budigere,1820.0,3,8540000.0,4692.307692307692
Budigere,1162.0,2,5800000.0,4991.394148020654
Budigere,1636.0,3,9200000.0,5623.471882640587
Budigere,1087.0,2,5430000.0,4995.40018399264
Budigere,1820.0,3,8900000.0,4890.10989010989
Budigere,1149.0,2,6500000.0,5657.093124456049
Budigere,664.0,1,3540000.0,5331.325301204819
Budigere,1153.0,2,5670000.0,4917.606244579359
Budigere,1820.0,3,8500000.0,4670.32967032967
Budigere,1139.0,2,5650000.0,4960.491659350308
Budigere,1636.0,3,8300000.0,5073.349633251833
Budigere,664.0,1,3400000.0,5120.481927710844
Budigere,1820.0,3,8520000.0,4681.318681318681
Budigere,1153.0,2,6000000.0,5203.816131830009
Budigere,1820.0,3,9900000.0,5439.56043956044
Budigere,1172.0,2,5672500.0,4840.017064846416
Budigere,1590.0,3,7616000.0,4789.937106918239
Budigere,1820.0,3,9500000.0,5219.780219780219
Budigere,1820.0,3,9550000.0,5247.252747252747
Budigere,1153.0,2,5600000.0,4856.895056374675
Budigere,705.0,1,3454500.0,4900.0
Budigere,1153.0,2,5650000.0,4900.260190806592
Budigere,1153.0,2,5800000.0,5030.3555941023415
Budigere,1636.0,3,8800000.0,5378.973105134474
Budigere,1153.0,2,5655000.0,4904.596704249783
CV Raman Nagar,1550.0,3,6500000.0,4193.548387096775
CV Raman Nagar,1120.0,2,5500000.0,4910.714285714285
CV Raman Nagar,1070.0,2,5500000.0,5140.186915887851
CV Raman Nagar,740.0,2,3700000.0,5000.0
CV Raman Nagar,1230.0,2,4700000.0,3821.1382113821137
CV Raman Nagar,1726.0,3,14500000.0,8400.92699884125
CV Raman Nagar,1028.0,2,4900000.0,4766.536964980544
CV Raman Nagar,1392.0,2,9800000.0,7040.229885057472
CV Raman Nagar,1070.0,2,4750000.0,4439.252336448598
CV Raman Nagar,1825.0,3,12600000.0,6904.109589041096
CV Raman Nagar,1025.0,2,5000000.0,4878.048780487805
CV Raman Nagar,1525.0,3,6700000.0,4393.44262295082
CV Raman Nagar,1198.0,2,6000000.0,5008.347245409015
CV Raman Nagar,1560.0,2,8500000.0,5448.717948717948
CV Raman Nagar,1590.0,3,8500000.0,5345.911949685535
CV Raman Nagar,1100.0,2,5800000.0,5272.727272727273
CV Raman Nagar,1051.0,2,6100000.0,5803.996194100856
CV Raman Nagar,705.0,1,5700000.0,8085.106382978724
CV Raman Nagar,1225.0,2,4788000.0,3908.5714285714284
CV Raman Nagar,1000.0,2,3850000.0,3850.0
CV Raman Nagar,1435.0,3,6000000.0,4181.184668989547
CV Raman Nagar,1020.0,2,5500000.0,5392.156862745098
CV Raman Nagar,1285.0,2,6500000.0,5058.365758754864
CV Raman Nagar,1030.0,2,3500000.0,3398.0582524271845
CV Raman Nagar,1835.0,3,16000000.0,8719.346049046322
CV Raman Nagar,1836.0,3,14800000.0,8061.002178649237
CV Raman Nagar,1040.0,2,5000000.0,4807.692307692308
CV Raman Nagar,1392.0,2,9500000.0,6824.712643678161
CV Raman Nagar,705.0,1,5000000.0,7092.198581560284
CV Raman Nagar,1125.0,2,4600000.0,4088.8888888888887
CV Raman Nagar,1400.0,3,7800000.0,5571.428571428572
CV Raman Nagar,1980.0,3,18000000.0,9090.90909090909
CV Raman Nagar,1980.0,3,16600000.0,8383.838383838383
CV Raman Nagar,907.0,2,3800000.0,4189.636163175303
CV Raman Nagar,1392.0,2,11000000.0,7902.298850574713
CV Raman Nagar,1480.0,3,6500000.0,4391.891891891892
CV Raman Nagar,1227.0,2,4288000.0,3494.702526487368
CV Raman Nagar,1225.0,2,4800000.0,3918.3673469387754
CV Raman Nagar,1659.0,3,13500000.0,8137.4321880651
CV Raman Nagar,1310.0,2,6200000.0,4732.824427480916
Chamrajpet,1475.0,3,12000000.0,8135.593220338983
Chamrajpet,1900.0,4,17000000.0,8947.368421052632
Chamrajpet,1350.0,2,18000000.0,13333.333333333334
Chamrajpet,1050.0,2,16200000.0,15428.57142857143
Chamrajpet,1660.4,4,21100000.0,12707.781257528306
Chamrajpet,505.0,1,8500000.0,16831.68316831683
Chamrajpet,1565.0,3,9891000.0,6320.127795527156
Chamrajpet,730.0,2,5200000.0,7123.287671232877
Chamrajpet,650.0,2,4000000.0,6153.846153846154
Chamrajpet,650.0,2,4500000.0,6923.076923076923
Chamrajpet,1650.0,3,11500000.0,6969.69696969697
Chandapura,650.0,2,1700000.0,2615.3846153846152
Chandapura,645.0,1,1645000.0,2550.3875968992247
Chandapura,800.0,2,2000000.0,2500.0
Chandapura,1015.0,2,2588000.0,2549.753694581281
Chandapura,530.0,1,1166000.0,2200.0
Chandapura,1208.0,3,4500000.0,3725.1655629139073
Chandapura,1190.0,3,3035000.0,2550.4201680672268
Chandapura,1200.0,2,3200000.0,2666.6666666666665
Chandapura,1025.0,2,2768000.0,2700.487804878049
Chandapura,582.5,1,1513500.0,2598.283261802575
Chandapura,1305.0,3,3328000.0,2550.191570881226
Chandapura,1400.0,2,6000000.0,4285.714285714285
Chandapura,1065.0,3,3300000.0,3098.5915492957747
Chandapura,850.0,2,1850000.0,2176.470588235294
Chandapura,1201.0,2,2700000.0,2248.1265611990007
Chandapura,1500.0,2,6000000.0,4000.0
Chandapura,850.0,2,2540000.0,2988.235294117647
Chandapura,590.0,1,1357000.0,2300.0
Chandapura,630.0,1,1386000.0,2200.0
Chandapura,1185.0,3,3022000.0,2550.2109704641352
Chandapura,630.0,2,2700000.0,4285.714285714285
Chandapura,877.0,2,4200000.0,4789.053591790193
Chandapura,1107.0,3,4300000.0,3884.3721770551037
Chandapura,1200.0,2,6000000.0,5000.0
Chandapura,520.0,1,1404000.0,2700.0
Chandapura,1200.0,2,3600000.0,3000.0
Chandapura,975.0,2,2486000.0,2549.74358974359
Chandapura,620.0,1,2700000.0,4354.8387096774195
Chandapura,985.0,2,2512000.0,2550.253807106599
Chandapura,700.0,2,1900000.0,2714.285714285714
Chandapura,1095.0,3,3200000.0,2922.3744292237443
Chandapura,1891.0,4,6616500.000000001,3498.942358540455
Chandapura,4800.0,4,25000000.0,5208.333333333333
Chandapura,1208.51,3,4200000.0,3475.3539482503247
Chandapura,876.0,2,2950000.0,3367.5799086757993
Chandapura,1505.0,3,4200000.0,2790.6976744186045
Chandapura,1162.5,3,3021500.0,2599.1397849462364
Chandapura,937.0,2,3000000.0,3201.7075773745996
Chandapura,800.0,2,2500000.0,3125.0
Chandapura,1200.0,2,6500000.0,5416.666666666667
Chandapura,778.0,2,2529000.0,3250.642673521851
Chandapura,1230.0,3,3137000.0,2550.4065040650407
Chandapura,950.0,2,2565000.0,2700.0
Chandapura,922.0,2,3600000.0,3904.5553145336225
Chandapura,1110.0,3,2997000.0,2700.0
Chandapura,674.0,2,1989999.9999999998,2952.522255192878
Chandapura,1225.0,3,3308000.0,2700.408163265306
Chandapura,1080.0,2,4500000.0,4166.666666666667
Chandapura,450.0,1,900000.0,2000.0
Chandapura,750.0,2,1850000.0,2466.6666666666665
Chandapura,1345.0,3,3950000.0,2936.8029739776953
Chandapura,1033.0,3,3047000.0,2949.6611810261375
Chandapura,971.0,3,3800000.0,3913.491246138002
Chandapura,3300.0,4,13500000.0,4090.909090909091
Chandapura,800.0,2,3000000.0,3750.0
Chandapura,900.0,2,3500000.0,3888.8888888888887
Chandapura,1200.0,3,5200000.0,4333.333333333333
Chandapura,1323.0,3,4200000.0,3174.6031746031745
Chandapura,410.0,1,1000000.0,2439.0243902439024
Chandapura,740.0,2,2200000.0,2972.972972972973
Chandapura,876.0,2,2847000.0,3250.0
Chandapura,1200.0,3,6500000.0,5416.666666666667
Chandapura,1095.0,3,2800000.0,2557.077625570776
Channasandra,1340.0,3,4833000.0,3606.716417910448
Channasandra,1009.0,2,3834000.0000000005,3799.8017839445
Channasandra,1065.0,2,3500000.0,3286.3849765258215
Channasandra,1115.0,2,3345000.0000000005,3000.0000000000005
Channasandra,1030.0,2,3450000.0,3349.5145631067962
Channasandra,4200.0,6,18000000.0,4285.714285714285
Channasandra,1115.0,2,4000000.0,3587.4439461883408
Channasandra,1200.0,3,6777000.0,5647.5
Channasandra,1104.0,2,3550000.0,3215.5797101449275
Channasandra,1160.0,2,5500000.0,4741.379310344828
Channasandra,1050.0,2,4100000.0,3904.7619047619046
Channasandra,1065.0,2,4047000.0,3800.0
Channasandra,1310.0,3,4500000.0,3435.114503816794
Channasandra,1070.0,2,3800000.0,3551.4018691588785
Channasandra,1050.0,2,3500000.0,3333.3333333333335
Channasandra,1093.0,2,3400000.0,3110.704483074108
Channasandra,808.0,2,4000000.0,4950.495049504951
Channasandra,1010.0,2,3600000.0,3564.3564356435645
Channasandra,1123.0,2,3600000.0,3205.699020480855
Channasandra,1000.0,2,3500000.0,3500.0
Channasandra,1330.0,3,5183000.0,3896.9924812030076
Channasandra,1093.0,2,3700000.0,3385.1784080512352
Channasandra,1115.0,2,3579999.9999999995,3210.7623318385645
Channasandra,1500.0,3,6195000.0,4130.0
Channasandra,1800.0,3,6000000.0,3333.3333333333335
Channasandra,830.0,2,3628000.0,4371.084337349397
Channasandra,1195.0,3,5600000.0,4686.192468619247
Channasandra,1175.0,2,3800000.0,3234.0425531914893
Channasandra,1200.0,2,4613000.0,3844.1666666666665
Channasandra,1065.0,2,3600000.0,3380.281690140845
Channasandra,1050.0,2,4441000.0,4229.523809523809
Channasandra,1010.0,2,3200000.0,3168.3168316831684
Chikka Tirupathi,2600.0,4,12000000.0,4615.384615384615
Chikka Tirupathi,2325.0,4,12000000.0,5161.290322580645
Chikka Tirupathi,3356.0,5,10500000.0,3128.7246722288437
Chikka Tirupathi,1808.0,3,8027000.0,4439.712389380531
Chikka Tirupathi,3297.0,3,13500000.0,4094.631483166515
Chikka Tirupathi,3500.0,4,15000000.0,4285.714285714285
Chikka Tirupathi,1616.0,3,9500000.0,5878.712871287129
Chikka Tirupathi,3056.0,4,10000000.0,3272.251308900524
Chikka Tirupathi,2646.0,3,9900000.0,3741.496598639456
Chikka Tirupathi,4500.0,4,15000000.0,3333.3333333333335
Chikka Tirupathi,2704.0,4,10500000.0,3883.1360946745563
Chikka Tirupathi,2325.0,3,9500000.0,4086.021505376344
Chikka Tirupathi,3250.0,4,13600000.0,4184.615384615385
Chikka Tirupathi,2153.0,3,12000000.0,5573.61820715281
Chikka Tirupathi,2665.0,4,12500000.0,4690.431519699812
Chikkabanavar,950.0,2,4000000.0,4210.526315789473
Chikkabanavar,1200.0,1,2000000.0,1666.6666666666667
Chikkabanavar,1600.0,3,8000000.0,5000.0
Chikkabanavar,600.0,2,2500000.0,4166.666666666667
Chikkabanavar,2460.0,4,8000000.0,3252.032520325203
Chikkabanavar,2400.0,5,9700000.0,4041.6666666666665
Chikkabanavar,2000.0,5,6500000.0,3250.0
Chikkabanavar,1067.0,2,3800000.0,3561.3870665417057
Chikkabanavar,1320.0,3,4600000.0,3484.848484848485
Chikkabanavar,4000.0,8,11000000.0,2750.0
Chikkalasandra,1290.0,3,5612000.0,4350.387596899225
Chikkalasandra,1100.0,2,5000000.0,4545.454545454545
Chikkalasandra,1208.0,2,4900000.0,4056.291390728477
Chikkalasandra,1375.0,3,5000000.0,3636.3636363636365
Chikkalasandra,1070.0,2,5000000.0,4672.897196261682
Chikkalasandra,1230.0,2,4800000.0,3902.439024390244
Chikkalasandra,1070.0,2,4280000.0,4000.0
Chikkalasandra,1310.0,3,5240000.0,4000.0
Chikkalasandra,1270.0,3,5525000.0,4350.393700787402
Chikkalasandra,1365.0,3,4900000.0,3589.74358974359
Chikkalasandra,1075.0,2,4676000.0,4349.767441860465
Chikkalasandra,1230.0,3,5351000.0,4350.40650406504
Chikkalasandra,1070.0,2,4548000.0,4250.467289719626
Chikkalasandra,1390.0,3,6047000.0,4350.359712230216
Chikkalasandra,1265.0,3,5312000.0,4199.209486166008
Chikkalasandra,1224.0,2,4500000.0,3676.470588235294
Chikkalasandra,1090.0,2,4742000.0,4350.45871559633
Chikkalasandra,1355.0,3,5420000.0,4000.0
Chikkalasandra,1350.0,3,5420000.0,4014.814814814815
Chikkalasandra,1325.0,2,5900000.0,4452.830188679245
Chikkalasandra,1275.0,3,5546000.0,4349.803921568628
Chikkalasandra,1425.0,3,5400000.0,3789.4736842105262
Choodasandra,1115.0,2,5000000.0,4484.304932735426
Choodasandra,1300.0,2,5700000.0,4384.615384615385
Choodasandra,1530.0,3,7700000.0,5032.679738562091
Choodasandra,1220.0,3,5600000.0,4590.163934426229
Choodasandra,1197.0,2,6300000.0,5263.1578947368425
Choodasandra,1465.0,3,7500000.0,5119.453924914676
Choodasandra,1215.0,2,5900000.0,4855.9670781893
Choodasandra,1254.0,3,6500000.0,5183.413078149921
Choodasandra,1580.0,3,10500000.0,6645.569620253164
Choodasandra,725.0,2,3600000.0,4965.517241379311
Choodasandra,2429.0,4,21000000.0,8645.533141210375
Choodasandra,1075.0,2,4500000.0,4186.046511627907
Choodasandra,1180.0,2,7122000.0,6035.593220338983
Choodasandra,1140.0,2,6200000.0,5438.596491228071
Choodasandra,1560.0,3,7800000.0,5000.0
Choodasandra,1065.0,2,4600000.0,4319.24882629108
Cooke Town,565.0,1,3500000.0,6194.690265486725
Cooke Town,2572.0,3,39000000.0,15163.297045101088
Cooke Town,2043.0,5,37500000.0,18355.359765051395
Cooke Town,3950.0,4,45000000.0,11392.405063291139
Cooke Town,2388.0,3,23900000.0,10008.375209380234
Cooke Town,1500.0,3,9500000.0,6333.333333333333
Cooke Town,1710.0,2,20000000.0,11695.906432748538
Cooke Town,1310.0,2,11100000.0,8473.282442748092
Cooke Town,3900.0,4,41500000.0,10641.02564102564
Cooke Town,2560.0,3,31000000.0,12109.375
Cooke Town,2600.0,3,37500000.0,14423.076923076924
Cooke Town,1700.0,3,12000000.0,7058.823529411765
Cooke Town,1100.0,2,9000000.0,8181.818181818182
Cooke Town,2300.0,3,25000000.0,10869.565217391304
Cooke Town,1850.0,3,11000000.0,5945.945945945946
Cooke Town,1600.0,3,26000000.0,16250.0
Cox Town,1975.0,3,15000000.0,7594.93670886076
Cox Town,605.0,1,2900000.0,4793.388429752066
Cox Town,1650.0,3,10000000.0,6060.606060606061
Cox Town,1730.0,3,14000000.0,8092.485549132948
Cox Town,1600.0,3,15000000.0,9375.0
Cox Town,1250.0,2,9500000.0,7600.0
Cox Town,1280.0,2,12000000.0,9375.0
Cox Town,1073.0,2,7200000.0,6710.158434296365
Cox Town,1000.0,2,5800000.0,5800.0
Cox Town,1200.0,2,14000000.0,11666.666666666666
Cunningham Road,5270.0,4,125000000.0,23719.165085388995
Cunningham Road,3875.0,3,86400000.0,22296.774193548386
Cunningham Road,3875.0,3,80000000.0,20645.16129032258
Cunningham Road,3815.0,3,76300000.0,20000.0
Cunningham Road,2880.0,3,50100000.0,17395.833333333332
Cunningham Road,3489.0,3,66200000.0,18973.91802808828
Cunningham Road,4170.0,3,80000000.0,19184.65227817746
Cunningham Road,5108.0,4,99500000.0,19479.24823805795
Cunningham Road,2700.0,3,50100000.0,18555.555555555555
Cunningham Road,7500.0,4,180000000.0,24000.0
Cunningham Road,2880.0,3,56000000.0,19444.444444444445
Dairy Circle,1855.0,3,22500000.0,12129.380053908355
Dairy Circle,1980.0,3,22400000.0,11313.131313131313
Dairy Circle,3730.0,4,45000000.0,12064.343163538873
Dairy Circle,3754.0,4,43000000.0,11454.448588172616
Dairy Circle,3754.0,4,48000000.0,12786.361214704315
Dairy Circle,1541.0,2,18100000.0,11745.619727449708
Dairy Circle,2735.0,3,34000000.0,12431.44424131627
Dairy Circle,3730.0,4,43000000.0,11528.150134048257
Dasanapura,708.0,2,3700000.0,5225.988700564972
Dasanapura,708.0,2,4000000.0,5649.717514124294
Dasanapura,965.0,2,4250000.0,4404.145077720207
Dasanapura,1286.0,3,6144000.0,4777.604976671851
Dasanapura,1500.0,2,6500000.0,4333.333333333333
Dasanapura,708.0,1,2832000.0,4000.0
Dasanapura,814.0,2,4200000.0,5159.7051597051595
Dasanapura,1163.0,2,6500000.0,5588.993981083405
Dasanapura,2400.0,4,10000000.0,4166.666666666667
Dasanapura,1286.0,3,6800000.0,5287.713841368584
Dasanapura,708.0,2,3115000.0,4399.717514124294
Dasanapura,814.0,2,5300000.0,6511.056511056511
Dasanapura,966.0,2,5800000.0,6004.140786749483
Dasanapura,708.0,1,4100000.0,5790.960451977401
Dasanapura,814.0,2,4370000.0,5368.550368550368
Dasarahalli,1295.0,2,6500000.0,5019.305019305019
Dasarahalli,1520.0,3,7500000.0,4934.210526315789
Dasarahalli,1300.0,2,5500000.0,4230.7692307692305
Dasarahalli,1901.0,3,11900000.0,6259.863229879011
Dasarahalli,1150.0,2,7000000.0,6086.95652173913
Dasarahalli,2400.0,7,15000000.0,6250.0
Dasarahalli,2100.0,3,12000000.0,5714.285714285715
Dasarahalli,1300.0,2,5000000.0,3846.153846153846
Dasarahalli,2400.0,3,15200000.0,6333.333333333333
Dasarahalli,1220.0,2,5200000.0,4262.295081967213
Dasarahalli,1375.0,2,6000000.0,4363.636363636364
Dasarahalli,1950.0,3,12500000.0,6410.25641025641
Dasarahalli,1333.0,2,8665000.0,6500.375093773443
Dasarahalli,1333.0,2,7856000.0,5893.473368342085
Dasarahalli,1220.0,2,6200000.0,5081.9672131147545
Dasarahalli,1200.0,2,4200000.0,3500.0
Dasarahalli,1160.0,2,4900000.0,4224.137931034483
Devanahalli,3210.0,4,19200000.0,5981.308411214954
Devanahalli,1260.0,2,6678000.0,5300.0
Devanahalli,1282.0,3,6852000.0,5344.773790951638
Devanahalli,1360.0,2,6500000.0,4779.411764705882
Devanahalli,1630.0,3,7481999.999999999,4590.184049079754
Devanahalli,1408.0,2,8500000.0,6036.931818181818
Devanahalli,1010.0,2,5100000.0,5049.504950495049
Devanahalli,1080.0,2,5335000.0,4939.814814814815
Devanahalli,2400.0,5,10000000.0,4166.666666666667
Devanahalli,1080.0,2,4400000.0,4074.074074074074
Devanahalli,1282.0,3,5243000.0,4089.703588143526
Devanahalli,1174.0,2,5900000.0,5025.553662691653
Devanahalli,3752.5,2,17711500.0,4719.920053297801
Devanahalli,658.0,1,3400000.0,5167.173252279636
Devanahalli,658.0,1,2691000.0,4089.665653495441
Devanahalli,698.5,1,2857000.0,4090.1932712956336
Devanahalli,1080.0,2,5200000.0,4814.814814814815
Devanahalli,1700.0,3,8820000.0,5188.235294117647
Devanahalli,1498.0,3,7915000.000000001,5283.711615487317
Devanahalli,1466.0,3,7759000.0,5292.633015006822
Devanahalli,775.0,1,3900000.0,5032.258064516129
Devanahalli,1020.0,1,4987000.0,4889.21568627451
Devanahalli,1045.0,2,4800000.0,4593.301435406698
Devanahalli,1550.0,3,8500000.0,5483.870967741936
Devanahalli,1200.0,3,5508000.0,4590.0
Devanahalli,1340.0,2,6500000.0,4850.746268656716
Devanahalli,2125.0,3,10700000.0,5035.294117647059
Devanahalli,1230.0,2,5645000.0,4589.430894308943
Devanahalli,1360.0,2,6242500.0,4590.073529411765
Devanahalli,1290.0,3,6200000.0,4806.201550387597
Devanahalli,1010.0,2,5800000.0,5742.574257425743
Devanahalli,1466.0,3,5996000.0,4090.0409276944065
Devanahalli,1520.0,3,6976000.000000001,4589.473684210527
Devanahalli,1075.0,1,5257000.0,4890.232558139535
Dodda Nekkundi,1260.0,2,5500000.0,4365.079365079365
Dodda Nekkundi,850.0,2,2800000.0,3294.1176470588234
Dodda Nekkundi,1390.0,2,6000000.0,4316.546762589928
Dodda Nekkundi,1804.0,3,12100000.0,6707.317073170731
Dodda Nekkundi,1080.0,2,5000000.0,4629.62962962963
Dodda Nekkundi,1999.0,3,13200000.0,6603.301650825412
Dodda Nekkundi,1100.0,2,4800000.0,4363.636363636364
Dodda Nekkundi,1999.0,3,13500000.0,6753.376688344172
Dodda Nekkundi,1100.0,2,4115000.0,3740.909090909091
Dodda Nekkundi,1252.0,3,7100000.0,5670.926517571885
Dodda Nekkundi,1155.0,2,4600000.0,3982.683982683983
Dodda Nekkundi,1128.0,2,4500000.0,3989.3617021276596
Dodda Nekkundi,1148.0,2,5600000.0,4878.048780487805
Dodda Nekkundi,1435.0,3,5720000.0,3986.062717770035
Dodda Nekkundi,1145.0,2,4650000.0,4061.1353711790393
Dodda Nekkundi,1829.0,3,12500000.0,6834.3357025697105
Dodda Nekkundi,1100.0,2,4115999.9999999995,3741.8181818181815
Dodda Nekkundi,1100.0,2,4675000.0,4250.0
Dodda Nekkundi,1315.0,2,5000000.0,3802.2813688212927
Dodda Nekkundi,1135.0,2,5800000.0,5110.132158590309
Dodda Nekkundi,1100.0,2,4118000.0,3743.6363636363635
Dodda Nekkundi,1370.0,2,6000000.0,4379.56204379562
Dodda Nekkundi,1200.0,2,7100000.0,5916.666666666667
Dodda Nekkundi,1585.0,3,7900000.0,4984.22712933754
Dodda Nekkundi,1005.0,2,4500000.0,4477.611940298508
Dodda Nekkundi,1264.0,2,5200000.0,4113.9240506329115
Doddaballapur,1690.0,4,8000000.0,4733.7278106508875
Doddaballapur,3000.0,3,12000000.0,4000.0
Doddaballapur,4200.0,4,32500000.0,7738.0952380952385
Doddaballapur,3876.0,3,30000000.0,7739.938080495356
Doddaballapur,2776.0,3,19500000.0,7024.495677233429
Doddaballapur,1286.0,3,4800000.0,3732.5038880248835
Doddaballapur,640.0,2,1050000.0,1640.625
Doddaballapur,2400.0,3,25000000.0,10416.666666666666
Doddaballapur,2440.0,3,14200000.0,5819.672131147541
Doddaballapur,2400.0,4,20000000.0,8333.333333333334
Doddaballapur,654.0,1,4900000.0,7492.354740061162
Doddaballapur,3206.0,4,27000000.0,8421.70929507174
Doddakallasandra,1010.0,2,4039000.0,3999.009900990099
Doddakallasandra,1360.0,3,5439000.0,3999.264705882353
Doddakallasandra,1460.0,3,5839000.0,3999.3150684931506
Doddakallasandra,1360.0,3,5440000.0,4000.0
Doddakallasandra,1425.0,3,5699000.0,3999.2982456140353
Doddakallasandra,1072.0,2,4287000.0,3999.0671641791046
Doddakallasandra,1010.0,2,4040000.0,4000.0
Doddathoguru,970.0,2,3300000.0,3402.061855670103
Doddathoguru,1100.0,2,6200000.0,5636.363636363636
Doddathoguru,1050.0,2,3200000.0,3047.6190476190477
Doddathoguru,850.0,2,2500000.0,2941.176470588235
Doddathoguru,1200.0,2,7500000.0,6250.0
Doddathoguru,1030.0,2,4200000.0,4077.669902912621
Doddathoguru,1549.0,3,6500000.0,4196.255648805681
Doddathoguru,1875.0,3,5500000.0,2933.3333333333335
Doddathoguru,984.0,2,5100000.0,5182.926829268293
Doddathoguru,550.0,1,1700000.0,3090.909090909091
Doddathoguru,1015.0,2,3350000.0,3300.4926108374384
Doddathoguru,1104.0,2,3900000.0,3532.608695652174
Doddathoguru,915.0,2,3200000.0,3497.2677595628415
Doddathoguru,1140.0,2,3200000.0,2807.0175438596493
Doddathoguru,750.0,1,2550000.0,3400.0
Doddathoguru,1595.0,3,6200000.0,3887.1473354231975
Doddathoguru,855.0,2,3200000.0,3742.690058479532
Doddathoguru,1105.0,2,5000000.0,4524.886877828054
Doddathoguru,925.0,2,3000000.0,3243.2432432432433
Doddathoguru,1300.0,3,4200000.0,3230.769230769231
Doddathoguru,1140.0,2,2649000.0,2323.684210526316
Doddathoguru,1208.0,3,4500000.0,3725.1655629139073
Doddathoguru,1100.0,2,5000000.0,4545.454545454545
Doddathoguru,940.0,2,3290000.0,3500.0
Doddathoguru,1382.0,3,6500000.0,4703.328509406657
Doddathoguru,964.0,2,6200000.0,6431.535269709543
Doddathoguru,1107.0,2,4400000.0,3974.706413730804
Doddathoguru,907.0,2,4000000.0,4410.143329658214
Doddathoguru,1783.0,3,8500000.0,4767.246214245653
Dodsworth Layout,30000.0,4,210000000.0,7000.0
Dodsworth Layout,1400.0,2,8000000.0,5714.285714285715
Dodsworth Layout,1717.0,3,9900000.0,5765.87070471753
Dodsworth Layout,1594.0,3,9900000.0,6210.790464240903
Dodsworth Layout,1893.0,3,11500000.0,6075.0132065504495
Dodsworth Layout,1400.0,2,8500000.0,6071.428571428572
Dodsworth Layout,1340.0,2,7100000.0,5298.507462686567
Dodsworth Layout,30400.0,6,182400000.0,6000.0
Domlur,1540.0,3,9000000.0,5844.1558441558445
Domlur,1875.0,3,15000000.0,8000.0
Domlur,1429.0,3,8600000.0,6018.194541637508
Domlur,640.0,1,5500000.0,8593.75
Domlur,1050.0,2,8500000.0,8095.238095238095
Domlur,1800.0,3,15000000.0,8333.333333333334
Domlur,1720.0,3,13500000.0,7848.837209302325
Domlur,1950.0,3,16500000.0,8461.538461538461
Domlur,2180.0,3,28500000.0,13073.394495412844
Domlur,650.0,1,7000000.0,10769.23076923077
Domlur,780.0,1,7000000.0,8974.358974358975
Domlur,1740.0,3,12000000.0,6896.551724137931
Domlur,1695.0,3,12500000.0,7374.6312684365785
Domlur,1246.0,2,9500000.0,7624.398073836276
Domlur,2100.0,3,14500000.0,6904.761904761905
Domlur,1276.0,2,8000000.0,6269.592476489028
Domlur,1850.0,3,18000000.0,9729.72972972973
Domlur,2955.0,3,23500000.0,7952.622673434857
Domlur,1650.0,3,18000000.0,10909.09090909091
Dommasandra,805.0,2,2214000.0,2750.3105590062114
Dommasandra,1033.0,3,2553000.0,2471.4424007744433
Dommasandra,1267.0,3,5600000.0,4419.889502762431
Dommasandra,1200.0,2,5000000.0,4166.666666666667
Dommasandra,2700.0,4,6800000.0,2518.5185185185187
Dommasandra,1033.0,3,3150000.0,3049.3707647628266
Dommasandra,1153.0,2,4350000.0,3772.7666955767563
Dommasandra,1500.0,2,4000000.0,2666.6666666666665
Dommasandra,1090.0,2,4350000.0,3990.8256880733943
Dommasandra,850.0,2,2540000.0,2988.235294117647
Dommasandra,674.0,2,1989999.9999999998,2952.522255192878
Dommasandra,999.0,2,3290000.0,3293.293293293293
EPIP Zone,1499.0,3,10200000.0,6804.536357571715
EPIP Zone,1285.0,2,8200000.0,6381.322957198444
EPIP Zone,2330.0,3,16200000.0,6952.789699570815
EPIP Zone,1330.0,2,9250000.0,6954.887218045113
EPIP Zone,1330.0,2,8698000.0,6539.849624060151
EPIP Zone,1330.0,2,9336000.0,7019.548872180451
EPIP Zone,3035.0,4,20000000.0,6589.785831960461
EPIP Zone,1500.0,3,10200000.0,6800.0
EPIP Zone,1125.0,2,6500000.0,5777.777777777777
EPIP Zone,1734.0,3,12500000.0,7208.76585928489
EPIP Zone,3360.0,4,22500000.0,6696.428571428572
EPIP Zone,1343.0,2,8600000.0,6403.574087862993
EPIP Zone,2350.0,3,16300000.0,6936.170212765957
EPIP Zone,1860.0,3,13000000.0,6989.247311827957
EPIP Zone,2210.0,3,16500000.0,7466.06334841629
EPIP Zone,2710.0,3,17700000.0,6531.365313653137
EPIP Zone,3360.0,4,22100000.0,6577.380952380952
Electronic City,660.0,2,2310000.0,3500.0
Electronic City,1025.0,3,4700000.0,4585.365853658536
Electronic City,1000.0,2,2888000.0,2888.0
Electronic City,1530.0,3,4590000.0,3000.0
Electronic City,880.0,2,1650000.0,1875.0
Electronic City,1500.0,3,6450000.0,4300.0
Electronic City,1060.0,2,6000000.0,5660.377358490566
Electronic City,1152.0,2,6450000.0,5598.958333333333
Electronic City,1350.0,3,5600000.0,4148.148148148148
Electronic City,770.0,2,3600000.0,4675.324675324675
Electronic City,1070.0,2,5200000.0,4859.813084112149
Electronic City,1025.0,2,4600000.0,4487.804878048781
Electronic City,589.0,1,2700000.0,4584.040747028863
Electronic City,1100.0,2,4200000.0,3818.181818181818
Electronic City,1200.0,3,9000000.0,7500.0
Electronic City,910.0,2,4000000.0,4395.604395604396
Electronic City,1108.0,2,6300000.0,5685.9205776173285
Electronic City,1128.0,2,6500000.0,5762.41134751773
Electronic City,1800.0,3,9500000.0,5277.777777777777
Electronic City,630.0,1,3465000.0,5500.0
Electronic City,1128.0,2,6300000.0,5585.106382978724
Electronic City,1599.0,3,12500000.0,7817.385866166354
Electronic City,1599.0,3,9900000.0,6191.369606003753
Electronic City,1125.0,2,3249000.0,2888.0
Electronic City,1094.0,2,4200000.0,3839.1224862888484
Electronic City,1070.0,2,5500000.0,5140.186915887851
Electronic City,940.0,2,4100000.0,4361.702127659574
Electronic City,1320.0,3,3813000.0000000005,2888.636363636364
Electronic City,1128.0,2,6875000.0,6094.858156028369
Electronic City,1342.0,2,7330000.0,5461.997019374068
Electronic City,1360.0,3,7100000.0,5220.588235294118
Electronic City,880.0,2,2900000.0,3295.4545454545455
Electronic City,1265.0,2,5693000.0,4500.395256916996
Electronic City,1691.0,3,10200000.0,6031.933767001774
Electronic City,1128.0,2,6548999.999999999,5805.851063829787
Electronic City,1620.0,3,6200000.0,3827.1604938271603
Electronic City,710.0,2,1600000.0,2253.521126760563
Electronic City,1070.0,2,5610000.0,5242.990654205608
Electronic City,2000.0,4,12000000.0,6000.0
Electronic City,890.0,2,4500000.0,5056.179775280899
Electronic City,1128.0,2,6565000.000000001,5820.035460992909
Electronic City,865.0,2,4200000.0,4855.491329479769
Electronic City,1130.0,2,3264000.0,2888.495575221239
Electronic City,910.0,2,4200000.0,4615.384615384615
Electronic City,975.0,2,3750000.0,3846.153846153846
Electronic City,1360.0,3,7500000.0,5514.705882352941
Electronic City,770.0,2,4000000.0,5194.805194805195
Electronic City,1128.0,2,6400000.0,5673.758865248227
Electronic City,1070.0,2,5400000.0,5046.728971962617
Electronic City,1025.0,2,2960000.0,2887.8048780487807
Electronic City,1571.0,3,8900000.0,5665.1814131126675
Electronic City,1111.0,3,5000000.0,4500.450045004501
Electronic City,870.0,2,3950000.0,4540.229885057472
Electronic City,630.0,1,4700000.0,7460.31746031746
Electronic City,921.0,2,3400000.0,3691.6395222584147
Electronic City,1374.0,3,7200000.0,5240.174672489083
Electronic City,1100.0,2,4500000.0,4090.909090909091
Electronic City,1128.0,2,6534999.999999999,5793.439716312056
Electronic City,755.0,2,3400000.0,4503.311258278146
Electronic City,1220.0,3,3524000.0,2888.5245901639346
Electronic City,4000.0,4,15000000.0,3750.0
Electronic City,1100.0,2,4000000.0,3636.3636363636365
Electronic City,1563.0,3,9184000.0,5875.879718490083
Electronic City,1652.0,3,7000000.0,4237.28813559322
Electronic City,1000.0,2,2200000.0,2200.0
Electronic City,1025.0,2,5450000.0,5317.073170731707
Electronic City,1070.0,2,4600000.0,4299.065420560748
Electronic City,1350.0,3,5800000.0,4296.2962962962965
Electronic City,1000.0,2,2500000.0,2500.0
Electronic City,1020.0,2,2946000.0,2888.235294117647
Electronic City,1700.0,3,7500000.0,4411.764705882353
Electronic City,1400.0,3,4800000.0,3428.5714285714284
Electronic City,1128.0,2,6800000.0,6028.368794326241
Electronic City,700.0,1,3500000.0,5000.0
Electronic City,1360.0,3,7050000.0,5183.823529411765
Electronic City,1150.0,2,3800000.0,3304.3478260869565
Electronic City,1571.0,3,10500000.0,6683.64099299809
Electronic City,1090.0,2,3149000.0,2888.9908256880735
Electronic City,1089.0,2,4500000.0,4132.231404958678
Electronic City,1110.0,2,4000000.0,3603.6036036036035
Electronic City,1600.0,3,10400000.0,6500.0
Electronic City,1130.0,2,3263000.0000000005,2887.610619469027
Electronic City,1500.0,3,10000000.0,6666.666666666667
Electronic City,1440.0,3,5500000.0,3819.4444444444443
Electronic City,1156.0,3,4400000.0,3806.2283737024222
Electronic City,1400.0,3,4044000.0,2888.5714285714284
Electronic City,1152.0,2,6500000.0,5642.361111111111
Electronic City,1070.0,2,6000000.0,5607.476635514019
Electronic City,1128.0,2,6550000.0,5806.737588652482
Electronic City,1200.0,2,5900000.0,4916.666666666667
Electronic City,1152.0,2,6575000.0,5707.465277777777
Electronic City,1225.0,3,4503000.0,3675.918367346939
Electronic City,1060.0,2,5800000.0,5471.698113207547
Electronic City,1025.0,2,5410000.0,5278.048780487805
Electronic City,1105.0,3,3500000.0,3167.420814479638
Electronic City,660.0,2,1800000.0,2727.2727272727275
Electronic City,660.0,2,1500000.0,2272.7272727272725
Electronic City,1000.0,2,4100000.0,4100.0
Electronic City,1500.0,3,7800000.0,5200.0
Electronic City,1213.0,2,5932000.0,4890.35449299258
Electronic City,1575.0,3,9000000.0,5714.285714285715
Electronic City,1449.0,3,10000000.0,6901.311249137336
Electronic City,1310.0,3,3783000.0,2887.7862595419847
Electronic City,1125.0,2,5800000.0,5155.555555555556
Electronic City,1090.0,2,3503000.0,3213.761467889908
Electronic City,1575.0,3,10100000.0,6412.6984126984125
Electronic City,660.0,2,1600000.0,2424.242424242424
Electronic City,550.0,1,1200000.0,2181.818181818182
Electronic City,919.0,2,4000000.0,4352.557127312296
Electronic City,1500.0,3,7825000.0,5216.666666666667
Electronic City,1363.0,2,7900000.0,5796.038151137197
Electronic City,1156.0,2,4200000.0,3633.2179930795846
Electronic City,1108.0,2,6715000.000000001,6060.469314079423
Electronic City,1160.0,2,3350000.0,2887.9310344827586
Electronic City,1128.0,2,6570000.0,5824.468085106383
Electronic City,1170.0,2,3300000.0,2820.5128205128203
Electronic City,1060.0,2,5100000.0,4811.320754716981
Electronic City,1410.0,3,3800000.0,2695.0354609929077
Electronic City,1650.0,3,10000000.0,6060.606060606061
Electronic City,1020.0,2,2945000.0,2887.2549019607845
Electronic City,1025.0,2,4900000.0,4780.487804878048
Electronic City,1000.0,2,2970000.0,2970.0
Electronic City,1449.0,3,9000000.0,6211.180124223602
Electronic City,1065.0,2,3075000.0,2887.323943661972
Electronic City,1070.0,2,5800000.0,5420.560747663551
Electronic City,1210.0,2,5400000.0,4462.809917355372
Electronic City,1500.0,3,7500000.0,5000.0
Electronic City,1033.0,3,2841000.0,2750.242013552759
Electronic City,2435.0,4,11900000.0,4887.063655030801
Electronic City,660.0,2,1550000.0,2348.4848484848485
Electronic City,1125.0,2,3250000.0,2888.8888888888887
Electronic City,1165.0,2,3364000.0,2887.5536480686696
Electronic City,919.0,2,3400000.0,3699.6735582154515
Electronic City,1073.0,2,6000000.0,5591.798695246971
Electronic City,1070.0,2,4700000.0,4392.523364485981
Electronic City,1210.0,2,2500000.0,2066.115702479339
Electronic City,1296.0,2,6500000.0,5015.432098765432
Electronic City,1140.0,2,7093000.000000001,6221.9298245614045
Electronic City,1200.0,2,3465000.0,2887.5
Electronic City,1096.0,2,4054999.9999999995,3699.8175182481746
Electronic City,1017.0,2,2700000.0,2654.8672566371683
Electronic City,1110.0,2,3995000.0000000005,3599.0990990990995
Electronic City,2093.0,4,10400000.0,4968.944099378882
Electronic City,1025.0,2,5390000.0,5258.536585365854
Electronic City,940.0,2,5400000.0,5744.68085106383
Electronic City,435.0,1,2100000.0,4827.586206896552
Electronic City,1500.0,3,7750000.0,5166.666666666667
Electronic City,1631.0,3,8000000.0,4904.9662783568365
Electronic City,1355.0,2,6700000.0,4944.649446494465
Electronic City,1200.0,2,3400000.0,2833.3333333333335
Electronic City,1175.0,2,4700000.0,4000.0
Electronic City,435.0,1,2200000.0,5057.471264367816
Electronic City,1500.0,3,6300000.0,4200.0
Electronic City,1039.0,2,5000000.0,4812.319538017325
Electronic City,770.0,2,3990000.0,5181.818181818182
Electronic City,919.0,2,3500000.0,3808.487486398259
Electronic City,605.0,1,1331000.0,2200.0
Electronic City,1159.0,3,3800000.0,3278.688524590164
Electronic City,530.0,1,1350000.0,2547.169811320755
Electronic City,1070.0,2,5300000.0,4953.271028037383
Electronic City,1025.0,2,2663000.0,2598.048780487805
Electronic City,2400.0,3,7800000.0,3250.0
Electronic City,1571.0,3,8300000.0,5283.259070655633
Electronic City,1470.0,3,4410000.0,3000.0
Electronic City,1350.0,3,6600000.0,4888.888888888889
Electronic City,1652.0,3,11000000.0,6658.595641646489
Electronic City,1320.0,3,3811999.9999999995,2887.8787878787875
Electronic City,1090.0,2,3148000.0,2888.0733944954127
Electronic City,1050.0,3,3900000.0,3714.285714285714
Electronic City,1128.0,2,6558000.0,5813.829787234043
Electronic City,1355.0,2,9760000.0,7202.952029520296
Electronic City,635.0,1,2800000.0,4409.4488188976375
Electronic City,1128.0,2,6540000.000000001,5797.8723404255325
Electronic City,1096.0,2,3900000.0,3558.394160583942
Electronic City,1355.0,2,7290000.000000001,5380.073800738008
Electronic City,1200.0,2,3000000.0,2500.0
Electronic City,1200.0,2,2000000.0,1666.6666666666667
Electronic City,1150.0,2,3500000.0,3043.478260869565
Electronic City,1609.0,3,11500000.0,7147.296457426974
Electronic City,770.0,2,3500000.0,4545.454545454545
Electronic City,865.0,2,4000000.0,4624.277456647399
Electronic City,800.0,2,3200000.0,4000.0
Electronic City,970.0,2,3400000.0,3505.1546391752577
Electronic City,630.0,1,4050000.0,6428.571428571428
Electronic City,1100.0,2,4100000.0,3727.2727272727275
Electronic City,975.0,2,3200000.0,3282.051282051282
Electronic City,605.0,1,2200000.0,3636.3636363636365
Electronic City,1142.0,2,3500000.0,3064.7985989492117
Electronic City,1070.0,2,4800000.0,4485.981308411215
Electronic City,1160.0,3,4200000.0,3620.689655172414
Electronic City,1360.0,3,7000000.0,5147.058823529412
Electronic City,1128.0,2,6545000.0,5802.304964539007
Electronic City,890.0,2,4000000.0,4494.38202247191
Electronic City,1127.0,2,3200000.0,2839.396628216504
Electronic City,825.0,2,3500000.0,4242.424242424242
Electronic City,1200.0,2,4050000.0,3375.0
Electronic City,1360.0,3,5800000.0,4264.705882352941
Electronic City,630.0,1,4600000.0,7301.587301587301
Electronic City,1400.0,3,4045000.0000000005,2889.2857142857147
Electronic City,1065.0,2,3076000.0,2888.262910798122
Electronic City,630.0,1,3370000.0000000005,5349.20634920635
Electronic City,1025.0,2,2961000.0,2888.7804878048782
Electronic City,660.0,2,1650000.0,2500.0
Electronic City,1400.0,3,9000000.0,6428.571428571428
Electronic City,1287.0,3,5500000.0,4273.504273504273
Electronic City,1258.0,2,8550000.0,6796.502384737679
Electronic City,1386.0,2,8500000.0,6132.7561327561325
Electronic City,1025.0,2,5000000.0,4878.048780487805
Electronic City,1140.0,2,3384000.0000000005,2968.421052631579
Electronic City,1342.0,2,7200000.0,5365.126676602086
Electronic City,1275.0,3,7000000.0,5490.196078431372
Electronic City,770.0,2,3800000.0,4935.064935064935
Electronic City,1005.0,2,3977000.0000000005,3957.213930348259
Electronic City,1110.0,2,3990000.0,3594.5945945945946
Electronic City,660.0,2,2300000.0,3484.848484848485
Electronic City,1644.0,3,9259000.0,5631.995133819952
Electronic City,1250.0,2,6200000.0,4960.0
Electronic City,1020.0,2,3027000.0,2967.6470588235293
Electronic City,418.0,1,1200000.0,2870.813397129187
Electronic City,1128.0,2,6480000.0,5744.68085106383
Electronic City,1220.0,3,3525000.0,2889.344262295082
Electronic City,1220.0,3,3522999.9999999995,2887.7049180327863
Electronic City,1060.0,2,5500000.0,5188.679245283019
Electronic City,710.0,1,4042000.0,5692.957746478874
Electronic City,1000.0,2,2995000.0,2995.0
Electronic City,870.0,2,2400000.0,2758.6206896551726
Electronic City,1275.0,3,6343000.0,4974.901960784314
Electronic City,1518.0,3,7500000.0,4940.711462450593
Electronic City,1090.0,1,3148000.0,2888.0733944954127
Electronic City,1140.0,2,3292000.0,2887.719298245614
Electronic City,1200.0,2,3465999.9999999995,2888.333333333333
Electronic City,1353.0,2,7500000.0,5543.2372505543235
Electronic City,1128.0,2,6700000.0,5939.7163120567375
Electronic City,1070.0,2,5700000.0,5327.102803738318
Electronic City,1700.0,3,9000000.0,5294.117647058823
Electronic City,1521.0,3,5750000.0,3780.4076265614726
Electronic City,750.0,1,3500000.0,4666.666666666667
Electronic City,1210.0,2,5500000.0,4545.454545454545
Electronic City,1190.0,2,4200000.0,3529.4117647058824
Electronic City,880.0,2,1900000.0,2159.090909090909
Electronic City,1150.0,2,3808000.0,3311.304347826087
Electronic City,1615.0,3,9700000.0,6006.1919504643965
Electronic City,1165.0,2,3365000.0,2888.412017167382
Electronic City,1221.0,2,6800000.0,5569.205569205569
Electronic City,970.0,2,3500000.0,3608.2474226804125
Electronic City,1500.0,3,7300000.0,4866.666666666667
Electronic City,995.0,2,4800000.0,4824.120603015075
Electronic City,1342.0,2,9000000.0,6706.408345752608
Electronic City,1128.0,2,6350000.0,5629.432624113475
Electronic City,589.0,1,2900000.0,4923.599320882852
Electronic City,1125.0,2,2813000.0,2500.4444444444443
Electronic City,825.0,2,3000000.0,3636.3636363636365
Electronic City,1575.0,3,9450000.0,6000.0
Electronic City,1025.0,2,5400000.0,5268.292682926829
Electronic City,1500.0,3,7000000.0,4666.666666666667
Electronic City,1140.0,2,3293000.0,2888.59649122807
Electronic City,2093.0,4,13400000.0,6402.293358815098
Electronic City,750.0,2,1950000.0,2600.0
Electronic City,1355.0,2,7300000.0,5387.453874538745
Electronic City,1360.0,3,6498999.999999999,4778.676470588234
Electronic City,1060.0,2,5200000.0,4905.66037735849
Electronic City Phase II,1056.0,2,3907000.0,3699.810606060606
Electronic City Phase II,1020.0,2,3060000.0,3000.0
Electronic City Phase II,1069.0,2,4500000.0,4209.541627689429
Electronic City Phase II,630.0,1,2835000.0,4500.0
Electronic City Phase II,1220.0,3,3522999.9999999995,2887.7049180327863
Electronic City Phase II,1000.0,2,2500000.0,2500.0
Electronic City Phase II,1090.0,2,2834000.0,2600.0
Electronic City Phase II,2225.0,4,9888000.0,4444.044943820225
Electronic City Phase II,630.0,1,4000000.0,6349.206349206349
Electronic City Phase II,2400.0,2,15000000.0,6250.0
Electronic City Phase II,1400.0,3,4043000.0,2887.8571428571427
Electronic City Phase II,775.0,2,3800000.0,4903.225806451613
Electronic City Phase II,1266.0,2,5900000.0,4660.347551342812
Electronic City Phase II,1000.0,2,2888000.0,2888.0
Electronic City Phase II,1320.0,3,3813000.0000000005,2888.636363636364
Electronic City Phase II,972.0,2,4400000.0,4526.748971193416
Electronic City Phase II,1031.0,2,5500000.0,5334.62657613967
Electronic City Phase II,1003.0,2,4060000.0,4047.8564307078764
Electronic City Phase II,1031.0,2,5635000.0,5465.56741028128
Electronic City Phase II,1320.0,3,3811999.9999999995,2887.8787878787875
Electronic City Phase II,1205.0,2,7500000.0,6224.066390041494
Electronic City Phase II,1395.0,3,6278000.0,4500.358422939068
Electronic City Phase II,1160.0,2,3350000.0,2887.9310344827586
Electronic City Phase II,1065.0,2,3075000.0,2887.323943661972
Electronic City Phase II,1219.0,2,6125000.0,5024.610336341263
Electronic City Phase II,1400.0,3,4158000.0,2970.0
Electronic City Phase II,1790.0,3,10000000.0,5586.592178770949
Electronic City Phase II,769.0,2,4000000.0,5201.560468140442
Electronic City Phase II,900.0,2,3250000.0,3611.1111111111113
Electronic City Phase II,1329.0,3,4100000.0,3085.0263355906695
Electronic City Phase II,993.0,3,5000000.0,5035.246727089628
Electronic City Phase II,1418.0,3,5247000.0,3700.2820874471086
Electronic City Phase II,1070.0,2,4500000.0,4205.607476635514
Electronic City Phase II,1310.0,3,3275000.0,2500.0
Electronic City Phase II,1310.0,3,3783000.0,2887.7862595419847
Electronic City Phase II,1140.0,2,3306000.0,2900.0
Electronic City Phase II,1089.0,2,3267000.0,3000.0
Electronic City Phase II,1253.0,2,6580000.0,5251.3966480446925
Electronic City Phase II,1400.0,3,4044000.0,2888.5714285714284
Electronic City Phase II,975.0,3,4500000.0,4615.384615384615
Electronic City Phase II,6000.0,4,26000000.0,4333.333333333333
Electronic City Phase II,1116.0,2,3700000.0,3315.4121863799282
Electronic City Phase II,1125.0,2,2925000.0,2600.0
Electronic City Phase II,1165.0,2,3029000.0,2600.0
Electronic City Phase II,3550.0,4,16750000.0,4718.30985915493
Electronic City Phase II,1031.0,2,5300000.0,5140.640155189137
Electronic City Phase II,1611.0,3,4833000.0,3000.0
Electronic City Phase II,1065.0,2,3088000.0,2899.5305164319248
Electronic City Phase II,1220.0,3,3660000.0,3000.0
Electronic City Phase II,1549.0,3,8000000.0,5164.622336991608
Electronic City Phase II,1065.0,2,5613000.0,5270.422535211268
Electronic City Phase II,920.0,2,2600000.0,2826.086956521739
Electronic City Phase II,1140.0,2,3384000.0000000005,2968.421052631579
Electronic City Phase II,1219.0,2,6126000.0,5025.430680885972
Electronic City Phase II,1252.0,3,6500000.0,5191.693290734825
Electronic City Phase II,1125.0,2,3249000.0,2888.0
Electronic City Phase II,1286.0,2,6900000.0,5365.47433903577
Electronic City Phase II,1220.0,3,3621000.0,2968.032786885246
Electronic City Phase II,1140.0,2,3292000.0,2887.719298245614
Electronic City Phase II,1116.0,2,4000000.0,3584.2293906810037
Electronic City Phase II,1150.0,3,4600000.0,4000.0
Electronic City Phase II,1192.0,3,4700000.0,3942.953020134228
Electronic City Phase II,1502.0,3,5000000.0,3328.894806924101
Electronic City Phase II,1020.0,2,3200000.0,3137.2549019607845
Electronic City Phase II,1900.0,4,9700000.0,5105.263157894737
Electronic City Phase II,1020.0,2,2743000.0,2689.2156862745096
Electronic City Phase II,1025.0,2,2665000.0,2600.0
Electronic City Phase II,1020.0,2,2945000.0,2887.2549019607845
Electronic City Phase II,1310.0,3,3784000.0000000005,2888.549618320611
Electronic City Phase II,1140.0,2,2850000.0,2500.0
Electronic City Phase II,1200.0,2,3465000.0,2887.5
Electronic City Phase II,1160.0,2,5220000.0,4500.0
Electronic City Phase II,1244.0,2,5500000.0,4421.221864951768
Electronic City Phase II,1160.0,2,3351000.0,2888.793103448276
Electronic City Phase II,1220.0,3,3525000.0,2889.344262295082
Electronic City Phase II,1625.0,3,4875000.0,3000.0
Electronic City Phase II,972.0,2,4000000.0,4115.22633744856
Electronic City Phase II,1400.0,3,4045000.0000000005,2889.2857142857147
Electronic City Phase II,1090.0,2,3148000.0,2888.0733944954127
Electronic City Phase II,650.0,1,3500000.0,5384.615384615385
Electronic City Phase II,1155.0,2,5700000.0,4935.064935064935
Electronic City Phase II,1800.0,3,9200000.0,5111.111111111111
Electronic City Phase II,1300.0,2,2800000.0,2153.846153846154
Electronic City Phase II,1940.0,3,11600000.0,5979.381443298969
Electronic City Phase II,1025.0,2,2960000.0,2887.8048780487807
Electronic City Phase II,829.0,2,2280000.0,2750.301568154403
Electronic City Phase II,2187.5,4,10500000.0,4800.0
Electronic City Phase II,1252.0,2,6700000.0,5351.437699680511
Electronic City Phase II,1125.0,2,3263000.0000000005,2900.444444444445
Electronic City Phase II,1140.0,2,3400000.0,2982.4561403508774
Electronic City Phase II,1135.0,2,4600000.0,4052.863436123348
Electronic City Phase II,1305.0,3,6500000.0,4980.842911877395
Electronic City Phase II,1165.0,2,3364000.0,2887.5536480686696
Electronic City Phase II,1336.0,3,5035000.0,3768.7125748502995
Electronic City Phase II,575.0,1,1675000.0,2913.0434782608695
Electronic City Phase II,925.0,3,4982000.0,5385.945945945946
Electronic City Phase II,1065.0,2,3076000.0,2888.262910798122
Electronic City Phase II,911.0,2,2650000.0,2908.8913282107574
Electronic City Phase II,1031.0,2,5448000.0,5284.190106692531
Electronic City Phase II,1651.0,3,4953000.0,3000.0
Electronics City Phase 1,1070.0,2,4550000.0,4252.336448598131
Electronics City Phase 1,1475.0,3,7829000.000000001,5307.796610169492
Electronics City Phase 1,1490.0,3,7880000.0,5288.5906040268455
Electronics City Phase 1,1113.27,2,5300000.0,4760.74986301616
Electronics City Phase 1,1490.0,3,8400000.0,5637.583892617449
Electronics City Phase 1,1175.0,2,5147000.0,4380.425531914893
Electronics City Phase 1,950.0,2,3100000.0,3263.157894736842
Electronics City Phase 1,630.0,1,3900000.0,6190.476190476191
Electronics City Phase 1,785.0,1,5500000.0,7006.369426751592
Electronics City Phase 1,1160.0,2,5200000.0,4482.758620689655
Electronics City Phase 1,920.0,2,3300000.0,3586.9565217391305
Electronics City Phase 1,1750.0,3,8400000.0,4800.0
Electronics City Phase 1,1350.0,3,5500000.0,4074.074074074074
Electronics City Phase 1,940.0,2,4000000.0,4255.31914893617
Electronics City Phase 1,2040.0,3,13700000.0,6715.686274509804
Electronics City Phase 1,1150.0,2,3900000.0,3391.304347826087
Electronics City Phase 1,1015.0,2,5600000.0,5517.241379310345
Electronics City Phase 1,1595.0,3,7500000.0,4702.194357366771
Electronics City Phase 1,1515.0,3,8091000.0,5340.59405940594
Electronics City Phase 1,995.0,2,4600000.0,4623.115577889447
Electronics City Phase 1,1555.0,3,8200000.0,5273.311897106109
Electronics City Phase 1,1340.0,2,7500000.0,5597.014925373134
Electronics City Phase 1,650.0,1,2300000.0,3538.4615384615386
Electronics City Phase 1,1124.0,3,5500000.0,4893.238434163701
Electronics City Phase 1,1175.0,2,5700000.0,4851.063829787234
Electronics City Phase 1,755.0,1,4241000.0,5617.218543046358
Electronics City Phase 1,919.0,2,2800000.0,3046.789989118607
Electronics City Phase 1,580.0,1,2700000.0,4655.172413793103
Electronics City Phase 1,950.0,2,3300000.0,3473.684210526316
Electronics City Phase 1,940.0,2,4900000.0,5212.765957446809
Electronics City Phase 1,1335.0,2,6700000.0,5018.7265917603
Electronics City Phase 1,1175.0,2,6900000.0,5872.340425531915
Electronics City Phase 1,1113.12,2,5500000.0,4941.066551674573
Electronics City Phase 1,1291.0,3,3200000.0,2478.6986831913246
Electronics City Phase 1,995.0,2,4200000.0,4221.105527638191
Electronics City Phase 1,1350.0,3,7100000.0,5259.259259259259
Electronics City Phase 1,1445.0,3,5600000.0,3875.432525951557
Electronics City Phase 1,995.0,2,4980000.0,5005.025125628141
Electronics City Phase 1,635.0,1,2600000.0,4094.488188976378
Electronics City Phase 1,1190.0,2,6800000.0,5714.285714285715
Electronics City Phase 1,1190.0,2,3392000.0,2850.4201680672268
Electronics City Phase 1,1085.0,2,4600000.0,4239.6313364055295
Electronics City Phase 1,1450.0,3,7254000.000000001,5002.758620689656
Electronics City Phase 1,360.0,1,1689999.9999999998,4694.444444444443
Electronics City Phase 1,638.0,1,3200000.0,5015.673981191223
Electronics City Phase 1,1175.0,2,6498000.0,5530.212765957447
Electronics City Phase 1,585.0,1,2100000.0,3589.74358974359
Electronics City Phase 1,1200.0,2,5976000.0,4980.0
Electronics City Phase 1,1145.0,2,5400000.0,4716.157205240174
Electronics City Phase 1,1125.0,2,6500000.0,5777.777777777777
Electronics City Phase 1,1522.5,3,6075000.0,3990.1477832512314
Electronics City Phase 1,1550.0,3,8200000.0,5290.322580645161
Electronics City Phase 1,645.0,1,4250000.0,6589.147286821705
Electronics City Phase 1,1175.0,2,5000000.0,4255.31914893617
Electronics City Phase 1,762.5,1,4540000.0,5954.098360655737
Electronics City Phase 1,1245.0,2,7500000.0,6024.096385542169
Electronics City Phase 1,865.0,2,4000000.0,4624.277456647399
Electronics City Phase 1,1530.0,3,4000000.0,2614.37908496732
Electronics City Phase 1,1450.0,3,7000000.0,4827.586206896552
Electronics City Phase 1,1450.0,3,6351000.0,4380.0
Electronics City Phase 1,1450.0,3,5800000.0,4000.0
Electronics City Phase 1,1800.0,3,9300000.0,5166.666666666667
Electronics City Phase 1,1314.0,2,6000000.0,4566.2100456621
Electronics City Phase 1,1170.0,2,6200000.0,5299.145299145299
Electronics City Phase 1,1450.0,3,7900000.0,5448.275862068966
Electronics City Phase 1,940.0,2,4800000.0,5106.382978723404
Electronics City Phase 1,940.0,2,4400000.0,4680.851063829788
Electronics City Phase 1,1300.0,2,6700000.0,5153.846153846154
Electronics City Phase 1,1000.0,2,2800000.0,2800.0
Electronics City Phase 1,1028.0,2,5100000.0,4961.089494163424
Electronics City Phase 1,1750.0,3,5800000.0,3314.285714285714
Electronics City Phase 1,1080.0,2,4600000.0,4259.259259259259
Electronics City Phase 1,891.0,2,2495000.0,2800.2244668911335
Electronics City Phase 1,1032.0,2,3199000.0,3099.8062015503874
Electronics City Phase 1,1330.0,3,4400000.0,3308.2706766917295
Electronics City Phase 1,1321.0,3,4000000.0,3028.009084027252
Electronics City Phase 1,1116.0,2,3300000.0,2956.989247311828
Electronics City Phase 1,1205.0,2,6000000.0,4979.253112033195
Electronics City Phase 1,891.0,2,2600000.0,2918.0695847362513
Electronics City Phase 1,640.0,1,4500000.0,7031.25
Electronics City Phase 1,1088.0,2,3046000.0,2799.6323529411766
Electronics City Phase 1,1900.0,3,8500000.0,4473.684210526316
Electronics City Phase 1,1305.0,2,6700000.0,5134.099616858238
Electronics City Phase 1,755.0,1,3012000.0,3989.4039735099336
Electronics City Phase 1,1175.0,2,6000000.0,5106.382978723404
Electronics City Phase 1,1700.0,3,11100000.0,6529.411764705882
Frazer Town,1625.0,2,7500000.0,4615.384615384615
Frazer Town,1700.0,3,18000000.0,10588.235294117647
Frazer Town,1305.0,3,9545000.0,7314.176245210728
Frazer Town,1510.0,3,7500000.0,4966.887417218543
Frazer Town,1870.0,3,18500000.0,9893.048128342247
Frazer Town,1750.0,3,15000000.0,8571.42857142857
Frazer Town,4850.0,4,38500000.0,7938.144329896907
Frazer Town,2000.0,3,20000000.0,10000.0
Frazer Town,3500.0,3,33000000.0,9428.57142857143
Frazer Town,2350.0,3,28500000.0,12127.659574468085
Frazer Town,1550.0,2,14000000.0,9032.258064516129
Frazer Town,1900.0,3,14500000.0,7631.578947368421
Frazer Town,2560.0,3,26500000.0,10351.5625
Frazer Town,1286.0,3,18000000.0,13996.889580093313
Frazer Town,2400.0,3,26000000.0,10833.333333333334
Frazer Town,2560.0,3,28800000.0,11250.0
Frazer Town,3436.0,4,34100000.0,9924.330616996507
Frazer Town,4856.0,4,41000000.0,8443.163097199342
Frazer Town,1315.0,2,14000000.0,10646.38783269962
Frazer Town,1706.0,3,15400000.0,9026.963657678782
Frazer Town,2079.0,3,22000000.0,10582.010582010582
Frazer Town,3435.0,4,34100000.0,9927.21979621543
Frazer Town,3436.0,4,34500000.0,10040.745052386495
Frazer Town,3100.0,3,40000000.0,12903.225806451614
Frazer Town,5400.0,3,40000000.0,7407.407407407408
Frazer Town,1180.0,2,10500000.0,8898.305084745763
Frazer Town,2900.0,4,32500000.0,11206.896551724138
Frazer Town,1200.0,2,7800000.0,6500.0
Frazer Town,1870.0,3,18000000.0,9625.668449197861
Frazer Town,896.0,1,10000000.0,11160.714285714286
Frazer Town,1420.0,2,12000000.0,8450.704225352112
GM Palaya,1820.0,3,8600000.0,4725.274725274725
GM Palaya,1000.0,2,3600000.0,3600.0
GM Palaya,1225.0,2,4700000.0,3836.734693877551
GM Palaya,1140.0,2,4895000.0,4293.859649122807
GM Palaya,1315.0,3,6500000.0,4942.9657794676805
GM Palaya,1030.0,2,6000000.0,5825.242718446602
GM Palaya,1000.0,2,3500000.0,3500.0
GM Palaya,1315.0,3,6400000.0,4866.920152091255
GM Palaya,1735.0,3,7000000.0,4034.5821325648417
GM Palaya,1643.0,3,7000000.0,4260.49908703591
GM Palaya,675.0,1,3500000.0,5185.185185185185
Ganga Nagar,600.0,1,3800000.0,6333.333333333333
Ganga Nagar,845.0,2,5500000.0,6508.87573964497
Ganga Nagar,1480.0,3,12500000.0,8445.945945945947
Ganga Nagar,1112.0,2,6800000.0,6115.107913669065
Ganga Nagar,1410.0,3,6500000.0,4609.929078014185
Ganga Nagar,1200.0,2,5200000.0,4333.333333333333
Ganga Nagar,998.0,2,6500000.0,6513.026052104208
Ganga Nagar,1250.0,2,6500000.0,5200.0
Garudachar Palya,1325.0,3,6080000.0,4588.679245283019
Garudachar Palya,1060.0,2,4870000.0,4594.33962264151
Garudachar Palya,1150.0,2,5275000.0,4586.95652173913
Garudachar Palya,1295.0,3,5950000.0,4594.594594594595
Garudachar Palya,1320.0,3,6060000.0,4590.909090909091
Garudachar Palya,1150.0,2,5280000.0,4591.304347826087
Garudachar Palya,1060.0,2,4850000.0,4575.471698113208
Garudachar Palya,1150.0,2,5250000.0,4565.217391304348
Garudachar Palya,1060.0,2,4866000.0,4590.566037735849
Giri Nagar,2400.0,4,40000000.0,16666.666666666668
Giri Nagar,1800.0,3,25200000.0,14000.0
Giri Nagar,650.0,2,4200000.0,6461.538461538462
Giri Nagar,4500.0,7,25000000.0,5555.555555555556
Giri Nagar,1350.0,3,24000000.0,17777.777777777777
Giri Nagar,3000.0,6,37500000.0,12500.0
Giri Nagar,2400.0,6,40000000.0,16666.666666666668
Giri Nagar,4000.0,4,75000000.0,18750.0
Giri Nagar,600.0,1,12500000.0,20833.333333333332
Gollarapalya Hosahalli,861.0,2,3450000.0,4006.968641114983
Gollarapalya Hosahalli,1408.0,3,6200000.0,4403.409090909091
Gollarapalya Hosahalli,1318.0,3,5400000.0,4097.11684370258
Gollarapalya Hosahalli,861.0,2,3650000.0,4239.256678281068
Gollarapalya Hosahalli,1320.0,3,6000000.0,4545.454545454545
Gollarapalya Hosahalli,1345.0,3,6000000.0,4460.966542750929
Gollarapalya Hosahalli,996.0,2,4900000.0,4919.678714859438
Gollarapalya Hosahalli,1905.0,4,8600000.0,4514.435695538058
Gollarapalya Hosahalli,996.0,2,3650000.0,3664.6586345381525
Gollarapalya Hosahalli,1318.0,3,5600000.0,4248.86191198786
Gollarapalya Hosahalli,1129.0,2,5000000.0,4428.697962798937
Gottigere,1100.0,2,4000000.0,3636.3636363636365
Gottigere,967.0,2,4500000.0,4653.567735263702
Gottigere,891.0,2,2500000.0,2805.8361391694725
Gottigere,1618.0,3,8250000.0,5098.887515451174
Gottigere,1222.0,2,6300000.0,5155.482815057283
Gottigere,1600.0,3,5500000.0,3437.5
Gottigere,1300.0,3,6500000.0,5000.0
Gottigere,950.0,2,3800000.0,4000.0
Gottigere,1153.0,2,4850000.0,4206.418039895923
Gottigere,812.0,1,2600000.0,3201.9704433497536
Gottigere,2000.0,4,8200000.0,4100.0
Gottigere,1460.0,3,6500000.0,4452.054794520548
Gottigere,1500.0,3,7000000.0,4666.666666666667
Gottigere,1621.0,3,7200000.0,4441.702652683529
Gottigere,1304.0,3,8000000.0,6134.9693251533745
Gottigere,990.0,2,4000000.0,4040.40404040404
Gottigere,1235.0,2,6300000.0,5101.214574898785
Gottigere,1385.0,3,6400000.0,4620.938628158845
Gottigere,1000.0,2,3500000.0,3500.0
Gottigere,1075.0,2,3000000.0,2790.6976744186045
Gottigere,1010.0,2,3500000.0,3465.3465346534654
Gottigere,1385.0,3,5000000.0,3610.1083032490974
Gottigere,1410.0,2,4500000.0,3191.4893617021276
Gottigere,1425.0,3,4700000.0,3298.245614035088
Gottigere,1435.0,3,6200000.0,4320.557491289199
Gottigere,945.0,2,4500000.0,4761.9047619047615
Gottigere,1400.0,3,5000000.0,3571.4285714285716
Gottigere,2500.0,4,12000000.0,4800.0
Gottigere,1230.0,3,5200000.0,4227.642276422765
Gottigere,1120.0,2,5000000.0,4464.285714285715
Gottigere,1500.0,3,6300000.0,4200.0
Gottigere,1200.0,2,4000000.0,3333.3333333333335
Gottigere,1280.0,2,6100000.0,4765.625
Gottigere,1205.0,2,5658000.0,4695.435684647303
Gottigere,1170.0,2,4000000.0,3418.803418803419
Gottigere,1100.0,2,2800000.0,2545.4545454545455
Gottigere,3000.0,4,13200000.0,4400.0
Gottigere,1613.0,3,7200000.0,4463.732176069436
Gottigere,1493.0,3,9000000.0,6028.131279303416
Gottigere,1110.0,2,3625000.0,3265.765765765766
Gottigere,1245.0,2,5900000.0,4738.955823293173
Gottigere,1200.0,2,5000000.0,4166.666666666667
Green Glen Layout,1575.0,3,12500000.0,7936.507936507936
Green Glen Layout,1670.0,3,12000000.0,7185.62874251497
Green Glen Layout,3250.0,4,23000000.0,7076.923076923077
Green Glen Layout,1776.42,3,10500000.0,5910.764346269463
Green Glen Layout,940.0,2,5680000.0,6042.553191489362
Green Glen Layout,1050.0,2,4800000.0,4571.428571428572
Green Glen Layout,1725.0,3,13000000.0,7536.231884057971
Green Glen Layout,1075.0,2,6000000.0,5581.395348837209
Green Glen Layout,1485.0,3,11500000.0,7744.107744107744
Green Glen Layout,1715.0,3,11500000.0,6705.539358600583
Green Glen Layout,1751.0,3,11500000.0,6567.6756139348945
Green Glen Layout,1750.0,3,13000000.0,7428.571428571428
Green Glen Layout,1530.0,3,10500000.0,6862.745098039216
Green Glen Layout,1752.0,3,10500000.0,5993.1506849315065
Green Glen Layout,1680.0,3,9500000.0,5654.761904761905
Green Glen Layout,2000.0,3,16500000.0,8250.0
Green Glen Layout,1970.0,3,16000000.0,8121.827411167513
Green Glen Layout,1728.0,3,12500000.0,7233.7962962962965
Green Glen Layout,1645.0,3,11000000.0,6686.930091185411
Green Glen Layout,1517.0,3,10000000.0,6591.957811470006
Green Glen Layout,3150.0,4,21800000.0,6920.6349206349205
Green Glen Layout,3270.0,4,20500000.0,6269.113149847095
Green Glen Layout,1750.0,3,12000000.0,6857.142857142857
Green Glen Layout,1740.0,3,8000000.0,4597.701149425287
Green Glen Layout,1750.0,3,8100000.0,4628.571428571428
Green Glen Layout,1750.0,3,10500000.0,6000.0
Green Glen Layout,1885.0,3,13500000.0,7161.803713527852
Green Glen Layout,1625.0,3,7000000.0,4307.692307692308
Green Glen Layout,1715.0,3,12000000.0,6997.084548104956
Green Glen Layout,1623.29,3,10500000.0,6468.345150897252
Green Glen Layout,1715.0,3,10500000.0,6122.448979591837
Green Glen Layout,1600.0,3,10500000.0,6562.5
Green Glen Layout,1717.0,3,12500000.0,7280.139778683751
Green Glen Layout,1250.0,2,7500000.0,6000.0
Green Glen Layout,1715.0,3,11200000.0,6530.6122448979595
Gubbalala,1470.0,3,8200000.0,5578.231292517007
Gubbalala,1745.0,3,12500000.0,7163.323782234957
Gubbalala,1745.0,3,10400000.0,5959.885386819485
Gubbalala,1745.0,3,11500000.0,6590.25787965616
Gubbalala,1745.0,3,11000000.0,6303.7249283667625
Gubbalala,1650.0,3,7100000.0,4303.030303030303
Gubbalala,1539.0,3,5236000.0,3402.2092267706303
Gubbalala,2570.0,5,14100000.0,5486.381322957199
Gubbalala,1008.0,2,3225000.0,3199.404761904762
Gubbalala,1205.0,2,7000000.0,5809.128630705394
Gubbalala,2500.0,3,8800000.0,3520.0
Gubbalala,5000.0,4,42500000.0,8500.0
Gubbalala,1435.0,3,8000000.0,5574.912891986062
Gubbalala,1475.0,2,8000000.0,5423.728813559322
Gubbalala,1223.0,2,4281000.0,3500.408830744072
Gubbalala,2000.0,4,8500000.0,4250.0
Gubbalala,1223.0,3,3914000.0,3200.3270645952575
Gubbalala,1100.0,2,4950000.0,4500.0
Gubbalala,1060.0,2,4600000.0,4339.622641509434
Gubbalala,2000.0,3,12500000.0,6250.0
Gubbalala,2500.0,6,8800000.0,3520.0
Gubbalala,4000.0,4,19500000.0,4875.0
Gubbalala,1745.0,3,14000000.0,8022.9226361031515
Gubbalala,1745.0,3,13000000.0,7449.856733524355
Gubbalala,1285.0,2,9000000.0,7003.8910505836575
Gunjur,1140.0,2,4300000.0,3771.9298245614036
Gunjur,1356.0,3,6600000.0,4867.256637168141
Gunjur,1600.0,3,7500000.0,4687.5
Gunjur,2000.0,4,9500000.0,4750.0
Gunjur,1140.0,2,4911000.0,4307.894736842105
Gunjur,1195.0,2,4400000.0,3682.0083682008367
Gunjur,1190.0,2,4000000.0,3361.344537815126
Gunjur,1457.0,2,6000000.0,4118.050789293068
Gunjur,1080.0,2,4100000.0,3796.296296296296
Gunjur,2132.0,3,8000000.0,3752.34521575985
Gunjur,1800.0,3,7000000.0,3888.8888888888887
Gunjur,1175.0,2,4348000.0,3700.425531914894
Gunjur,1362.0,3,6263000.0,4598.384728340676
Gunjur,1071.0,2,5100000.0,4761.9047619047615
Gunjur,1063.0,2,4000000.0,3762.9350893697083
Gunjur,1235.0,2,5276000.0,4272.064777327935
Gunjur,1588.0,3,9000000.0,5667.506297229219
Gunjur,1235.0,2,4450000.0,3603.2388663967613
Gunjur Palya,1050.0,2,4300000.0,4095.2380952380954
Gunjur Palya,674.0,2,1989999.9999999998,2952.522255192878
Gunjur Palya,1033.0,3,3200000.0,3097.773475314618
Gunjur Palya,830.0,2,4000000.0,4819.277108433735
Gunjur Palya,900.0,2,2700000.0,3000.0
Gunjur Palya,849.0,2,2540000.0,2991.7550058892816
Gunjur Palya,1400.0,3,4500000.0,3214.285714285714
Gunjur Palya,1426.0,3,7100000.0,4978.962131837307
Gunjur Palya,993.0,2,4200000.0,4229.607250755287
Gunjur Palya,1235.0,2,5276000.0,4272.064777327935
HAL 2nd Stage,1226.0,2,13500000.0,11011.419249592169
HAL 2nd Stage,1490.0,3,30000000.0,20134.228187919463
HAL 2nd Stage,2100.0,3,25200000.0,12000.0
HAL 2nd Stage,600.0,2,14500000.0,24166.666666666668
HAL 2nd Stage,2700.0,3,50000000.0,18518.51851851852
HAL 2nd Stage,1600.0,3,12500000.0,7812.5
HAL 2nd Stage,2400.0,4,65000000.0,27083.333333333332
HAL 2nd Stage,2280.0,4,61500000.0,26973.684210526317
HAL 2nd Stage,2040.0,5,50000000.0,24509.803921568626
HBR Layout,2800.0,3,20000000.0,7142.857142857143
HBR Layout,1722.0,3,9500000.0,5516.8408826945415
HBR Layout,1200.0,4,12000000.0,10000.0
HBR Layout,1200.0,2,6000000.0,5000.0
HBR Layout,1004.0,2,4900000.0,4880.478087649402
HBR Layout,1783.0,3,12500000.0,7010.656197420079
HBR Layout,1656.0,3,9000000.0,5434.782608695652
HBR Layout,1089.0,2,6000000.0,5509.641873278237
HBR Layout,2400.0,4,32000000.0,13333.333333333334
HBR Layout,1700.0,3,11000000.0,6470.588235294118
HBR Layout,1198.0,2,6500000.0,5425.709515859767
HBR Layout,1200.0,4,11500000.0,9583.333333333334
HBR Layout,1800.0,3,23000000.0,12777.777777777777
HBR Layout,1068.0,2,4300000.0,4026.2172284644193
HBR Layout,1200.0,2,12000000.0,10000.0
HBR Layout,900.0,2,14500000.0,16111.111111111111
HBR Layout,1832.0,3,16000000.0,8733.624454148472
HRBR Layout,1374.0,2,9500000.0,6914.1193595342065
HRBR Layout,1440.0,2,9800000.0,6805.555555555556
HRBR Layout,1567.0,3,9000000.0,5743.458838544991
HRBR Layout,2800.0,3,25000000.0,8928.57142857143
HRBR Layout,1210.0,2,7500000.0,6198.347107438017
HRBR Layout,1265.0,2,7800000.0,6166.00790513834
HRBR Layout,1170.0,2,7500000.0,6410.25641025641
HRBR Layout,1335.0,3,8700000.0,6516.853932584269
HRBR Layout,1900.0,4,9000000.0,4736.8421052631575
HRBR Layout,1625.0,3,12000000.0,7384.615384615385
HRBR Layout,1301.0,2,12000000.0,9223.674096848577
HRBR Layout,1145.0,2,6850000.0,5982.532751091703
HRBR Layout,1300.0,2,9000000.0,6923.076923076923
HSR Layout,1400.0,3,5600000.0,4000.0
HSR Layout,1372.0,2,6800000.0,4956.268221574344
HSR Layout,1430.0,3,6500000.0,4545.454545454545
HSR Layout,1475.0,3,7500000.0,5084.745762711865
HSR Layout,1467.0,2,5500000.0,3749.147920927062
HSR Layout,1140.0,2,4600000.0,4035.0877192982457
HSR Layout,1372.0,2,6100000.0,4446.064139941691
HSR Layout,1750.0,3,9500000.0,5428.571428571428
HSR Layout,2424.0,3,9000000.0,3712.871287128713
HSR Layout,1027.0,2,4400000.0,4284.323271665044
HSR Layout,1650.0,3,11000000.0,6666.666666666667
HSR Layout,1185.0,2,6000000.0,5063.291139240507
HSR Layout,1127.0,2,6800000.0,6033.717834960071
HSR Layout,1600.0,3,11500000.0,7187.5
HSR Layout,1145.0,2,4800000.0,4192.139737991266
HSR Layout,1009.0,2,5600000.0,5550.049554013875
HSR Layout,2792.0,4,22000000.0,7879.656160458453
HSR Layout,1300.0,2,9800000.0,7538.461538461538
HSR Layout,2400.0,3,8800000.0,3666.6666666666665
HSR Layout,1126.0,2,6900000.0,6127.886323268206
HSR Layout,1360.0,3,5300000.0,3897.0588235294117
HSR Layout,1145.0,2,4600000.0,4017.467248908297
HSR Layout,1142.0,2,6500000.0,5691.768826619965
HSR Layout,2020.0,3,16000000.0,7920.792079207921
HSR Layout,1844.0,3,9500000.0,5151.843817787419
HSR Layout,1203.0,2,7200000.0,5985.037406483791
HSR Layout,4200.0,5,24500000.0,5833.333333333333
HSR Layout,1100.0,2,4400000.0,4000.0
HSR Layout,1203.0,2,6000000.0,4987.5311720698255
HSR Layout,1590.0,3,13500000.0,8490.566037735849
HSR Layout,1120.0,2,7000000.0,6250.0
HSR Layout,1289.0,2,7000000.0,5430.566330488751
HSR Layout,1844.0,3,8900000.0,4826.46420824295
Haralur Road,1240.0,2,7000000.0,5645.1612903225805
Haralur Road,1027.0,2,4400000.0,4284.323271665044
Haralur Road,1464.0,3,5600000.0,3825.136612021858
Haralur Road,2650.0,4,19800000.0,7471.698113207547
Haralur Road,2805.0,4,15400000.0,5490.196078431372
Haralur Road,1194.0,2,4700000.0,3936.348408710218
Haralur Road,3385.0,4,26000000.0,7680.945347119646
Haralur Road,1202.0,2,5300000.0,4409.317803660566
Haralur Road,1056.0,2,6100000.0,5776.515151515152
Haralur Road,1810.0,3,10000000.0,5524.861878453039
Haralur Road,1194.0,2,4600000.0,3852.5963149078725
Haralur Road,1225.0,2,6738000.0,5500.408163265306
Haralur Road,1243.0,2,4600000.0,3700.7240547063557
Haralur Road,1920.0,3,11500000.0,5989.583333333333
Haralur Road,1875.0,3,11000000.0,5866.666666666667
Haralur Road,2750.0,4,22000000.0,8000.0
Haralur Road,1140.0,2,4300000.0,3771.9298245614036
Haralur Road,2017.0,3,12500000.0,6197.322756569162
Haralur Road,1092.0,2,4400000.0,4029.3040293040294
Haralur Road,2475.0,3,13000000.0,5252.525252525253
Haralur Road,1300.0,2,7300000.0,5615.384615384615
Haralur Road,1850.0,3,11000000.0,5945.945945945946
Haralur Road,3400.0,4,24000000.0,7058.823529411765
Haralur Road,1464.0,2,5600000.0,3825.136612021858
Haralur Road,1230.0,2,7800000.0,6341.463414634146
Haralur Road,1000.0,2,4400000.0,4400.0
Haralur Road,3185.0,4,17500000.0,5494.505494505494
Haralur Road,1300.0,2,7900000.0,6076.923076923077
Haralur Road,1444.0,3,8000000.0,5540.16620498615
Haralur Road,1088.0,2,6800000.0,6250.0
Haralur Road,1225.0,2,7000000.0,5714.285714285715
Haralur Road,1000.0,2,7800000.0,7800.0
Haralur Road,1830.0,3,10100000.0,5519.12568306011
Haralur Road,1810.0,3,12600000.0,6961.325966850829
Haralur Road,1520.0,3,9600000.0,6315.789473684211
Haralur Road,1520.0,3,12500000.0,8223.684210526315
Haralur Road,1300.0,2,7500000.0,5769.2307692307695
Haralur Road,2805.0,4,16000000.0,5704.0998217468805
Haralur Road,2017.0,3,10500000.0,5205.751115518096
Haralur Road,1520.0,3,9000000.0,5921.0526315789475
Haralur Road,1300.0,2,6000000.0,4615.384615384615
Haralur Road,1985.0,3,13000000.0,6549.11838790932
Haralur Road,1255.0,3,9000000.0,7171.314741035857
Haralur Road,1056.0,2,6000000.0,5681.818181818182
Haralur Road,1140.0,2,4200000.0,3684.2105263157896
Haralur Road,1245.0,2,6200000.0,4979.919678714859
Haralur Road,1140.0,2,5800000.0,5087.7192982456145
Haralur Road,1027.0,2,4300000.0,4186.952288218111
Haralur Road,1560.0,3,9000000.0,5769.2307692307695
Haralur Road,1520.0,3,8500000.0,5592.105263157895
Haralur Road,1243.0,2,4500000.0,3620.2735317779566
Haralur Road,1650.0,3,10000000.0,6060.606060606061
Haralur Road,1580.0,3,7300000.0,4620.2531645569625
Haralur Road,1510.0,3,8305000.0,5500.0
Haralur Road,1056.0,2,6500000.0,6155.30303030303
Haralur Road,575.0,1,3800000.0,6608.695652173913
Haralur Road,1850.0,3,12000000.0,6486.486486486487
Haralur Road,560.0,1,4500000.0,8035.714285714285
Haralur Road,1710.0,3,8500000.0,4970.7602339181285
Haralur Road,1730.0,3,9500000.0,5491.329479768786
Haralur Road,1817.0,3,11000000.0,6053.935057787562
Haralur Road,1225.0,2,7700000.0,6285.714285714285
Haralur Road,1285.0,2,7800000.0,6070.038910505837
Haralur Road,1225.0,2,6748000.0,5508.571428571428
Haralur Road,1225.0,2,6984000.0,5701.224489795918
Haralur Road,1200.0,2,4600000.0,3833.3333333333335
Haralur Road,1315.0,2,8500000.0,6463.878326996198
Haralur Road,1976.0,3,9200000.0,4655.87044534413
Haralur Road,4694.0,4,37500000.0,7988.9220281210055
Haralur Road,1309.0,2,8200000.0,6264.323911382735
Haralur Road,1890.0,3,8400000.0,4444.444444444444
Haralur Road,1230.0,2,6765000.000000001,5500.000000000001
Haralur Road,1735.0,3,9700000.0,5590.778097982709
Haralur Road,1810.0,3,9783000.0,5404.972375690608
Haralur Road,1810.0,3,11200000.0,6187.845303867403
Harlur,1508.0,2,7700000.0,5106.100795755968
Harlur,1752.12,3,13500000.0,7704.951715635916
Harlur,2450.0,3,12000000.0,4897.959183673469
Harlur,1460.0,3,7300000.0,5000.0
Harlur,1709.0,3,15000000.0,8777.062609713283
Harlur,1174.0,2,6900000.0,5877.342419080068
Harlur,1033.0,2,4900000.0,4743.465634075508
Harlur,1197.0,2,8400000.0,7017.543859649123
Harlur,1310.0,2,5000000.0,3816.793893129771
Harlur,1757.0,3,13200000.0,7512.805919180421
Harlur,1174.0,2,7600000.0,6473.594548551959
Harlur,1754.0,3,12500000.0,7126.567844925884
Harlur,1200.0,2,4950000.0,4125.0
Harlur,1290.0,2,8500000.0,6589.147286821705
Harlur,1752.12,3,11600000.0,6620.551103805676
Harlur,1754.0,3,13500000.0,7696.693272519954
Harlur,1754.0,3,12400000.0,7069.555302166476
Harlur,1152.0,2,6900000.0,5989.583333333333
Harlur,1290.0,2,8700000.0,6744.186046511628
Harlur,1749.0,3,11500000.0,6575.18582046884
Harlur,3385.0,4,26000000.0,7680.945347119646
Harlur,2240.0,3,15500000.0,6919.642857142857
Harlur,1758.0,3,13300000.0,7565.415244596132
Harlur,1884.0,4,12000000.0,6369.426751592357
Harlur,1197.0,2,7900000.0,6599.832915622389
Harlur,1174.0,2,7800000.0,6643.9522998296425
Harlur,1730.0,3,10000000.0,5780.346820809248
Harlur,2138.0,3,11000000.0,5144.9953227315245
Harlur,1200.0,2,5200000.0,4333.333333333333
Harlur,1749.0,3,11200000.0,6403.659233847913
Harlur,1174.0,2,7500000.0,6388.415672913117
Harlur,1750.0,3,13600000.0,7771.428571428572
Harlur,1620.0,3,11000000.0,6790.123456790124
Harlur,1414.0,3,7750000.0,5480.905233380481
Harlur,1630.0,3,9510000.0,5834.355828220859
Harlur,1459.0,3,13500000.0,9252.912954078136
Harlur,1762.0,3,13300000.0,7548.240635641317
Harlur,1756.0,3,13100000.0,7460.136674259681
Harlur,1755.0,3,13000000.0,7407.407407407408
Harlur,1864.0,3,14000000.0,7510.729613733905
Harlur,1331.0,2,8800000.0,6611.570247933884
Harlur,1752.12,3,13300000.0,7590.80428281168
Harlur,1133.0,2,5500000.0,4854.368932038835
Harlur,1756.0,3,12800000.0,7289.293849658315
Harlur,1749.0,3,12000000.0,6861.06346483705
Harlur,1197.0,2,8200000.0,6850.459482038429
Harlur,1303.0,2,9000000.0,6907.137375287797
Harlur,1754.0,3,13200000.0,7525.655644241733
Harlur,1532.0,2,6500000.0,4242.819843342037
Harlur,1756.0,3,13400000.0,7630.979498861047
Harlur,1197.0,2,7800000.0,6516.290726817043
Harlur,1290.0,2,8990000.0,6968.992248062015
Harlur,1386.0,2,8500000.0,6132.7561327561325
Harlur,1174.0,2,7400000.0,6303.236797274276
Harlur,1710.0,3,8500000.0,4970.7602339181285
Harlur,1755.0,3,11500000.0,6552.706552706552
Harlur,2820.0,4,15350000.0,5443.262411347518
Harlur,2569.0,4,17500000.0,6811.989100817439
Harlur,1197.0,2,7700000.0,6432.748538011696
Harlur,1752.12,3,12500000.0,7134.214551514737
Harlur,3425.0,3,32000000.0,9343.065693430657
Harlur,2569.0,4,18000000.0,7006.617360840794
Harlur,1225.0,2,5600000.0,4571.428571428572
Harlur,1197.0,2,7600000.0,6349.206349206349
Harlur,2137.0,3,11000000.0,5147.402901263454
Harlur,1197.0,2,7500000.0,6265.664160401003
Harlur,1755.0,3,11700000.0,6666.666666666667
Harlur,1197.0,2,7990000.000000001,6675.020885547202
Harlur,936.0,2,4500000.0,4807.692307692308
Harlur,2990.0,4,22500000.0,7525.083612040134
Harlur,1370.0,2,8800000.0,6423.3576642335765
Harlur,1335.0,2,7276000.000000001,5450.187265917603
Hebbal,1760.0,3,12300000.0,6988.636363636364
Hebbal,5611.5,4,47700000.0,8500.400962309543
Hebbal,1900.0,3,11900000.0,6263.1578947368425
Hebbal,1349.0,2,9820000.0,7279.466271312083
Hebbal,2483.0,4,21200000.0,8538.058799838904
Hebbal,1760.0,3,13000000.0,7386.363636363636
Hebbal,2400.0,3,24500000.0,10208.333333333334
Hebbal,3450.0,3,26000000.0,7536.231884057971
Hebbal,1920.0,3,13400000.0,6979.166666666667
Hebbal,1500.0,3,15000000.0,10000.0
Hebbal,1337.0,2,8200000.0,6133.1338818249815
Hebbal,1349.0,2,9800000.0,7264.6404744255005
Hebbal,1000.0,2,4500000.0,4500.0
Hebbal,2470.0,4,24700000.0,10000.0
Hebbal,1036.0,2,5000000.0,4826.254826254826
Hebbal,3900.0,4,41000000.0,10512.820512820514
Hebbal,1255.0,3,7768000.000000001,6189.641434262949
Hebbal,1355.0,3,8387000.0,6189.667896678967
Hebbal,1790.0,3,12700000.0,7094.972067039106
Hebbal,687.325,2,4272000.0,6215.40028370858
Hebbal,2790.0,4,19800000.0,7096.774193548387
Hebbal,1985.0,3,18900000.0,9521.410579345089
Hebbal,2483.0,4,21500000.0,8658.880386629078
Hebbal,1080.0,2,5400000.0,5000.0
Hebbal,1100.0,2,5000000.0,4545.454545454545
Hebbal,812.0,2,5500000.0,6773.399014778325
Hebbal,1075.0,2,5200000.0,4837.209302325581
Hebbal,3067.0,4,23000000.0,7499.184871209651
Hebbal,1040.0,2,5000000.0,4807.692307692308
Hebbal,2526.0,3,25000000.0,9897.070467141726
Hebbal,823.0,2,5063000.0,6151.883353584447
Hebbal,1420.0,2,12300000.0,8661.971830985916
Hebbal,1069.0,3,6540000.000000001,6117.867165575305
Hebbal,3067.0,4,31000000.0,10107.597000326052
Hebbal,1040.0,2,4600000.0,4423.076923076923
Hebbal,1420.0,2,9939000.0,6999.295774647887
Hebbal,4235.0,4,36500000.0,8618.654073199528
Hebbal,1100.0,2,4700000.0,4272.727272727273
Hebbal,1700.0,3,12400000.0,7294.117647058823
Hebbal,4772.0,4,51000000.0,10687.34283319363
Hebbal,3960.0,4,38600000.0,9747.474747474747
Hebbal,1550.0,3,7500000.0,4838.709677419355
Hebbal,1053.0,2,4800000.0,4558.404558404558
Hebbal,1440.0,2,11500000.0,7986.111111111111
Hebbal,1100.0,2,5400000.0,4909.090909090909
Hebbal,3500.0,3,39500000.0,11285.714285714286
Hebbal,2700.0,4,10000000.0,3703.703703703704
Hebbal,2400.0,3,18000000.0,7500.0
Hebbal,1420.0,2,10700000.0,7535.211267605634
Hebbal,1320.0,2,9200000.0,6969.69696969697
Hebbal,919.0,2,4900000.0,5331.882480957563
Hebbal,1645.0,3,13500000.0,8206.686930091186
Hebbal,2080.0,3,17500000.0,8413.461538461539
Hebbal,3895.0,4,40500000.0,10397.946084724004
Hebbal,2483.0,4,23000000.0,9262.988320579943
Hebbal,2600.0,3,19500000.0,7500.0
Hebbal,1645.0,3,11700000.0,7112.462006079028
Hebbal,1251.0,2,8873000.0,7092.725819344524
Hebbal,1645.0,3,12100000.0,7355.623100303951
Hebbal,1645.0,3,12000000.0,7294.83282674772
Hebbal,1255.0,3,9000000.0,7171.314741035857
Hebbal,1586.0,3,9000000.0,5674.653215636822
Hebbal,1636.0,3,11900000.0,7273.838630806846
Hebbal,3520.0,3,43000000.0,12215.90909090909
Hebbal,2661.0,3,22650000.0,8511.83765501691
Hebbal,1255.0,3,9500000.0,7569.721115537848
Hebbal,1328.0,3,6000000.0,4518.0722891566265
Hebbal,1269.0,3,7300000.0,5752.561071710008
Hebbal,1088.0,2,6145000.0,5647.97794117647
Hebbal,1349.0,2,9780000.0,7249.814677538918
Hebbal,1344.0,2,10800000.0,8035.714285714285
Hebbal,3895.0,4,45100000.0,11578.947368421053
Hebbal,1138.0,2,11000000.0,9666.080843585238
Hebbal,2790.0,4,20400000.0,7311.8279569892475
Hebbal,1250.0,2,5555000.0,4444.0
Hebbal,1200.0,2,4900000.0,4083.3333333333335
Hebbal,1088.0,2,6200000.0,5698.529411764706
Hebbal,1987.0,3,16500000.0,8303.975842979366
Hebbal,1299.0,2,10000000.0,7698.229407236336
Hebbal,1200.0,2,6000000.0,5000.0
Hebbal,2850.0,3,34300000.0,12035.087719298246
Hebbal,1390.0,2,9500000.0,6834.53237410072
Hebbal,6000.0,8,22000000.0,3666.6666666666665
Hebbal,1333.0,2,10000000.0,7501.875468867217
Hebbal,1204.0,2,4500000.0,3737.5415282392028
Hebbal,2650.0,3,19900000.0,7509.433962264151
Hebbal,3450.0,3,34800000.0,10086.95652173913
Hebbal,1244.0,2,4800000.0,3858.520900321543
Hebbal,1800.0,3,14000000.0,7777.777777777777
Hebbal,1860.0,3,9500000.0,5107.5268817204305
Hebbal,2470.0,4,20300000.0,8218.623481781377
Hebbal,1200.0,2,5200000.0,4333.333333333333
Hebbal,1333.0,2,10400000.0,7801.950487621905
Hebbal,2600.0,3,19900000.0,7653.846153846154
Hebbal,1345.0,2,9700000.0,7211.8959107806695
Hebbal,1110.0,3,5900000.0,5315.315315315315
Hebbal,985.0,2,6200000.0,6294.416243654822
Hebbal,1320.0,2,9100000.0,6893.939393939394
Hebbal,2388.0,3,19500000.0,8165.829145728643
Hebbal,1040.0,2,5500000.0,5288.461538461538
Hebbal,1315.0,3,6500000.0,4942.9657794676805
Hebbal,1150.0,2,5500000.0,4782.608695652174
Hebbal,1100.0,2,4200000.0,3818.181818181818
Hebbal,1200.0,2,4800000.0,4000.0
Hebbal,1100.0,2,3800000.0,3454.5454545454545
Hebbal,2630.0,4,18800000.0,7148.28897338403
Hebbal,3895.0,3,39000000.0,10012.836970474968
Hebbal,1645.0,3,11300000.0,6869.300911854103
Hebbal,1175.0,2,5405000.0,4600.0
Hebbal,1590.0,3,9600000.0,6037.735849056604
Hebbal,3520.0,3,32000000.0,9090.90909090909
Hebbal,1072.0,2,4500000.0,4197.761194029851
Hebbal,1162.0,2,6900000.0,5938.037865748709
Hebbal,1100.0,2,6000000.0,5454.545454545455
Hebbal,4235.0,4,36400000.0,8595.04132231405
Hebbal,1299.0,2,9700000.0,7467.282525019245
Hebbal,3758.0,4,45000000.0,11974.454497072911
Hebbal,2470.0,4,19200000.0,7773.27935222672
Hebbal,4450.0,4,44900000.0,10089.887640449439
Hebbal,3520.0,3,24000000.0,6818.181818181818
Hebbal,1920.0,3,15000000.0,7812.5
Hebbal,2375.0,4,18900000.0,7957.894736842105
Hebbal,1420.0,2,9926000.0,6990.140845070423
Hebbal,1252.0,2,9200000.0,7348.242811501597
Hebbal,1162.0,2,5900000.0,5077.452667814114
Hebbal,1294.0,2,11500000.0,8887.171561051005
Hebbal,4225.0,4,35900000.0,8497.041420118343
Hebbal,1150.0,2,5700000.0,4956.521739130435
Hebbal,1740.0,3,13700000.0,7873.563218390805
Hebbal,1430.0,3,8500000.0,5944.055944055944
Hebbal,1662.0,3,15500000.0,9326.113116726836
Hebbal,2250.0,3,21900000.0,9733.333333333334
Hebbal,4000.0,4,44000000.0,11000.0
Hebbal,4000.0,4,37000000.0,9250.0
Hebbal,1349.0,2,9680000.0,7175.685693106005
Hebbal Kempapura,1700.0,3,15500000.0,9117.64705882353
Hebbal Kempapura,1130.0,2,6000000.0,5309.734513274337
Hebbal Kempapura,1800.0,3,17500000.0,9722.222222222223
Hebbal Kempapura,2900.0,3,30000000.0,10344.827586206897
Hebbal Kempapura,3522.0,3,38000000.0,10789.324247586599
Hebbal Kempapura,2280.0,5,20000000.0,8771.929824561403
Hebbal Kempapura,1200.0,2,12500000.0,10416.666666666666
Hebbal Kempapura,2900.0,3,24000000.0,8275.862068965518
Hebbal Kempapura,3900.0,4,36000000.0,9230.76923076923
Hebbal Kempapura,1300.0,2,10200000.0,7846.153846153846
Hebbal Kempapura,1466.0,3,14000000.0,9549.795361527968
Hebbal Kempapura,1654.0,3,8500000.0,5139.056831922612
Hebbal Kempapura,3895.0,4,49500000.0,12708.600770218229
Hebbal Kempapura,2302.0,4,30000000.0,13032.145960034752
Hebbal Kempapura,3900.0,4,31000000.0,7948.717948717948
Hebbal Kempapura,1725.0,3,16500000.0,9565.217391304348
Hebbal Kempapura,1200.0,3,12500000.0,10416.666666666666
Hebbal Kempapura,3408.0,3,26000000.0,7629.107981220657
Hebbal Kempapura,1485.0,2,13200000.0,8888.888888888889
Hebbal Kempapura,1400.0,2,10800000.0,7714.285714285715
Hebbal Kempapura,1800.0,3,15000000.0,8333.333333333334
Hebbal Kempapura,2400.0,5,20000000.0,8333.333333333334
Hebbal Kempapura,2800.0,5,22000000.0,7857.142857142857
Hebbal Kempapura,1436.0,3,7500000.0,5222.841225626741
Hebbal Kempapura,1785.0,3,16500000.0,9243.697478991597
Hebbal Kempapura,3729.0,4,38400000.0,10297.666934835077
Hebbal Kempapura,1200.0,4,14800000.0,12333.333333333334
Hebbal Kempapura,1600.0,3,17000000.0,10625.0
Hebbal Kempapura,1730.0,3,17500000.0,10115.606936416185
Hebbal Kempapura,2485.0,4,19800000.0,7967.806841046277
Hegde Nagar,1569.0,3,10100000.0,6437.221159974506
Hegde Nagar,3000.0,6,21000000.0,7000.0
Hegde Nagar,2026.0,3,13200000.0,6515.301085883514
Hegde Nagar,1801.0,3,11500000.0,6385.341476957246
Hegde Nagar,1050.0,2,5600000.0,5333.333333333333
Hegde Nagar,1341.0,2,9700000.0,7233.407904548844
Hegde Nagar,2112.95,3,14500000.0,6862.443503159091
Hegde Nagar,1200.0,4,8300000.0,6916.666666666667
Hegde Nagar,1703.0,3,11300000.0,6635.3493834409865
Hegde Nagar,1570.0,3,10500000.0,6687.898089171975
Hegde Nagar,1801.0,3,14000000.0,7773.459189339256
Hegde Nagar,1584.01,3,10300000.0,6502.484201488627
Hegde Nagar,1965.0,3,12500000.0,6361.323155216285
Hegde Nagar,1200.0,2,7500000.0,6250.0
Hegde Nagar,1847.0,3,13500000.0,7309.1499729290745
Hegde Nagar,1835.0,3,8800000.0,4795.6403269754765
Hegde Nagar,1965.0,3,13200000.0,6717.557251908397
Hegde Nagar,1703.0,3,12500000.0,7339.988256018791
Hegde Nagar,1847.0,3,12500000.0,6767.73145641581
Hegde Nagar,2144.6,3,14500000.0,6761.167583698592
Hegde Nagar,1718.0,3,11900000.0,6926.6589057043075
Hegde Nagar,1847.0,3,12300000.0,6659.447753113156
Hegde Nagar,1340.0,2,7200000.0,5373.134328358209
Hegde Nagar,2087.01,3,11500000.0,5510.275465857853
Hegde Nagar,1703.0,3,13000000.0,7633.587786259542
Hegde Nagar,2087.01,3,13500000.0,6468.584242528785
Hegde Nagar,1718.0,3,13000000.0,7566.938300349243
Hegde Nagar,1884.0,3,11800000.0,6263.2696390658175
Hegde Nagar,1930.0,3,12200000.0,6321.243523316062
Hegde Nagar,1835.0,3,9200000.0,5013.623978201635
Hegde Nagar,1584.01,3,10400000.0,6565.615116066187
Hegde Nagar,1500.0,3,13500000.0,9000.0
Hegde Nagar,1168.0,3,6800000.0,5821.917808219178
Hegde Nagar,2162.03,3,12900000.0,5966.614709324107
Hegde Nagar,2087.01,3,16000000.0,7666.470213367448
Hegde Nagar,1835.0,3,8900000.0,4850.136239782017
Hegde Nagar,1000.0,2,6600000.0,6600.0
Hegde Nagar,1348.0,3,8050000.0,5971.810089020772
Hennur,1075.0,2,5200000.0,4837.209302325581
Hennur,1255.0,2,5232000.0,4168.924302788844
Hennur,1225.0,2,5700000.0,4653.061224489796
Hennur,1255.0,2,5750000.0,4581.673306772908
Hennur,1259.0,2,5700000.0,4527.4027005559965
Hennur,1255.0,2,5350000.0,4262.948207171315
Hennur,1285.0,2,6000000.0,4669.260700389105
Hennur,1100.0,2,6000000.0,5454.545454545455
Hennur,1231.0,2,4800000.0,3899.268887083672
Hennur,1255.0,2,5800000.0,4621.5139442231075
Hennur,1040.0,2,4212000.0,4050.0
Hennur,1255.0,2,5450000.0,4342.629482071713
Hennur,1041.0,2,4060000.0,3900.0960614793466
Hennur,1340.0,3,5424000.0,4047.7611940298507
Hennur,1255.0,2,5550000.0,4422.310756972111
Hennur,1260.0,3,5200000.0,4126.984126984127
Hennur,1231.0,2,5000000.0,4061.7384240454917
Hennur,2500.0,5,12500000.0,5000.0
Hennur,1160.0,2,4900000.0,4224.137931034483
Hennur,2400.0,3,13500000.0,5625.0
Hennur,1100.0,2,4455000.0,4050.0
Hennur,960.0,2,4800000.0,5000.0
Hennur,1020.0,2,4800000.0,4705.882352941177
Hennur,2557.0,4,17000000.0,6648.4161126319905
Hennur,1295.0,2,6400000.0,4942.084942084942
Hennur,1935.0,3,10200000.0,5271.3178294573645
Hennur,1655.0,3,7050000.0,4259.818731117824
Hennur,1345.0,3,6900000.0,5130.111524163569
Hennur,1420.0,2,6200000.0,4366.197183098591
Hennur,1155.0,2,5450000.0,4718.614718614718
Hennur,1255.0,2,5235000.0,4171.314741035857
Hennur,3517.0,4,16150000.0,4591.981802672733
Hennur,1340.0,3,5427000.0,4050.0
Hennur,1830.0,3,11300000.0,6174.863387978142
Hennur,1830.5,3,8420500.0,4600.109259765091
Hennur,1255.0,2,5357000.0,4268.525896414342
Hennur,1830.0,3,12100000.0,6612.021857923497
Hennur,1255.0,2,5650000.0,4501.99203187251
Hennur,1050.0,2,4273000.0,4069.5238095238096
Hennur,1295.0,2,6200000.0,4787.644787644787
Hennur Road,2089.0,3,14000000.0,6701.771182383915
Hennur Road,3203.5,4,22450000.0,7007.960043702201
Hennur Road,5000.0,8,25000000.0,5000.0
Hennur Road,1866.0,3,6158000.0,3300.10718113612
Hennur Road,1385.0,2,8309000.0,5999.27797833935
Hennur Road,1317.5,2,6377000.0,4840.2277039848195
Hennur Road,1500.0,3,6200000.0,4133.333333333333
Hennur Road,2264.0,3,15900000.0,7022.968197879859
Hennur Road,1157.0,2,8400000.0,7260.155574762316
Hennur Road,1904.0,3,12000000.0,6302.5210084033615
Hennur Road,1891.0,3,10900000.0,5764.1459545214175
Hennur Road,1561.0,3,9500000.0,6085.842408712364
Hennur Road,1192.0,3,6000000.0,5033.557046979866
Hennur Road,2060.0,3,14900000.0,7233.0097087378645
Hennur Road,1482.0,3,9200000.0,6207.827260458839
Hennur Road,1232.0,2,8900000.0,7224.025974025974
Hennur Road,1065.0,2,4260000.0,4000.0
Hennur Road,1482.0,3,8373000.0,5649.797570850203
Hennur Road,1482.0,3,8700000.0,5870.4453441295545
Hennur Road,3450.0,4,29400000.0,8521.739130434782
Hennur Road,1891.0,3,13900000.0,7350.608143839238
Hennur Road,1703.0,3,10100000.0,5930.710510863182
Hennur Road,1232.0,2,6961000.0,5650.162337662337
Hennur Road,987.0,2,4900000.0,4964.5390070921985
Hennur Road,1804.0,3,10200000.0,5654.10199556541
Hennur Road,2160.0,3,16000000.0,7407.407407407408
Hennur Road,1186.0,3,6300000.0,5311.973018549747
Hennur Road,1680.0,3,9927000.0,5908.928571428572
Hennur Road,1350.0,2,4900000.0,3629.6296296296296
Hennur Road,1186.0,3,5600000.0,4721.753794266442
Hennur Road,5600.0,5,51500000.0,9196.42857142857
Hennur Road,2350.0,3,17400000.0,7404.255319148936
Hennur Road,1586.0,3,9394000.0,5923.076923076923
Hennur Road,1975.0,3,12300000.0,6227.848101265823
Hennur Road,1664.0,3,9386500.0,5640.9254807692305
Hennur Road,1290.0,3,9450000.0,7325.581395348837
Hennur Road,901.0,2,4950000.0,5493.895671476138
Hennur Road,1445.0,3,8656000.0,5990.311418685121
Hennur Road,1482.0,3,9700000.0,6545.209176788124
Hennur Road,2651.0,3,22500000.0,8487.36325914749
Hennur Road,1182.0,2,8250000.0,6979.6954314720815
Hennur Road,1192.0,3,6200000.0,5201.342281879195
Hennur Road,1036.0,2,5946000.0,5739.382239382239
Hennur Road,2182.0,3,7204000.000000001,3301.5582034830436
Hennur Road,1081.0,2,3027000.0,2800.1850138760406
Hennur Road,2320.0,3,17000000.0,7327.586206896552
Hennur Road,1936.0,3,11800000.0,6095.0413223140495
Hennur Road,1480.0,2,6500000.0,4391.891891891892
Hennur Road,1590.0,3,9650000.0,6069.182389937107
Hennur Road,1445.0,3,10500000.0,7266.435986159169
Hennur Road,1036.0,2,5945000.0,5738.416988416989
Hennur Road,1976.0,3,6520999.999999999,3300.101214574898
Hennur Road,1832.0,3,12500000.0,6823.144104803493
Hennur Road,1359.0,2,10400000.0,7652.685798381162
Hennur Road,1341.0,2,7576000.000000001,5649.515287099181
Hennur Road,1040.0,2,5000000.0,4807.692307692308
Hennur Road,1685.0,3,9500000.0,5637.982195845697
Hennur Road,1414.0,2,8418000.0,5953.323903818953
Hennur Road,1949.0,3,13300000.0,6824.012314007183
Hennur Road,1250.0,3,7788000.0,6230.4
Hennur Road,2502.0,4,18000000.0,7194.244604316546
Hennur Road,1831.0,3,11000000.0,6007.646095030038
Hennur Road,1232.0,2,8700000.0,7061.688311688312
Hennur Road,1232.0,2,7400000.0,6006.493506493506
Hennur Road,1232.0,2,6600000.0,5357.142857142857
Hennur Road,1341.0,2,9500000.0,7084.265473527218
Hennur Road,2700.0,3,15000000.0,5555.555555555556
Hennur Road,1232.0,2,8800000.0,7142.857142857143
Hennur Road,2365.0,3,17500000.0,7399.577167019028
Hennur Road,1310.0,2,6600000.0,5038.167938931298
Hennur Road,1552.0,3,7500000.0,4832.474226804124
Hennur Road,1015.0,2,5000000.0,4926.108374384236
Hennur Road,1186.0,3,5533000.0,4665.2613827993255
Hennur Road,2264.0,3,16800000.0,7420.494699646643
Hennur Road,2002.0,3,12000000.0,5994.005994005994
Hennur Road,1232.0,2,6959999.999999999,5649.350649350648
Hennur Road,1195.0,2,7300000.0,6108.786610878661
Hennur Road,1020.0,2,4700000.0,4607.843137254902
Hennur Road,5100.0,5,37500000.0,7352.941176470588
Hennur Road,1061.0,2,5492000.0,5176.248821866164
Hennur Road,1585.0,3,8000000.0,5047.318611987382
Hennur Road,1020.0,2,4500000.0,4411.764705882353
Hennur Road,2041.0,3,12800000.0,6271.435570798628
Hennur Road,1066.0,2,5223000.0,4899.624765478424
Hennur Road,973.0,2,5600000.0,5755.395683453237
Hennur Road,1255.0,2,8400000.0,6693.227091633466
Hennur Road,1232.0,2,8300000.0,6737.012987012987
Hennur Road,1832.0,3,11600000.0,6331.8777292576415
Hennur Road,2050.0,3,12000000.0,5853.658536585366
Hennur Road,1445.0,3,8669000.0,5999.307958477509
Hennur Road,1297.0,2,4990000.0,3847.3400154202004
Hennur Road,1153.0,2,4300000.0,3729.4015611448394
Hennur Road,1445.0,3,8300000.0,5743.9446366782
Hennur Road,1679.0,3,9486000.0,5649.791542584872
Hennur Road,1482.0,3,6890000.000000001,4649.122807017545
Hennur Road,1654.0,3,9780000.0,5912.938331318017
Hennur Road,1305.0,3,11000000.0,8429.11877394636
Hennur Road,1480.0,3,10000000.0,6756.756756756757
Hennur Road,1450.0,3,8860000.0,6110.3448275862065
Hennur Road,1155.0,2,6918000.000000001,5989.6103896103905
Hennur Road,1053.0,2,5300000.0,5033.2383665717
Hennur Road,1195.0,2,5900000.0,4937.238493723849
Hennur Road,2047.0,3,6755000.0,3299.9511480214946
Hennur Road,1904.0,3,12900000.0,6775.210084033613
Hennur Road,1981.0,3,13400000.0,6764.260474507824
Hennur Road,2000.0,4,9000000.0,4500.0
Hennur Road,1590.0,3,10500000.0,6603.773584905661
Hennur Road,1200.0,2,3600000.0,3000.0
Hennur Road,2041.0,3,13800000.0,6761.391474767271
Hennur Road,1100.0,3,7800000.0,7090.909090909091
Hennur Road,1880.0,4,15400000.0,8191.489361702128
Hennur Road,1748.0,3,10300000.0,5892.448512585813
Hennur Road,1460.0,2,8030000.0,5500.0
Hennur Road,1570.0,3,7598999.999999999,4840.127388535031
Hennur Road,1933.0,3,14000000.0,7242.628039317124
Hennur Road,1030.0,2,4650000.0,4514.563106796117
Hennur Road,2950.0,4,25300000.0,8576.271186440677
Hennur Road,1450.0,3,7900000.0,5448.275862068966
Hennur Road,1445.0,3,8956000.0,6197.923875432526
Hennur Road,973.0,2,5074000.0,5214.799588900309
Hennur Road,1305.0,3,7700000.0,5900.383141762452
Hennur Road,1672.0,3,8600000.0,5143.540669856459
Hennur Road,1165.0,2,6700000.0,5751.07296137339
Hennur Road,980.0,2,5100000.0,5204.081632653061
Hennur Road,1232.0,2,8000000.0,6493.506493506494
Hennur Road,1085.0,2,4340000.0,4000.0
Hennur Road,950.0,2,5500000.0,5789.473684210527
Hennur Road,1140.0,2,5600000.0,4912.2807017543855
Hennur Road,1891.0,3,11000000.0,5817.028027498678
Hennur Road,1735.0,3,7800000.0,4495.677233429395
Hennur Road,1470.0,3,7500000.0,5102.040816326531
Hennur Road,1165.0,2,5200000.0,4463.519313304721
Hennur Road,1052.0,2,3472000.0,3300.380228136882
Hennur Road,1450.0,2,8000000.0,5517.241379310345
Hennur Road,1936.0,3,13100000.0,6766.528925619835
Hoodi,985.0,2,6700000.0,6802.030456852792
Hoodi,1715.0,3,9500000.0,5539.35860058309
Hoodi,1196.0,2,9442000.0,7894.648829431439
Hoodi,1545.0,3,6875000.0,4449.838187702266
Hoodi,2118.0,4,11100000.0,5240.793201133144
Hoodi,1425.0,2,8000000.0,5614.035087719299
Hoodi,1420.0,2,7500000.0,5281.69014084507
Hoodi,1639.0,3,11000000.0,6711.4093959731545
Hoodi,1606.0,3,8955000.0,5575.965130759651
Hoodi,1639.0,3,9832000.0,5998.779743746187
Hoodi,2090.0,4,9510000.0,4550.239234449761
Hoodi,1445.0,3,6500000.0,4498.269896193771
Hoodi,1575.0,3,6639000.0,4215.238095238095
Hoodi,2863.0,4,14000000.0,4889.97555012225
Hoodi,1512.0,3,7577000.0,5011.243386243386
Hoodi,1026.0,2,6087000.0,5932.748538011696
Hoodi,1050.0,2,5000000.0,4761.9047619047615
Hoodi,1837.0,3,14500000.0,7893.304300489929
Hoodi,1400.0,2,7800000.0,5571.428571428572
Hoodi,2400.0,5,16000000.0,6666.666666666667
Hoodi,1350.0,3,4800000.0,3555.5555555555557
Hoodi,1850.0,3,14600000.0,7891.891891891892
Hoodi,1196.0,2,7173999.999999999,5998.327759197324
Hoodi,1430.0,2,11300000.0,7902.097902097902
Hoodi,1553.0,3,8309000.0,5350.289761751449
Hoodi,1220.0,2,5089000.0,4171.311475409836
Hoodi,1105.0,2,4637000.0,4196.380090497738
Hoodi,1247.0,2,5300000.0,4250.200481154771
Hoodi,1500.0,2,8400000.0,5600.0
Hoodi,1132.0,2,8937000.0,7894.876325088339
Hoodi,1055.0,2,5763000.0,5462.559241706161
Hoodi,1925.0,3,11400000.0,5922.077922077922
Hoodi,1112.0,2,8800000.0,7913.669064748202
Hoodi,1400.0,2,8200000.0,5857.142857142857
Hoodi,1746.0,3,8495000.0,4865.406643757159
Hoodi,706.0,1,4824000.0,6832.8611898017
Hoodi,1257.0,2,6900000.0,5489.260143198091
Hoodi,1132.0,2,6790000.000000001,5998.233215547704
Hoodi,1108.0,2,8700000.0,7851.985559566787
Hoodi,1430.0,2,11000000.0,7692.307692307692
Hoodi,1925.0,3,11000000.0,5714.285714285715
Hoodi,1132.0,2,8900000.0,7862.190812720848
Hoodi,948.0,2,7500000.0,7911.392405063291
Hoodi,1769.0,3,9687000.0,5475.975127190503
Hoodi,1257.0,2,7103000.0,5650.755767700875
Hoodi,1305.0,2,7500000.0,5747.126436781609
Hoodi,1240.0,2,4394000.0,3543.548387096774
Hoodi,1490.0,3,7900000.0,5302.013422818792
Hoodi,1240.0,2,6500000.0,5241.935483870968
Hoodi,1250.0,2,9800000.0,7840.0
Hoodi,1370.0,3,6700000.0,4890.510948905109
Hoodi,1639.0,3,12900000.0,7870.65283709579
Hoodi,1108.0,2,7423000.0,6699.458483754513
Hoodi,1530.0,3,6700000.0,4379.084967320261
Hoodi,1655.0,3,13100000.0,7915.407854984895
Hoodi,1257.0,2,6850000.0,5449.482895783612
Hoodi,1000.0,2,4800000.0,4800.0
Hoodi,1063.0,2,6117000.0,5754.468485418626
Hoodi,1259.0,2,6945000.0,5516.282764098491
Hoodi,1837.0,3,14200000.0,7729.994556341861
Hoodi,2065.5,4,9191500.0,4450.012103606875
Hoodi,1111.0,2,4943000.0,4449.1449144914495
Hoodi,711.0,1,4265000.0,5998.5935302391
Hoodi,1559.0,3,8155000.0,5230.917254650417
Hoodi,863.0,1,4054999.9999999995,4698.725376593278
Hoodi,1715.0,3,10000000.0,5830.903790087464
Hoodi,1350.0,3,7000000.0,5185.185185185185
Hoodi,1660.0,3,13100000.0,7891.566265060241
Hoodi,1225.0,2,4500000.0,3673.469387755102
Hoodi,1447.0,2,7600000.0,5252.24602626123
Hoodi,1660.0,3,12800000.0,7710.843373493976
Hoodi,2144.0,3,14000000.0,6529.850746268657
Hoodi,1108.0,2,6645999.999999999,5998.194945848375
Hoodi,1108.0,2,8748000.0,7895.306859205776
Hoodi,1400.0,3,7400000.0,5285.714285714285
Hoodi,1837.0,3,11000000.0,5988.023952095808
Hoodi,1660.0,3,12500000.0,7530.120481927711
Hoodi,3385.0,4,22000000.0,6499.261447562777
Hoodi,1644.0,3,8051000.000000001,4897.20194647202
Hoodi,1181.0,2,5500000.0,4657.070279424217
Hoodi,1490.0,3,8500000.0,5704.697986577181
Hoodi,1258.5,2,5913500.0,4698.847834723878
Horamavu Agara,1200.0,2,4500000.0,3750.0
Horamavu Agara,1560.0,3,7500000.0,4807.692307692308
Horamavu Agara,1453.0,3,4648000.0,3198.8988300068822
Horamavu Agara,755.0,2,3749000.0,4965.562913907284
Horamavu Agara,982.0,2,4765000.0,4852.34215885947
Horamavu Agara,1650.0,3,7500000.0,4545.454545454545
Horamavu Agara,950.0,2,3900000.0,4105.263157894737
Horamavu Agara,1170.0,2,3800000.0,3247.863247863248
Horamavu Agara,1756.0,3,9200000.0,5239.179954441914
Horamavu Agara,1106.0,2,4309000.0,3896.021699819168
Horamavu Agara,1079.0,2,4100000.0,3799.8146431881373
Horamavu Agara,1169.0,2,6400000.0,5474.764756201882
Horamavu Agara,1265.0,3,6500000.0,5138.339920948617
Horamavu Agara,1060.0,2,3700000.0,3490.566037735849
Horamavu Agara,1107.83,2,4151000.0,3746.964787016059
Horamavu Agara,980.0,2,3819000.0,3896.938775510204
Horamavu Agara,1250.0,3,6500000.0,5200.0
Horamavu Agara,1284.0,3,7500000.0,5841.121495327103
Horamavu Agara,1145.0,2,4121000.0,3599.126637554585
Horamavu Agara,2400.0,5,8000000.0,3333.3333333333335
Horamavu Agara,1000.0,2,4600000.0,4600.0
Horamavu Agara,760.0,2,3749000.0,4932.894736842105
Horamavu Agara,1150.0,2,4200000.0,3652.1739130434785
Horamavu Agara,1364.0,3,5000000.0,3665.689149560117
Horamavu Agara,1623.0,3,8900000.0,5483.672211953173
Horamavu Agara,750.0,2,3749000.0,4998.666666666667
Horamavu Agara,625.0,1,2700000.0,4320.0
Horamavu Agara,1080.0,2,3800000.0,3518.5185185185187
Horamavu Agara,1176.0,3,3761999.9999999995,3198.9795918367345
Horamavu Agara,1166.0,2,3729000.0,3198.1132075471696
Horamavu Agara,994.0,2,4228000.0,4253.521126760564
Horamavu Agara,1220.0,2,3900000.0,3196.72131147541
Horamavu Agara,1213.0,2,3810000.0,3140.9727947238252
Horamavu Agara,1300.0,3,5200000.0,4000.0
Horamavu Agara,1090.0,2,4600000.0,4220.183486238532
Horamavu Agara,1400.0,3,6300000.0,4500.0
Horamavu Agara,1557.0,3,7000000.0,4495.82530507386
Horamavu Agara,1058.0,2,4700000.0,4442.34404536862
Horamavu Banaswadi,1554.0,3,5500000.0,3539.253539253539
Horamavu Banaswadi,1611.0,3,6600000.0,4096.83426443203
Horamavu Banaswadi,1460.0,2,8050000.0,5513.698630136986
Horamavu Banaswadi,1156.0,2,4600000.0,3979.2387543252594
Horamavu Banaswadi,1180.0,2,5800000.0,4915.254237288135
Horamavu Banaswadi,1307.0,2,5160000.0,3947.972456006121
Horamavu Banaswadi,3800.0,6,20000000.0,5263.1578947368425
Horamavu Banaswadi,1357.0,2,5400000.0,3979.3662490788506
Horamavu Banaswadi,925.0,2,3800000.0,4108.108108108108
Horamavu Banaswadi,1272.0,2,4800000.0,3773.5849056603774
Horamavu Banaswadi,1225.0,2,4950000.0,4040.816326530612
Horamavu Banaswadi,1272.0,2,5150000.0,4048.7421383647797
Horamavu Banaswadi,1156.0,2,4690000.0,4057.093425605536
Horamavu Banaswadi,1200.0,2,4500000.0,3750.0
Horamavu Banaswadi,1254.0,2,4700000.0,3748.006379585327
Horamavu Banaswadi,1610.0,3,6800000.0,4223.60248447205
Horamavu Banaswadi,1210.0,2,5000000.0,4132.231404958678
Horamavu Banaswadi,1272.0,2,5000000.0,3930.817610062893
Horamavu Banaswadi,1025.0,2,4500000.0,4390.243902439024
Horamavu Banaswadi,1081.0,2,5200000.0,4810.360777058279
Horamavu Banaswadi,1000.0,2,5000000.0,5000.0
Hormavu,1500.0,2,7800000.0,5200.0
Hormavu,1150.0,2,5500000.0,4782.608695652174
Hormavu,715.0,1,4600000.0,6433.566433566433
Hormavu,2100.0,3,7300000.0,3476.190476190476
Hormavu,1180.0,2,5000000.0,4237.28813559322
Hormavu,1050.0,2,7700000.0,7333.333333333333
Hormavu,1200.0,2,6700000.0,5583.333333333333
Hormavu,1200.0,2,7000000.0,5833.333333333333
Hormavu,1175.0,2,5200000.0,4425.531914893617
Hormavu,1351.0,1,5300000.0,3923.019985196151
Hormavu,1141.0,2,4440000.0,3891.3234005258546
Hormavu,1130.0,2,4230000.0,3743.362831858407
Hormavu,1500.0,3,7000000.0,4666.666666666667
Hormavu,1725.0,3,8500000.0,4927.536231884058
Hormavu,1153.0,2,6500000.0,5637.467476149176
Hormavu,1453.0,3,4358000.0,2999.3117687543013
Hormavu,1150.0,2,5311000.0,4618.260869565217
Hormavu,1123.0,2,5600000.0,4986.642920747997
Hormavu,1385.0,3,6900000.0,4981.949458483755
Hormavu,1617.5,3,7359500.0,4549.922720247295
Hormavu,3000.0,4,10000000.0,3333.3333333333335
Hormavu,1093.0,2,3278000.0,2999.085086916743
Hormavu,1260.0,2,3500000.0,2777.777777777778
Hormavu,1176.0,3,3527000.0000000005,2999.149659863946
Hormavu,1030.0,2,4935000.0,4791.26213592233
Hormavu,1018.0,2,5080000.0,4990.176817288801
Hormavu,1555.0,3,7500000.0,4823.15112540193
Hormavu,1143.0,2,5300000.0,4636.920384951881
Hormavu,1100.0,2,3800000.0,3454.5454545454545
Hormavu,1000.0,2,5000000.0,5000.0
Hormavu,1350.0,2,4500000.0,3333.3333333333335
Hormavu,1200.0,2,6800000.0,5666.666666666667
Hormavu,1553.0,3,5823000.0,3749.5170637475853
Hormavu,765.0,2,3749000.0,4900.653594771242
Hormavu,1668.0,3,12000000.0,7194.244604316546
Hormavu,1420.0,3,5800000.0,4084.507042253521
Hormavu,1081.5,2,3866500.0,3575.127138233934
Hormavu,1250.0,2,6000000.0,4800.0
Hormavu,1206.0,2,4000000.0,3316.749585406302
Hormavu,965.0,2,3715000.0,3849.740932642487
Hormavu,583.0,1,2827500.0,4849.91423670669
Hormavu,1129.0,2,4400000.0,3897.2542072630645
Hormavu,1385.0,3,6925000.0,5000.0
Hormavu,1165.0,2,4000000.0,3433.4763948497853
Hormavu,1065.0,2,5092000.0,4781.220657276996
Hormavu,1046.0,2,6000000.0,5736.137667304015
Hormavu,1400.0,2,7500000.0,5357.142857142857
Hormavu,2400.0,3,17700000.0,7375.0
Hormavu,1365.0,3,6500000.0,4761.9047619047615
Hormavu,1196.0,2,4480000.0,3745.819397993311
Hormavu,1263.0,2,4736000.0,3749.802058590657
Hormavu,1015.0,2,3908000.0,3850.246305418719
Hormavu,1550.0,3,6000000.0,3870.967741935484
Hormavu,1200.0,2,7300000.0,6083.333333333333
Hormavu,1250.0,2,6500000.0,5200.0
Hormavu,1604.0,3,6800000.0,4239.401496259352
Hormavu,1075.0,2,5370000.0,4995.3488372093025
Hormavu,980.0,2,4200000.0,4285.714285714285
Hormavu,860.0,2,5600000.0,6511.627906976744
Hormavu,2282.0,4,11500000.0,5039.439088518843
Hormavu,1206.0,2,5500000.0,4560.530679933665
Hormavu,1310.0,2,6700000.0,5114.503816793893
Hormavu,1310.0,2,6000000.0,4580.152671755725
Hormavu,1020.0,2,4575000.0,4485.294117647059
Hormavu,1166.0,3,3497000.0,2999.1423670668955
Hormavu,1210.0,2,6900000.0,5702.479338842975
Hosa Road,1063.0,2,3200000.0,3010.348071495767
Hosa Road,1652.0,3,8500000.0,5145.2784503631965
Hosa Road,1045.0,2,9889000.0,9463.157894736842
Hosa Road,1639.0,3,8000000.0,4881.0250152532035
Hosa Road,1161.0,2,5515000.0,4750.215331610681
Hosa Road,1726.0,3,8198999.999999999,4750.289687137891
Hosa Road,1079.0,2,3236999.9999999995,2999.9999999999995
Hosa Road,1063.0,2,3189000.0,3000.0
Hosa Road,1100.0,2,3710000.0,3372.7272727272725
Hosa Road,1286.0,3,11500000.0,8942.457231726283
Hosa Road,1430.0,2,9752000.0,6819.580419580419
Hosa Road,1104.0,2,3643000.0,3299.81884057971
Hosa Road,1063.0,2,3190000.0,3000.9407337723424
Hosa Road,1365.0,2,9200000.0,6739.92673992674
Hosa Road,1243.0,2,4850000.0,3901.850362027353
Hosa Road,1541.0,3,6984000.0,4532.121998702141
Hosa Road,1332.0,3,8612000.0,6465.465465465465
Hosa Road,1665.0,3,12500000.0,7507.507507507507
Hosa Road,615.0,1,2829000.0,4600.0
Hosa Road,1318.0,3,8528000.0,6470.40971168437
Hosa Road,1513.0,3,10300000.0,6807.666886979511
Hosa Road,1133.0,2,5200000.0,4589.585172109444
Hosa Road,1369.1,2,10400000.0,7596.231100723103
Hosa Road,1512.0,3,12300000.0,8134.920634920635
Hosa Road,1016.0,2,4000000.0,3937.0078740157483
Hosa Road,972.0,2,4000000.0,4115.22633744856
Hosa Road,760.0,1,2490000.0,3276.315789473684
Hosa Road,1532.0,3,9813000.0,6405.352480417754
Hosa Road,1525.84,3,11700000.0,7667.90751323861
Hosa Road,1100.0,3,8500000.0,7727.272727272727
Hosa Road,1680.0,3,10100000.0,6011.9047619047615
Hosa Road,880.0,2,5000000.0,5681.818181818182
Hosa Road,1286.0,3,10900000.0,8475.894245723173
Hosa Road,1533.0,3,9818000.0,6404.4357469015
Hosa Road,1040.0,2,6859000.0,6595.192307692308
Hosa Road,1369.1,2,9800000.0,7157.986998758309
Hosa Road,1040.0,2,6100000.0,5865.384615384615
Hosa Road,2500.0,3,10000000.0,4000.0
Hosa Road,1245.0,2,6200000.0,4979.919678714859
Hosa Road,1311.0,3,8486000.0,6472.921434019832
Hosa Road,1063.0,2,3279999.9999999995,3085.6067732831602
Hosa Road,1512.0,3,10300000.0,6812.169312169312
Hosa Road,800.0,1,3999000.0,4998.75
Hosa Road,840.0,2,2800000.0,3333.3333333333335
Hosa Road,1364.0,2,6479000.000000001,4750.000000000001
Hosa Road,1016.0,2,4500000.0,4429.133858267716
Hosa Road,1730.0,3,7259999.999999999,4196.531791907514
Hosa Road,1143.0,2,3420000.0000000005,2992.125984251969
Hosa Road,1360.0,2,7761000.0,5706.617647058823
Hosa Road,1170.0,2,6500000.0,5555.555555555556
Hosa Road,1089.0,2,3267000.0,3000.0
Hosa Road,1538.0,3,10700000.0,6957.087126137842
Hosa Road,1470.0,3,8422000.0,5729.251700680272
Hosa Road,625.0,1,4368000.0,6988.8
Hosa Road,1708.0,4,6405000.0,3750.0
Hosa Road,1063.0,2,3279000.0,3084.6660395108183
Hosa Road,1161.0,2,4875000.0,4198.966408268734
Hosa Road,1893.0,3,13000000.0,6867.406233491812
Hosa Road,1286.0,3,11000000.0,8553.654743390358
Hosa Road,1541.0,3,6961000.0,4517.1966255678135
Hosa Road,615.0,1,4308000.0,7004.878048780488
Hosa Road,1016.0,2,3995000.0000000005,3932.086614173229
Hosakerehalli,2378.0,3,26200000.0,11017.661900756939
Hosakerehalli,3205.0,4,50000000.0,15600.624024960998
Hosakerehalli,2376.0,3,20300000.0,8543.771043771043
Hosakerehalli,2480.0,3,33000000.0,13306.451612903225
Hosakerehalli,3205.0,4,38000000.0,11856.474258970358
Hosakerehalli,1590.0,3,4900000.0,3081.761006289308
Hosakerehalli,3024.0,4,24800000.0,8201.0582010582
Hosakerehalli,1085.0,2,4774000.0,4400.0
Hosakerehalli,1500.0,4,7000000.0,4666.666666666667
Hosakerehalli,3024.0,4,35000000.0,11574.074074074075
Hosakerehalli,1200.0,3,17500000.0,14583.333333333334
Hosakerehalli,2400.0,5,25000000.0,10416.666666666666
Hosakerehalli,1817.0,3,15300000.0,8420.473307649972
Hosakerehalli,1304.0,2,10000000.0,7668.711656441717
Hosakerehalli,1925.0,2,5000000.0,2597.4025974025976
Hosakerehalli,1085.0,2,4122999.9999999995,3799.9999999999995
Hosakerehalli,1200.0,1,15000000.0,12500.0
Hosakerehalli,3600.0,8,14500000.0,4027.777777777778
Hosakerehalli,2480.0,3,24500000.0,9879.032258064517
Hosakerehalli,925.0,2,4650000.0,5027.027027027027
Hosakerehalli,2480.0,3,26000000.0,10483.870967741936
Hosakerehalli,1596.0,3,7980000.0,5000.0
Hosakerehalli,1200.0,3,10000000.0,8333.333333333334
Hosakerehalli,3205.0,4,30000000.0,9360.374414976599
Hosakerehalli,3033.0,4,32600000.0,10748.433893834488
Hosakerehalli,1410.0,3,5358000.0,3800.0
Hosakerehalli,600.0,2,6500000.0,10833.333333333334
Hosakerehalli,2480.0,3,26500000.0,10685.483870967742
Hosakerehalli,2378.0,3,31000000.0,13036.164844407065
Hosakerehalli,1795.0,3,6462000.0,3600.0
Hosakerehalli,925.0,2,4625000.0,5000.0
Hosakerehalli,2376.0,3,24000000.0,10101.0101010101
Hosakerehalli,4500.0,5,14500000.0,3222.222222222222
Hosakerehalli,1500.0,5,14500000.0,9666.666666666666
Hoskote,1250.0,3,5000000.0,4000.0
Hoskote,1225.0,3,4000000.0,3265.3061224489797
Hoskote,1740.0,3,6000000.0,3448.2758620689656
Hoskote,1170.0,2,4500000.0,3846.153846153846
Hoskote,1250.0,3,2900000.0,2320.0
Hoskote,1200.0,3,5700000.0,4750.0
Hoskote,1730.0,2,2854500.0,1650.0
Hoskote,1069.0,3,3800000.0,3554.724041159963
Hoskote,1095.0,2,3360000.0,3068.4931506849316
Hoskote,1695.0,3,5000000.0,2949.8525073746314
Hoskote,1065.0,2,3150000.0,2957.7464788732395
Hoskote,1395.0,3,6300000.0,4516.129032258064
Hoskote,1065.0,2,2850000.0,2676.056338028169
Hoskote,945.0,2,3500000.0,3703.703703703704
Hoskote,1003.5,2,2809500.0,2799.701046337818
Hoskote,1065.0,2,3375000.0,3169.0140845070423
Hoskote,509.0,1,2300000.0,4518.664047151277
Hosur Road,1656.0,2,12000000.0,7246.376811594203
Hosur Road,1194.0,2,6900000.0,5778.894472361809
Hosur Road,1175.0,3,4800000.0,4085.1063829787236
Hosur Road,1145.0,3,6000000.0,5240.174672489083
Hosur Road,3300.0,5,24000000.0,7272.727272727273
Hosur Road,1510.0,3,10500000.0,6953.64238410596
Hosur Road,1427.0,3,8063000.0,5650.31534688157
Hosur Road,1508.0,3,11000000.0,7294.429708222811
Hosur Road,1345.0,2,10600000.0,7881.0408921933085
Hosur Road,1085.0,2,3038000.0,2800.0
Hosur Road,1590.0,3,12500000.0,7861.635220125786
Hosur Road,460.0,1,2100000.0,4565.217391304348
Hosur Road,1590.0,3,13500000.0,8490.566037735849
Hosur Road,1890.0,3,16200000.0,8571.42857142857
Hosur Road,1180.0,2,3650000.0,3093.2203389830506
Hosur Road,760.0,1,2128000.0,2800.0
Hosur Road,1733.0,3,8500000.0,4904.789382573572
Hosur Road,1179.0,2,4900000.0,4156.064461407973
Hosur Road,950.0,2,6000000.0,6315.789473684211
Hosur Road,1194.0,2,7164000.0,6000.0
Hosur Road,1766.0,3,13000000.0,7361.268403171008
Hosur Road,1689.0,3,10300000.0,6098.283007696862
Hosur Road,3600.0,5,18000000.0,5000.0
Hosur Road,1085.0,2,3370000.0000000005,3105.9907834101386
Hosur Road,2000.0,4,6900000.0,3450.0
Hosur Road,1590.0,3,12600000.0,7924.528301886792
Hosur Road,1170.0,2,4800000.0,4102.5641025641025
Hosur Road,1345.0,2,10800000.0,8029.739776951673
Hosur Road,1250.0,2,5500000.0,4400.0
Hosur Road,660.0,1,2300000.0,3484.848484848485
Hosur Road,2835.0,4,24100000.0,8500.881834215168
Hosur Road,3000.0,4,16000000.0,5333.333333333333
Hosur Road,1370.0,3,3836000.0,2800.0
Hosur Road,2000.0,4,13000000.0,6500.0
Hosur Road,1250.0,2,6500000.0,5200.0
Hosur Road,2289.0,3,18000000.0,7863.695937090432
Hosur Road,1427.0,3,13000000.0,9110.021023125439
Hosur Road,1250.0,3,5000000.0,4000.0
Hosur Road,1350.0,2,844000.0,625.1851851851852
Hosur Road,1685.0,3,9000000.0,5341.246290801187
Hosur Road,1223.0,2,9300000.0,7604.251839738348
Hosur Road,1464.0,3,5600000.0,3825.136612021858
Hosur Road,1919.0,3,11700000.0,6096.925482021887
Hulimavu,1125.0,2,5000000.0,4444.444444444444
Hulimavu,1242.0,2,5100000.0,4106.280193236715
Hulimavu,1650.0,3,7800000.0,4727.272727272727
Hulimavu,1823.0,3,10000000.0,5485.463521667581
Hulimavu,1300.0,2,3600000.0,2769.230769230769
Hulimavu,1080.0,2,4320000.0,4000.0
Hulimavu,1100.0,2,7150000.0,6500.0
Hulimavu,1758.0,3,6500000.0,3697.3833902161546
Hulimavu,688.0,1,5000000.0,7267.441860465116
Hulimavu,1255.0,2,7300000.0,5816.733067729084
Hulimavu,1200.0,4,7500000.0,6250.0
Hulimavu,1058.0,2,4800000.0,4536.862003780719
Hulimavu,1375.0,2,8000000.0,5818.181818181818
Hulimavu,1248.0,2,6900000.0,5528.846153846154
Hulimavu,1818.0,3,13500000.0,7425.742574257426
Hulimavu,1225.0,2,5500000.0,4489.7959183673465
Hulimavu,1255.0,2,7400000.0,5896.414342629482
Hulimavu,1175.0,2,4500000.0,3829.7872340425533
Hulimavu,1255.0,2,6900000.0,5498.00796812749
Hulimavu,1255.0,2,6600000.0,5258.964143426295
Hulimavu,3035.0,3,27100000.0,8929.159802306425
Hulimavu,3035.0,3,22000000.0,7248.764415156507
Hulimavu,1127.0,2,6500000.0,5767.524401064774
Hulimavu,1200.0,2,5000000.0,4166.666666666667
Hulimavu,1450.0,3,7200000.0,4965.517241379311
Hulimavu,1200.0,2,7500000.0,6250.0
Hulimavu,1286.0,2,4600000.0,3576.9828926905134
Hulimavu,1430.0,3,9000000.0,6293.706293706294
Hulimavu,850.0,2,3950000.0,4647.058823529412
Hulimavu,1000.0,2,4500000.0,4500.0
Hulimavu,1320.0,3,5900000.0,4469.69696969697
Hulimavu,2000.0,4,10000000.0,5000.0
Hulimavu,3560.0,4,31800000.0,8932.58426966292
Hulimavu,1011.0,2,3800000.0,3758.6547972304647
Hulimavu,1276.0,2,7600000.0,5956.112852664577
Hulimavu,1500.0,2,9000000.0,6000.0
Hulimavu,1315.0,2,6048000.0,4599.239543726236
Hulimavu,1021.0,2,7600000.0,7443.682664054848
Hulimavu,581.0,1,2900000.0,4991.394148020654
Hulimavu,935.0,2,4500000.0,4812.834224598931
Hulimavu,1320.0,3,6500000.0,4924.242424242424
Hulimavu,1260.0,3,8200000.0,6507.936507936508
Hulimavu,450.0,1,2000000.0,4444.444444444444
Hulimavu,1231.0,2,8450000.0,6864.337936636881
Hulimavu,1916.0,3,15000000.0,7828.8100208768265
Hulimavu,1115.0,2,4460000.0,4000.0
ISRO Layout,4400.0,6,25000000.0,5681.818181818182
ISRO Layout,1000.0,2,6000000.0,6000.0
ISRO Layout,1180.0,2,5200000.0,4406.779661016949
ISRO Layout,1310.0,3,6800000.0,5190.839694656489
ISRO Layout,4200.0,4,25500000.0,6071.428571428572
ISRO Layout,1050.0,2,5100000.0,4857.142857142857
ISRO Layout,1370.0,3,8700000.0,6350.36496350365
ISRO Layout,1200.0,2,4300000.0,3583.3333333333335
ITPL,1200.0,3,5612000.0,4676.666666666667
ITPL,1548.0,3,8950000.0,5781.6537467700255
ITPL,1200.0,3,6840000.000000001,5700.000000000001
ITPL,3262.0,4,20500000.0,6284.488044144697
ITPL,1000.0,2,2995000.0,2995.0
ITPL,907.0,2,5543000.0,6111.35611907387
ITPL,900.0,2,2700000.0,3000.0
ITPL,1500.0,3,6152000.0,4101.333333333333
ITPL,5667.5,4,30000000.0,5293.33921482135
ITPL,850.0,2,2540000.0,2988.235294117647
Iblur Village,3235.0,3,23500000.0,7264.296754250387
Iblur Village,3596.0,4,29000000.0,8064.5161290322585
Iblur Village,1920.0,3,13000000.0,6770.833333333333
Iblur Village,1995.0,3,13500000.0,6766.917293233083
Iblur Village,3596.0,4,28200000.0,7842.046718576195
Iblur Village,1918.0,3,12900000.0,6725.7559958289885
Iblur Village,3596.0,4,25200000.0,7007.786429365962
Iblur Village,2987.5,4,19100000.0,6393.305439330544
Iblur Village,2100.0,3,14500000.0,6904.761904761905
Iblur Village,1920.0,3,15000000.0,7812.5
Iblur Village,2000.0,3,13800000.0,6900.0
Iblur Village,3596.0,4,26000000.0,7230.255839822024
Iblur Village,3596.0,4,27900000.0,7758.620689655172
Iblur Village,2666.0,3,20000000.0,7501.875468867217
Iblur Village,5384.0,5,42000000.0,7800.891530460624
Iblur Village,3596.0,4,29700000.0,8259.176863181312
Iblur Village,5515.0,5,42500000.0,7706.255666364461
Iblur Village,3596.0,4,26800000.0,7452.725250278087
Iblur Village,3596.0,4,25100000.0,6979.9777530589545
Indira Nagar,2200.0,4,20000000.0,9090.90909090909
Indira Nagar,1200.0,2,9300000.0,7750.0
Indira Nagar,1128.0,2,10500000.0,9308.510638297872
Indira Nagar,2800.0,3,33000000.0,11785.714285714286
Indira Nagar,1650.0,3,20000000.0,12121.212121212122
Indira Nagar,1875.0,3,18000000.0,9600.0
Indira Nagar,1210.0,2,10200000.0,8429.752066115703
Indira Nagar,1224.0,2,10500000.0,8578.43137254902
Indira Nagar,2070.0,3,22500000.0,10869.565217391304
Indira Nagar,500.0,1,7000000.0,14000.0
Indira Nagar,1400.0,2,16800000.0,12000.0
Indira Nagar,2400.0,4,52500000.0,21875.0
Indira Nagar,1407.0,3,12000000.0,8528.784648187633
Indira Nagar,1145.0,2,10000000.0,8733.624454148472
Indira Nagar,1470.0,2,17000000.0,11564.625850340137
Indira Nagar,2700.0,3,32400000.0,12000.0
Indira Nagar,850.0,1,5700000.0,6705.882352941177
Indira Nagar,3250.0,8,60000000.0,18461.53846153846
Indira Nagar,2601.0,3,31200000.0,11995.386389850059
Indira Nagar,1260.0,2,10000000.0,7936.507936507936
Indira Nagar,1740.0,3,19100000.0,10977.011494252874
Indira Nagar,1650.0,3,22000000.0,13333.333333333334
Indira Nagar,1700.0,3,15000000.0,8823.529411764706
Indira Nagar,3200.0,4,25000000.0,7812.5
Indira Nagar,1440.0,3,27500000.0,19097.222222222223
Indira Nagar,1475.0,2,17100000.0,11593.22033898305
Indira Nagar,3200.0,4,44000000.0,13750.0
Indira Nagar,4000.0,4,70000000.0,17500.0
Indira Nagar,850.0,1,6000000.0,7058.823529411765
Indira Nagar,2400.0,4,40500000.0,16875.0
Indira Nagar,1800.0,5,35000000.0,19444.444444444445
Indira Nagar,1500.0,3,12000000.0,8000.0
Indira Nagar,2200.0,3,16000000.0,7272.727272727273
Indira Nagar,2800.0,4,36500000.0,13035.714285714286
Indira Nagar,1260.0,2,12000000.0,9523.809523809523
Indira Nagar,1149.0,2,13000000.0,11314.186248912098
Indira Nagar,1650.0,3,15000000.0,9090.90909090909
Indira Nagar,2400.0,6,47500000.0,19791.666666666668
JP Nagar,1850.0,3,15000000.0,8108.108108108108
JP Nagar,1000.0,2,3500000.0,3500.0
JP Nagar,5520.0,5,37500000.0,6793.478260869565
JP Nagar,5600.0,5,54850000.0,9794.642857142857
JP Nagar,4624.5,4,45300000.0,9795.653584171261
JP Nagar,1100.0,2,7000000.0,6363.636363636364
JP Nagar,940.0,2,4900000.0,5212.765957446809
JP Nagar,2500.0,3,13500000.0,5400.0
JP Nagar,1120.0,2,3360000.0,3000.0
JP Nagar,4624.5,4,31450000.0,6800.735214617796
JP Nagar,1078.0,2,4500000.0,4174.397031539888
JP Nagar,1050.0,1,4400000.0,4190.476190476191
JP Nagar,1352.5,2,9386500.0,6940.110905730129
JP Nagar,1200.0,2,6200000.0,5166.666666666667
JP Nagar,1300.0,2,9087000.0,6990.0
JP Nagar,1315.0,3,8540000.0,6494.296577946768
JP Nagar,1690.0,3,11200000.0,6627.218934911242
JP Nagar,3000.0,4,14000000.0,4666.666666666667
JP Nagar,1300.0,2,10900000.0,8384.615384615385
JP Nagar,3860.0,3,40200000.0,10414.507772020725
JP Nagar,3300.0,3,16000000.0,4848.484848484848
JP Nagar,1245.0,2,11000000.0,8835.341365461847
JP Nagar,1150.0,3,4990000.0,4339.130434782609
JP Nagar,1152.0,2,3456000.0,3000.0
JP Nagar,1100.0,2,1500000.0,1363.6363636363637
JP Nagar,750.0,1,5250000.0,7000.0
JP Nagar,1200.0,2,7800000.0,6500.0
JP Nagar,1850.0,3,11000000.0,5945.945945945946
JP Nagar,1100.0,2,4500000.0,4090.909090909091
JP Nagar,1197.0,2,4788000.0,4000.0
JP Nagar,1275.0,3,4120000.0000000005,3231.3725490196084
JP Nagar,2700.0,7,16000000.0,5925.925925925926
JP Nagar,1500.0,3,8200000.0,5466.666666666667
JP Nagar,1286.0,3,6934000.0,5391.9129082426125
JP Nagar,820.0,2,4500000.0,5487.804878048781
JP Nagar,1750.0,3,12300000.0,7028.571428571428
JP Nagar,2195.0,3,15200000.0,6924.829157175399
JP Nagar,1452.0,3,4100000.0,2823.6914600550963
JP Nagar,1275.0,3,4360000.0,3419.607843137255
JP Nagar,3496.5,3,23750000.0,6792.506792506792
JP Nagar,1600.0,3,8300000.0,5187.5
JP Nagar,3000.0,4,15000000.0,5000.0
JP Nagar,20000.0,3,17500000.0,875.0
JP Nagar,2050.0,3,8200000.0,4000.0
JP Nagar,745.0,1,3427000.0000000005,4600.000000000001
JP Nagar,4000.0,4,44100000.0,11025.0
JP Nagar,1800.0,6,6800000.0,3777.777777777778
JP Nagar,1150.0,2,9000000.0,7826.086956521739
JP Nagar,1450.0,3,5500000.0,3793.103448275862
JP Nagar,1960.0,3,13800000.0,7040.816326530612
JP Nagar,1500.0,4,8700000.0,5800.0
JP Nagar,1590.0,3,8500000.0,5345.911949685535
JP Nagar,1250.0,2,6000000.0,4800.0
JP Nagar,1125.0,2,3997999.9999999995,3553.7777777777774
JP Nagar,2400.0,3,19600000.0,8166.666666666667
JP Nagar,1060.0,2,3395000.0000000005,3202.8301886792456
JP Nagar,1300.0,2,9165000.0,7050.0
JP Nagar,1107.0,2,5700000.0,5149.051490514905
JP Nagar,1250.0,2,9300000.0,7440.0
JP Nagar,1133.0,2,3399000.0,3000.0
JP Nagar,3200.0,4,30900000.0,9656.25
JP Nagar,1500.0,3,10800000.0,7200.0
JP Nagar,1520.0,3,12500000.0,8223.684210526315
JP Nagar,1405.0,2,9900000.0,7046.26334519573
JP Nagar,1157.0,2,7300000.0,6309.420916162489
JP Nagar,1048.0,2,4400000.0,4198.473282442748
Jakkur,1417.0,2,7500000.0,5292.87226534933
Jakkur,1590.0,3,12500000.0,7861.635220125786
Jakkur,1279.0,2,7700000.0,6020.3283815480845
Jakkur,1710.0,3,10700000.0,6257.309941520468
Jakkur,1396.0,3,8651000.0,6196.991404011461
Jakkur,3467.86,4,24900000.0,7180.220654813054
Jakkur,1865.0,3,12400000.0,6648.793565683646
Jakkur,1100.0,2,5335000.0,4850.0
Jakkur,1100.0,2,5200000.0,4727.272727272727
Jakkur,3181.0,4,26050000.0,8189.248663942157
Jakkur,1760.0,3,13900000.0,7897.727272727273
Jakkur,1290.0,2,10000000.0,7751.937984496124
Jakkur,1452.19,2,10000000.0,6886.151261198604
Jakkur,1798.0,3,12000000.0,6674.082313681869
Jakkur,1300.0,2,8500000.0,6538.461538461538
Jakkur,1950.0,3,13100000.0,6717.948717948718
Jakkur,1858.0,3,9830000.0,5290.635091496232
Jakkur,1230.0,2,7600000.0,6178.861788617886
Jakkur,1374.0,3,6800000.0,4949.0538573508
Jakkur,1050.0,2,4987000.0,4749.523809523809
Jakkur,1290.0,2,8000000.0,6201.550387596899
Jakkur,1760.0,3,11000000.0,6250.0
Jakkur,2283.0,4,13000000.0,5694.261936049058
Jakkur,1483.0,2,9800000.0,6608.226567768038
Jakkur,1482.0,3,8600000.0,5802.968960863698
Jakkur,1645.0,3,10000000.0,6079.0273556231
Jakkur,1650.0,3,11100000.0,6727.272727272727
Jakkur,1622.0,3,8000000.0,4932.182490752158
Jakkur,2423.0,3,16000000.0,6603.38423442014
Jakkur,2197.0,3,13600000.0,6190.259444697314
Jakkur,1125.0,2,6500000.0,5777.777777777777
Jakkur,1355.0,3,6500000.0,4797.047970479704
Jakkur,1230.0,2,7900000.0,6422.764227642277
Jakkur,1202.0,2,7900000.0,6572.379367720466
Jakkur,1220.0,3,4900000.0,4016.3934426229507
Jakkur,1858.0,3,12300000.0,6620.021528525296
Jakkur,3181.0,4,22900000.0,7198.994027035524
Jakkur,1745.0,3,9848500.0,5643.839541547278
Jakkur,1798.0,3,11000000.0,6117.908787541713
Jakkur,1785.0,3,13000000.0,7282.913165266106
Jakkur,1080.0,2,6000000.0,5555.555555555556
Jakkur,1260.0,2,7119499.999999999,5650.396825396825
Jakkur,1816.0,3,11900000.0,6552.863436123348
Jakkur,1424.0,2,8000000.0,5617.9775280898875
Jakkur,1290.0,2,8500000.0,6589.147286821705
Jakkur,1300.0,2,8000000.0,6153.846153846154
Jakkur,1290.0,2,8004000.000000001,6204.651162790698
Jakkur,1282.0,2,7200000.0,5616.224648985959
Jakkur,1761.0,3,8452000.0,4799.545712663259
Jakkur,1880.0,3,11000000.0,5851.063829787234
Jakkur,1660.0,3,10400000.0,6265.060240963855
Jakkur,1291.0,2,7500000.0,5809.450038729667
Jakkur,1473.0,2,8500000.0,5770.536320434488
Jakkur,1485.0,3,7200000.0,4848.484848484848
Jakkur,1432.0,2,8500000.0,5935.754189944134
Jakkur,1150.0,3,6500000.0,5652.173913043478
Jakkur,1710.0,3,11000000.0,6432.748538011696
Jakkur,1125.0,2,4475000.0,3977.777777777778
Jalahalli,1400.0,3,7700000.0,5500.0
Jalahalli,2250.0,3,16000000.0,7111.111111111111
Jalahalli,1694.0,2,15000000.0,8854.78158205431
Jalahalli,3100.0,5,26500000.0,8548.387096774193
Jalahalli,1694.0,2,12500000.0,7378.984651711924
Jalahalli,1870.0,3,11000000.0,5882.35294117647
Jalahalli,1400.0,2,8000000.0,5714.285714285715
Jalahalli,1045.0,2,7677000.0,7346.411483253589
Jalahalli,1478.0,2,12500000.0,8457.374830852503
Jalahalli,1615.0,3,8975000.0,5557.275541795666
Jalahalli,1083.0,2,3249000.0,3000.0
Jalahalli,2113.0,3,15500000.0,7335.541883577851
Jalahalli,1570.0,3,14000000.0,8917.197452229299
Jalahalli,1932.0,3,13500000.0,6987.577639751553
Jalahalli,1045.0,2,5800000.0,5550.239234449761
Jalahalli,1200.0,4,9000000.0,7500.0
Jalahalli,1020.0,2,5200000.0,5098.0392156862745
Jalahalli,2384.0,3,16500000.0,6921.140939597315
Jalahalli,790.0,2,4950000.0,6265.822784810127
Jalahalli,1395.0,3,8200000.0,5878.136200716845
Jalahalli,1770.0,3,10000000.0,5649.717514124294
Jalahalli,1310.0,3,6000000.0,4580.152671755725
Jalahalli,1035.0,2,3105000.0,3000.0
Jalahalli,1057.0,2,3471000.0,3283.822138126774
Jalahalli,1569.0,3,11800000.0,7520.713830465264
Jalahalli,600.0,1,3700000.0,6166.666666666667
Jalahalli,615.0,1,4600000.0,7479.674796747968
Jalahalli,612.5,1,2756500.0,4500.408163265306
Jalahalli,2404.0,3,13800000.0,5740.432612312812
Jalahalli,905.0,2,5500000.0,6077.348066298343
Jalahalli,1000.0,2,7000000.0,7000.0
Jalahalli,1704.0,3,9436000.0,5537.55868544601
Jalahalli,1470.0,3,10200000.0,6938.775510204082
Jalahalli,1244.0,2,8800000.0,7073.954983922829
Jalahalli,1407.0,2,9849000.0,7000.0
Jalahalli,1200.0,1,6600000.0,5500.0
Jalahalli,1530.0,3,8900000.0,5816.993464052288
Jalahalli,1575.0,3,10000000.0,6349.206349206349
Jalahalli,2086.0,3,16000000.0,7670.182166826462
Jalahalli,980.0,3,6000000.0,6122.448979591837
Jalahalli,1313.0,2,6800000.0,5178.979436405179
Jalahalli,1701.0,2,14500000.0,8524.397413286302
Jalahalli,1881.0,3,11500000.0,6113.769271664009
Jalahalli,1405.0,3,8500000.0,6049.82206405694
Jalahalli East,750.0,1,4000000.0,5333.333333333333
Jalahalli East,1260.0,3,6000000.0,4761.9047619047615
Jalahalli East,1020.0,2,5800000.0,5686.274509803921
Jalahalli East,1020.0,2,4248000.0,4164.705882352941
Jalahalli East,1475.0,3,9600000.0,6508.474576271186
Jalahalli East,1300.0,3,6300000.0,4846.153846153846
Jalahalli East,775.0,1,3410000.0,4400.0
Jalahalli East,1010.0,2,5200000.0,5148.514851485149
Jalahalli East,1035.0,2,4250000.0,4106.280193236715
Jalahalli East,1200.0,4,8000000.0,6666.666666666667
Jigani,1252.0,3,5500000.0,4392.97124600639
Jigani,1020.0,2,4000000.0,3921.5686274509803
Jigani,918.0,2,5200000.0,5664.488017429194
Jigani,918.0,2,4800000.0,5228.75816993464
Jigani,924.0,2,6500000.0,7034.632034632034
Jigani,1230.0,3,5400000.0,4390.243902439024
Jigani,914.0,2,4700000.0,5142.231947483589
Jigani,927.0,2,5500000.0,5933.117583603021
Jigani,920.0,2,4600000.0,5000.0
Jigani,2400.0,3,13000000.0,5416.666666666667
Jigani,918.0,2,4500000.0,4901.9607843137255
Jigani,918.0,2,6320000.0,6884.531590413943
Jigani,933.0,2,4300000.0,4608.788853161844
Jigani,918.0,2,5500000.0,5991.285403050109
Jigani,2400.0,3,14900000.0,6208.333333333333
Jigani,4303.5,4,22600000.0,5251.539444638085
Jigani,937.0,2,4400000.0,4695.837780149413
Jigani,1252.0,3,6100000.0,4872.20447284345
Jigani,923.0,2,5000000.0,5417.118093174431
Jigani,1408.0,3,5500000.0,3906.25
Jigani,1250.0,3,5800000.0,4640.0
Jigani,1252.0,3,6300000.0,5031.948881789137
Jigani,1221.0,3,7200000.0,5896.805896805897
Jigani,918.0,2,4900000.0,5337.690631808279
Jigani,1221.0,3,5200000.0,4258.804258804259
Jigani,914.0,2,4900000.0,5361.050328227571
Jigani,918.0,2,5000000.0,5446.623093681917
Jigani,1200.0,3,6500000.0,5416.666666666667
Jigani,3170.0,4,23000000.0,7255.520504731861
Jigani,914.0,2,5500000.0,6017.505470459519
Jigani,1352.0,3,6500000.0,4807.692307692308
Jigani,1230.0,3,6000000.0,4878.048780487805
Jigani,1221.0,3,6500000.0,5323.505323505324
Jigani,1221.0,3,7500000.0,6142.506142506142
Jigani,1252.0,3,7000000.0,5591.054313099042
Jigani,1252.0,3,5900000.0,4712.460063897764
Jigani,939.0,2,3900000.0,4153.35463258786
Jigani,1221.0,3,7000000.0,5733.005733005733
Jigani,1300.0,3,5500000.0,4230.7692307692305
Jigani,1231.0,3,5800000.0,4711.6165718927705
Jigani,943.0,2,4800000.0,5090.1378579003185
Jigani,918.0,2,5600000.0,6100.217864923748
Jigani,1245.0,3,6600000.0,5301.204819277108
Jigani,943.0,2,4950000.0,5249.204665959703
Judicial Layout,1300.0,3,6400000.0,4923.076923076923
Judicial Layout,2070.0,3,16200000.0,7826.086956521739
Judicial Layout,1700.0,3,15500000.0,9117.64705882353
Judicial Layout,1100.0,3,5300000.0,4818.181818181818
Judicial Layout,2330.0,4,9471000.0,4064.8068669527897
Judicial Layout,1200.0,3,22000000.0,18333.333333333332
Judicial Layout,1165.0,2,4961000.0,4258.369098712446
Judicial Layout,5400.0,5,70000000.0,12962.962962962964
Judicial Layout,2400.0,4,35000000.0,14583.333333333334
Judicial Layout,1500.0,4,16200000.0,10800.0
Judicial Layout,900.0,2,4000000.0,4444.444444444444
Judicial Layout,1989.0,3,15500000.0,7792.860734037205
KR Puram,1277.5,2,5680000.0,4446.183953033268
KR Puram,930.0,2,3900000.0,4193.548387096775
KR Puram,1155.0,2,4274000.0,3700.4329004329006
KR Puram,1225.0,2,4655000.0,3800.0
KR Puram,1100.0,2,4700000.0,4272.727272727273
KR Puram,1200.0,2,7100000.0,5916.666666666667
KR Puram,1455.0,3,4600000.0,3161.512027491409
KR Puram,1200.0,2,9000000.0,7500.0
KR Puram,750.0,2,2500000.0,3333.3333333333335
KR Puram,1128.76,3,4740500.0,4199.741309047096
KR Puram,1015.0,2,4300000.0,4236.453201970443
KR Puram,1470.0,2,8600000.0,5850.340136054422
KR Puram,714.0,1,2800000.0,3921.5686274509803
KR Puram,1142.0,2,5100000.0,4465.84938704028
KR Puram,1115.0,2,3345000.0000000005,3000.0000000000005
KR Puram,1021.0,2,4800000.0,4701.273261508325
KR Puram,1559.0,3,6931500.0,4446.119307248236
KR Puram,1035.0,2,4050000.0,3913.0434782608695
KR Puram,1550.0,2,7100000.0,4580.645161290323
KR Puram,1192.5,2,5122000.0,4295.17819706499
KR Puram,1100.0,2,4600000.0,4181.818181818182
KR Puram,1290.0,2,4902000.0,3800.0
KR Puram,1100.0,2,4300000.0,3909.090909090909
KR Puram,950.0,2,4000000.0,4210.526315789473
KR Puram,1156.0,2,7200000.0,6228.3737024221455
KR Puram,1000.0,2,6000000.0,6000.0
KR Puram,1930.0,3,5790000.0,3000.0
KR Puram,1452.0,3,6000000.0,4132.231404958678
KR Puram,1001.0,2,3000000.0,2997.002997002997
KR Puram,750.0,2,4000000.0,5333.333333333333
KR Puram,1462.5,3,6281000.0,4294.7008547008545
KR Puram,2000.0,6,8500000.0,4250.0
KR Puram,1000.0,2,4450000.0,4450.0
KR Puram,1200.0,2,4700000.0,3916.6666666666665
KR Puram,1200.0,2,6500000.0,5416.666666666667
KR Puram,1583.0,3,7044499.999999999,4450.0947567909025
KR Puram,1076.0,2,6700000.0,6226.7657992565055
KR Puram,1140.0,2,4332000.0,3800.0
KR Puram,4300.0,6,17500000.0,4069.767441860465
KR Puram,1200.0,2,4200000.0,3500.0
KR Puram,1430.0,3,6100000.0,4265.734265734266
KR Puram,1040.0,2,5000000.0,4807.692307692308
KR Puram,1200.0,4,8300000.0,6916.666666666667
KR Puram,2500.0,6,5800000.0,2320.0
KR Puram,734.0,2,2200000.0,2997.275204359673
KR Puram,1120.0,2,3600000.0,3214.285714285714
KR Puram,1150.0,2,4200000.0,3652.1739130434785
KR Puram,4600.0,9,20000000.0,4347.826086956522
KR Puram,1050.0,2,5500000.0,5238.0952380952385
KR Puram,1057.0,2,3000000.0,2838.2213812677387
KR Puram,1085.0,2,4650000.0,4285.714285714285
KR Puram,1700.0,3,10500000.0,6176.470588235294
KR Puram,1200.0,2,7200000.0,6000.0
KR Puram,3628.0,4,24600000.0,6780.595369349504
KR Puram,2000.0,2,7500000.0,3750.0
KR Puram,1100.0,2,4500000.0,4090.909090909091
KR Puram,1035.0,2,4000000.0,3864.7342995169083
KR Puram,1116.0,2,4500000.0,4032.2580645161293
KR Puram,1290.0,2,6900000.0,5348.837209302325
KR Puram,1300.0,3,5700000.0,4384.615384615385
KR Puram,866.28,2,3638000.0000000005,4199.565960197628
KR Puram,1096.0,2,4300000.0,3923.3576642335765
KR Puram,1204.0,2,5800000.0,4817.275747508305
KR Puram,700.0,1,2150000.0,3071.4285714285716
KR Puram,1205.0,2,4579000.0,3800.0
KR Puram,1827.0,3,9700000.0,5309.250136836344
KR Puram,1075.0,2,3225000.0,3000.0
KR Puram,1400.0,3,6000000.0,4285.714285714285
KR Puram,1100.0,2,3990000.0,3627.2727272727275
KR Puram,2283.0,4,12100000.0,5300.043802014893
KR Puram,2800.0,7,11000000.0,3928.5714285714284
KR Puram,1020.0,2,3900000.0,3823.529411764706
KR Puram,1200.0,2,7500000.0,6250.0
KR Puram,1245.0,2,6000000.0,4819.277108433735
Kadubeesanahalli,1665.0,3,7000000.0,4204.204204204204
Kadubeesanahalli,970.0,2,3500000.0,3608.2474226804125
Kadubeesanahalli,1532.0,3,11500000.0,7506.527415143603
Kadubeesanahalli,1545.0,3,6600000.0,4271.844660194175
Kadubeesanahalli,1424.0,3,7500000.0,5266.853932584269
Kadubeesanahalli,1257.0,2,9300000.0,7398.568019093079
Kadubeesanahalli,1365.0,3,8000000.0,5860.805860805861
Kadubeesanahalli,1257.0,2,10500000.0,8353.221957040572
Kadubeesanahalli,1184.0,2,5500000.0,4645.27027027027
Kadubeesanahalli,1185.0,2,5500000.0,4641.350210970464
Kadubeesanahalli,1140.0,2,7800000.0,6842.105263157895
Kadugodi,1050.0,2,3400000.0,3238.095238095238
Kadugodi,1260.0,3,5400000.0,4285.714285714285
Kadugodi,1762.0,3,9145000.0,5190.124858115778
Kadugodi,1198.0,2,5800000.0,4841.402337228715
Kadugodi,1580.0,3,6500000.0,4113.9240506329115
Kadugodi,1890.0,3,12700000.0,6719.576719576719
Kadugodi,3750.0,4,21000000.0,5600.0
Kadugodi,1762.0,3,11000000.0,6242.905788876277
Kadugodi,950.0,3,8000000.0,8421.052631578947
Kadugodi,6200.0,9,20000000.0,3225.8064516129034
Kadugodi,1900.0,3,10800000.0,5684.210526315789
Kadugodi,1314.0,2,6820000.0,5190.258751902587
Kadugodi,1645.0,3,8200000.0,4984.802431610942
Kadugodi,4000.0,7,13000000.0,3250.0
Kadugodi,1100.0,2,4500000.0,4090.909090909091
Kadugodi,1711.0,3,7500000.0,4383.4015195791935
Kadugodi,1314.0,2,7800000.0,5936.07305936073
Kadugodi,1030.0,2,3502000.0000000005,3400.0000000000005
Kadugodi,1762.0,3,11200000.0,6356.413166855846
Kadugodi,1314.0,2,8300000.0,6316.590563165905
Kadugodi,925.0,1,4070000.0000000005,4400.000000000001
Kadugodi,1351.0,3,7800000.0,5773.501110288675
Kadugodi,1010.0,2,5000000.0,4950.495049504951
Kadugodi,1890.0,3,12500000.0,6613.756613756614
Kadugodi,1152.0,2,6100000.0,5295.138888888889
Kadugodi,1394.0,2,5600000.0,4017.2166427546626
Kadugodi,1430.0,3,5500000.0,3846.153846153846
Kadugodi,3000.0,4,13400000.0,4466.666666666667
Kadugodi,1614.0,3,5900000.0,3655.5142503097895
Kadugodi,1088.0,2,4400000.0,4044.1176470588234
Kadugodi,1875.0,3,11000000.0,5866.666666666667
Kadugodi,1150.0,2,4200000.0,3652.1739130434785
Kadugodi,1762.0,3,10900000.0,6186.152099886493
Kadugodi,1314.0,2,8000000.0,6088.2800608828
Kadugodi,1196.0,2,6000000.0,5016.722408026756
Kaggadasapura,1280.0,3,5600000.0,4375.0
Kaggadasapura,1140.0,2,4000000.0,3508.7719298245615
Kaggadasapura,1515.0,3,8330000.0,5498.349834983498
Kaggadasapura,1185.0,2,4100000.0,3459.915611814346
Kaggadasapura,1275.0,2,5200000.0,4078.4313725490197
Kaggadasapura,2150.0,4,10000000.0,4651.162790697675
Kaggadasapura,1150.0,2,4200000.0,3652.1739130434785
Kaggadasapura,1110.0,2,5300000.0,4774.774774774774
Kaggadasapura,1105.0,2,3867000.0,3499.547511312217
Kaggadasapura,1060.0,2,4800000.0,4528.301886792453
Kaggadasapura,1350.0,3,5550000.0,4111.111111111111
Kaggadasapura,1625.0,3,5500000.0,3384.6153846153848
Kaggadasapura,1105.0,2,3865000.0,3497.737556561086
Kaggadasapura,1063.0,2,4200000.0,3951.081843838194
Kaggadasapura,1470.0,3,7500000.0,5102.040816326531
Kaggadasapura,1615.0,3,5800000.0,3591.331269349845
Kaggadasapura,1050.0,2,4800000.0,4571.428571428572
Kaggadasapura,1132.0,2,4200000.0,3710.2473498233217
Kaggadasapura,1180.0,2,6500000.0,5508.474576271186
Kaggadasapura,1100.0,2,5800000.0,5272.727272727273
Kaggadasapura,1325.0,2,5000000.0,3773.5849056603774
Kaggadasapura,1200.0,2,5300000.0,4416.666666666667
Kaggadasapura,1118.0,2,3000000.0,2683.3631484794278
Kaggadasapura,1035.0,2,4550000.0,4396.135265700483
Kaggadasapura,1010.0,2,5500000.0,5445.544554455446
Kaggadasapura,1180.0,2,5000000.0,4237.28813559322
Kaggadasapura,1140.0,2,4600000.0,4035.0877192982457
Kaggadasapura,1340.0,3,6600000.0,4925.373134328358
Kaggadasapura,1256.0,3,5000000.0,3980.891719745223
Kaggadasapura,1710.0,3,6000000.0,3508.7719298245615
Kaggadasapura,1500.0,3,7500000.0,5000.0
Kaggadasapura,1215.0,2,4300000.0,3539.0946502057614
Kaggadasapura,1225.0,2,4800000.0,3918.3673469387754
Kaggadasapura,1805.0,3,7500000.0,4155.124653739612
Kaggadasapura,1540.0,3,7500000.0,4870.12987012987
Kaggadasapura,1240.0,2,4500000.0,3629.032258064516
Kaggadasapura,1560.0,3,7200000.0,4615.384615384615
Kaggadasapura,1240.0,2,5858000.0,4724.193548387097
Kaggadasapura,1000.0,2,4300000.0,4300.0
Kaggadasapura,2500.0,3,12000000.0,4800.0
Kaggadasapura,1180.0,2,7000000.0,5932.203389830508
Kaggadasapura,960.0,2,4500000.0,4687.5
Kaggadasapura,775.0,2,2950000.0,3806.451612903226
Kaggadasapura,1250.0,3,4700000.0,3760.0
Kaggadasapura,1455.0,3,7500000.0,5154.639175257732
Kaggadasapura,1200.0,2,4000000.0,3333.3333333333335
Kaggadasapura,1045.0,2,5500000.0,5263.1578947368425
Kaggadasapura,1495.0,3,6000000.0,4013.3779264214045
Kaggadasapura,1654.0,3,7000000.0,4232.1644498186215
Kaggadasapura,2150.0,4,9000000.0,4186.046511627907
Kaggadasapura,1361.0,2,7900000.0,5804.555473916238
Kaggadasapura,1106.0,2,4000000.0,3616.6365280289333
Kaggadasapura,2400.0,5,13000000.0,5416.666666666667
Kaggadasapura,1485.0,3,7000000.0,4713.804713804714
Kaggadasapura,1175.0,2,5000000.0,4255.31914893617
Kaggadasapura,3000.0,4,13000000.0,4333.333333333333
Kaggadasapura,1500.0,3,6000000.0,4000.0
Kaggadasapura,1105.0,2,3950000.0,3574.660633484163
Kaggadasapura,1400.0,3,6800000.0,4857.142857142857
Kaggadasapura,1150.0,2,4500000.0,3913.0434782608695
Kaggalipura,1150.0,3,5500000.0,4782.608695652174
Kaggalipura,700.0,1,3800000.0,5428.571428571428
Kaggalipura,950.0,2,6500000.0,6842.105263157895
Kaggalipura,950.0,2,3900000.0,4105.263157894737
Kaggalipura,1210.0,3,5800000.0,4793.388429752066
Kaggalipura,700.0,1,3600000.0,5142.857142857143
Kaggalipura,950.0,2,4800000.0,5052.631578947368
Kaggalipura,1000.0,2,6000000.0,6000.0
Kaggalipura,2400.0,3,16500000.0,6875.0
Kaggalipura,950.0,2,5000000.0,5263.1578947368425
Kaggalipura,950.0,2,4700000.0,4947.368421052632
Kaggalipura,1150.0,3,6200000.0,5391.304347826087
Kaggalipura,700.0,1,3500000.0,5000.0
Kaggalipura,1150.0,3,5750000.0,5000.0
Kaggalipura,1210.0,3,6500000.0,5371.900826446281
Kaggalipura,950.0,2,4500000.0,4736.8421052631575
Kaggalipura,3150.0,4,21200000.0,6730.158730158731
Kaggalipura,2200.0,3,15000000.0,6818.181818181818
Kaggalipura,950.0,2,6000000.0,6315.789473684211
Kaikondrahalli,1039.0,2,8000000.0,7699.711260827719
Kaikondrahalli,1645.0,3,10000000.0,6079.0273556231
Kaikondrahalli,1115.0,2,5000000.0,4484.304932735426
Kaikondrahalli,1220.0,3,5600000.0,4590.163934426229
Kaikondrahalli,1000.0,2,3000000.0,3000.0
Kaikondrahalli,1300.0,2,6100000.0,4692.307692307692
Kaikondrahalli,1700.0,4,10800000.0,6352.941176470588
Kaikondrahalli,1342.0,3,9200000.0,6855.439642324888
Kaikondrahalli,849.0,2,2540000.0,2991.7550058892816
Kaikondrahalli,674.0,2,1989999.9999999998,2952.522255192878
Kaikondrahalli,1605.0,3,10500000.0,6542.056074766355
Kaikondrahalli,1253.0,2,8150000.0,6504.38946528332
Kaikondrahalli,991.0,2,6400000.0,6458.123107971745
Kaikondrahalli,900.0,2,2700000.0,3000.0
Kaikondrahalli,1250.0,2,7800000.0,6240.0
Kaikondrahalli,3381.0,6,22500000.0,6654.835847382431
Kalena Agrahara,1150.0,2,4000000.0,3478.2608695652175
Kalena Agrahara,1200.0,2,5000000.0,4166.666666666667
Kalena Agrahara,1804.0,3,12000000.0,6651.884700665189
Kalena Agrahara,1200.0,2,4000000.0,3333.3333333333335
Kalena Agrahara,1425.0,3,7000000.0,4912.2807017543855
Kalena Agrahara,1325.0,2,7600000.0,5735.8490566037735
Kalena Agrahara,1450.0,3,8500000.0,5862.068965517241
Kalena Agrahara,1765.0,3,12500000.0,7082.152974504249
Kalena Agrahara,980.0,2,4000000.0,4081.6326530612246
Kalena Agrahara,1187.0,2,5200000.0,4380.791912384162
Kalena Agrahara,800.0,2,3000000.0,3750.0
Kalena Agrahara,1270.0,2,10000000.0,7874.0157480314965
Kalena Agrahara,1565.0,3,7800000.0,4984.025559105431
Kalena Agrahara,610.0,1,3900000.0,6393.44262295082
Kalena Agrahara,1120.0,2,4000000.0,3571.4285714285716
Kalena Agrahara,1040.0,2,4500000.0,4326.923076923077
Kalena Agrahara,1804.0,3,16600000.0,9201.773835920178
Kalena Agrahara,1450.0,3,10000000.0,6896.551724137931
Kalena Agrahara,1804.0,3,17500000.0,9700.665188470066
Kalena Agrahara,1200.0,2,4500000.0,3750.0
Kalena Agrahara,1000.0,2,3300000.0,3300.0
Kalena Agrahara,1902.0,3,8900000.0,4679.2849631966355
Kalena Agrahara,980.0,2,3500000.0,3571.4285714285716
Kalena Agrahara,800.0,2,4000000.0,5000.0
Kalena Agrahara,1222.0,2,4800000.0,3927.986906710311
Kalena Agrahara,900.0,2,4000000.0,4444.444444444444
Kalena Agrahara,1804.0,3,15500000.0,8592.017738359202
Kalena Agrahara,1837.0,3,9500000.0,5171.475231355471
Kalena Agrahara,1180.0,2,8500000.0,7203.389830508475
Kalena Agrahara,1510.0,3,7800000.0,5165.562913907284
Kalena Agrahara,1354.0,2,7000000.0,5169.8670605613
Kalena Agrahara,1200.0,2,7000000.0,5833.333333333333
Kalena Agrahara,1354.0,2,7100000.0,5243.722304283604
Kalkere,856.0,2,4000000.0,4672.897196261682
Kalkere,925.0,2,4800000.0,5189.189189189189
Kalkere,925.0,2,5100000.0,5513.513513513513
Kalkere,1147.0,2,5400000.0,4707.933740191805
Kalkere,925.0,2,4200000.0,4540.540540540541
Kalkere,925.0,2,3500000.0,3783.7837837837837
Kalkere,1850.0,3,9500000.0,5135.135135135135
Kalkere,1365.0,3,5400000.0,3956.043956043956
Kalkere,925.0,2,5500000.0,5945.945945945946
Kalyan nagar,1290.0,2,11000000.0,8527.131782945737
Kalyan nagar,1375.0,3,7500000.0,5454.545454545455
Kalyan nagar,820.0,2,3900000.0,4756.09756097561
Kalyan nagar,3800.0,4,30000000.0,7894.736842105263
Kalyan nagar,1640.0,3,8800000.0,5365.8536585365855
Kalyan nagar,1800.0,3,8500000.0,4722.222222222223
Kalyan nagar,1080.0,2,7300000.0,6759.259259259259
Kalyan nagar,2422.0,4,15000000.0,6193.228736581338
Kalyan nagar,1280.0,2,4800000.0,3750.0
Kalyan nagar,1410.0,3,6000000.0,4255.31914893617
Kalyan nagar,1198.0,2,6500000.0,5425.709515859767
Kalyan nagar,1250.0,2,6500000.0,5200.0
Kalyan nagar,1190.0,2,6000000.0,5042.016806722689
Kalyan nagar,1086.0,2,4450000.0,4097.605893186003
Kalyan nagar,2285.0,3,16500000.0,7221.006564551422
Kalyan nagar,1100.0,2,7000000.0,6363.636363636364
Kalyan nagar,8840.0,2,30000000.0,3393.665158371041
Kambipura,883.0,2,4500000.0,5096.262740656852
Kambipura,883.0,2,2900000.0,3284.2582106455266
Kambipura,1082.0,3,5750000.0,5314.232902033272
Kambipura,1082.0,3,5600000.0,5175.6007393715345
Kambipura,1082.0,3,4500000.0,4158.964879852126
Kambipura,883.0,2,3900000.0,4416.761041902605
Kambipura,1082.0,3,5500000.0,5083.179297597043
Kambipura,883.0,2,3700000.0,4190.260475651189
Kambipura,883.0,2,4400000.0,4983.012457531144
Kambipura,1082.0,3,4550000.0,4205.1756007393715
Kambipura,1083.0,3,4800000.0,4432.13296398892
Kambipura,883.0,2,3701000.0,4191.392978482446
Kambipura,883.0,2,4900000.0,5549.263873159683
Kammanahalli,2845.0,5,14000000.0,4920.91388400703
Kammanahalli,1666.0,5,15000000.0,9003.60144057623
Kammanahalli,1160.0,2,5200000.0,4482.758620689655
Kammanahalli,700.0,1,5900000.0,8428.57142857143
Kammanahalli,1200.0,2,8000000.0,6666.666666666667
Kammanahalli,1100.0,2,6000000.0,5454.545454545455
Kammanahalli,1200.0,2,8100000.0,6750.0
Kammanahalli,2900.0,4,20000000.0,6896.551724137931
Kammanahalli,1600.0,4,20000000.0,12500.0
Kammasandra,1595.0,3,6500000.0,4075.2351097178685
Kammasandra,810.0,2,2450000.0,3024.6913580246915
Kammasandra,674.0,2,3300000.0,4896.142433234421
Kammasandra,657.5,1,1841000.0,2800.0
Kammasandra,674.0,2,2900000.0,4302.670623145401
Kammasandra,912.0,3,3900000.0,4276.315789473684
Kammasandra,1156.0,2,3200000.0,2768.166089965398
Kammasandra,870.0,2,2400000.0,2758.6206896551726
Kammasandra,1200.0,2,6600000.0,5500.0
Kammasandra,1018.0,2,2345000.0,2303.5363457760313
Kammasandra,990.0,2,3150000.0,3181.818181818182
Kammasandra,1385.0,3,3463000.0000000005,2500.361010830325
Kammasandra,930.0,2,2500000.0,2688.1720430107525
Kammasandra,992.0,2,2579000.0,2599.798387096774
Kammasandra,1030.0,2,2575000.0,2500.0
Kammasandra,1365.0,3,3413000.0000000005,2500.3663003663005
Kammasandra,1400.0,3,9200000.0,6571.428571428572
Kammasandra,1015.0,2,3700000.0,3645.320197044335
Kammasandra,1276.0,3,3190000.0,2500.0
Kammasandra,1080.0,2,3199000.0,2962.037037037037
Kammasandra,1415.0,2,6000000.0,4240.282685512368
Kammasandra,1200.0,4,6000000.0,5000.0
Kammasandra,1057.0,2,3500000.0,3311.2582781456954
Kammasandra,982.0,2,2553000.0,2599.79633401222
Kammasandra,1500.0,3,6500000.0,4333.333333333333
Kammasandra,985.0,2,4050000.0,4111.675126903553
Kammasandra,940.0,2,3500000.0,3723.404255319149
Kammasandra,1616.0,3,4000000.0,2475.2475247524753
Kammasandra,610.0,1,1850000.0,3032.7868852459014
Kanakapura,1419.0,3,7500000.0,5285.412262156448
Kanakapura,711.0,1,3600000.0,5063.291139240507
Kanakapura,711.0,1,3800000.0,5344.585091420535
Kanakapura,929.0,2,4600000.0,4951.560818083961
Kanakapura,1090.0,2,3269000.0,2999.0825688073396
Kanakapura,551.0,1,3000000.0,5444.64609800363
Kanakapura,1020.0,2,4283000.0,4199.019607843137
Kanakapura,1699.0,3,9700000.0,5709.240729841083
Kanakapura,1290.0,3,4515000.0,3500.0
Kanakapura,1130.0,2,4520000.0,4000.0
Kanakapura,1476.0,3,7500000.0,5081.30081300813
Kanakapura,1295.0,2,6400000.0,4942.084942084942
Kanakapura,1160.0,2,4639000.0,3999.137931034483
Kanakapura,1277.0,2,5500000.0,4306.969459671104
Kanakapura,1151.0,2,5900000.0,5125.977410947003
Kanakapura,1110.0,2,3885000.0,3500.0
Kanakapura,1938.0,3,11300000.0,5830.7533539731685
Kanakapura,945.0,2,4700000.0,4973.544973544974
Kanakapura,1190.0,2,3900000.0,3277.3109243697477
Kanakapura,1254.0,3,7000000.0,5582.13716108453
Kanakapura,2200.0,3,12100000.0,5500.0
Kanakapura,1340.0,2,6500000.0,4850.746268656716
Kanakapura,1560.0,3,6238000.0,3998.7179487179487
Kanakapura,1450.0,3,7500000.0,5172.413793103448
Kanakapura,1460.0,3,4379000.0,2999.3150684931506
Kanakapura,1090.0,2,3815000.0,3500.0
Kanakapura,1283.0,2,6800000.0,5300.077942322681
Kanakapura,2130.0,4,12000000.0,5633.802816901409
Kanakapura,1460.0,3,5110000.0,3500.0
Kanakapura,1120.0,2,3920000.0000000005,3500.0000000000005
Kanakapura,1017.0,2,6600000.0,6489.675516224189
Kanakapura,1290.0,3,5110000.0,3961.2403100775196
Kanakapura,938.0,1,5000000.0,5330.490405117271
Kanakapura,1290.0,3,3869000.0,2999.2248062015506
Kanakapura,825.0,1,3547500.0,4300.0
Kanakapura,1489.0,3,7000000.0,4701.141705842848
Kanakapura,1477.0,3,6950000.0,4705.484089370345
Kanakpura Road,700.0,2,3600000.0,5142.857142857143
Kanakpura Road,1330.74,2,9179000.0,6897.665960292769
Kanakpura Road,1005.0,2,3668000.0,3649.7512437810947
Kanakpura Road,1665.0,3,8800000.0,5285.285285285286
Kanakpura Road,950.0,2,5700000.0,6000.0
Kanakpura Road,2250.0,4,11000000.0,4888.888888888889
Kanakpura Road,1017.0,2,5125000.0,5039.331366764995
Kanakpura Road,525.0,1,2600000.0,4952.380952380952
Kanakpura Road,1550.0,3,6700000.0,4322.580645161291
Kanakpura Road,525.0,1,2153000.0,4100.952380952381
Kanakpura Road,950.0,2,4000000.0,4210.526315789473
Kanakpura Road,1550.0,3,6450000.0,4161.290322580645
Kanakpura Road,1135.0,2,3972999.9999999995,3500.440528634361
Kanakpura Road,525.0,1,2725000.0,5190.476190476191
Kanakpura Road,1100.0,3,5800000.0,5272.727272727273
Kanakpura Road,525.0,1,3000000.0,5714.285714285715
Kanakpura Road,1180.0,2,5700000.0,4830.5084745762715
Kanakpura Road,1339.0,2,7500000.0,5601.194921583271
Kanakpura Road,1100.0,3,5300000.0,4818.181818181818
Kanakpura Road,1843.0,3,9584000.0,5200.217037438958
Kanakpura Road,1290.0,2,7400000.0,5736.434108527132
Kanakpura Road,1500.0,2,6900000.0,4600.0
Kanakpura Road,1665.0,3,8658000.0,5200.0
Kanakpura Road,1200.0,3,4200000.0,3500.0
Kanakpura Road,2689.0,4,22000000.0,8181.480104127929
Kanakpura Road,1558.67,3,6500000.0,4170.222048284755
Kanakpura Road,1542.0,3,8500000.0,5512.321660181582
Kanakpura Road,1300.0,3,6900000.0,5307.692307692308
Kanakpura Road,900.0,2,4600000.0,5111.111111111111
Kanakpura Road,900.0,2,4500000.0,5000.0
Kanakpura Road,1843.0,3,9215000.0,5000.0
Kanakpura Road,1495.0,2,9000000.0,6020.066889632107
Kanakpura Road,1699.0,3,8194000.0,4822.836962919364
Kanakpura Road,1570.0,3,6450000.0,4108.28025477707
Kanakpura Road,1560.0,3,9200000.0,5897.4358974358975
Kanakpura Road,1135.0,2,5800000.0,5110.132158590309
Kanakpura Road,3500.0,4,22500000.0,6428.571428571428
Kanakpura Road,1331.0,2,10700000.0,8039.068369646882
Kanakpura Road,1296.0,2,8900000.0,6867.283950617284
Kanakpura Road,1420.0,3,7500000.0,5281.69014084507
Kanakpura Road,900.0,2,4100000.0,4555.555555555556
Kanakpura Road,1297.0,2,10500000.0,8095.605242868157
Kanakpura Road,1673.0,3,11500000.0,6873.879258816497
Kanakpura Road,825.0,1,3629000.0,4398.787878787879
Kanakpura Road,1080.0,2,3779999.9999999995,3499.9999999999995
Kanakpura Road,983.0,2,5060000.0,5147.5076297049845
Kanakpura Road,1592.0,3,12500000.0,7851.75879396985
Kanakpura Road,2200.0,2,6200000.0,2818.181818181818
Kanakpura Road,1480.0,3,6423000.0,4339.864864864865
Kanakpura Road,700.0,2,3500000.0,5000.0
Kanakpura Road,1660.0,3,7500000.0,4518.0722891566265
Kanakpura Road,1077.0,2,3770000.0000000005,3500.4642525533895
Kanakpura Road,1050.0,2,3500000.0,3333.3333333333335
Kanakpura Road,1450.0,3,6091000.0,4200.689655172414
Kanakpura Road,1050.0,2,3675000.0,3500.0
Kanakpura Road,1500.0,3,9700000.0,6466.666666666667
Kanakpura Road,1230.0,2,8500000.0,6910.569105691057
Kanakpura Road,1450.0,3,5600000.0,3862.0689655172414
Kanakpura Road,1366.0,2,7684999.999999999,5625.915080527086
Kanakpura Road,1419.59,3,5900000.0,4156.129586711656
Kanakpura Road,525.0,1,2500000.0,4761.9047619047615
Kanakpura Road,2265.0,3,13600000.0,6004.415011037528
Kanakpura Road,1252.0,2,5632000.0,4498.402555910543
Kanakpura Road,1530.0,3,6640000.000000001,4339.869281045752
Kanakpura Road,1296.0,2,8906000.0,6871.913580246914
Kanakpura Road,1339.0,2,6200000.0,4630.321135175504
Kanakpura Road,1470.0,2,6174000.0,4200.0
Kanakpura Road,2200.0,3,13000000.0,5909.090909090909
Kanakpura Road,1090.0,2,5454000.0,5003.6697247706425
Kanakpura Road,1051.0,2,5674000.0,5398.667935299714
Kanakpura Road,1070.0,2,3745000.0000000005,3500.0000000000005
Kanakpura Road,1339.0,2,5800000.0,4331.59073935773
Kanakpura Road,1591.0,3,11500000.0,7228.158390949088
Kanakpura Road,1299.0,2,8500000.0,6543.4949961508855
Kanakpura Road,950.0,2,4500000.0,4736.8421052631575
Kanakpura Road,1452.0,3,6098000.0,4199.724517906336
Kanakpura Road,700.0,2,4000000.0,5714.285714285715
Kanakpura Road,1450.0,3,5430000.0,3744.8275862068967
Kanakpura Road,458.0,1,1969500.0,4300.218340611354
Kanakpura Road,1700.0,3,8800000.0,5176.470588235294
Kanakpura Road,1591.0,3,12000000.0,7542.42614707731
Kanakpura Road,1482.0,3,6098000.0,4114.7098515519565
Kanakpura Road,1207.0,2,7990000.000000001,6619.718309859156
Kanakpura Road,2775.0,4,16500000.0,5945.945945945946
Kanakpura Road,1900.0,3,9900000.0,5210.526315789473
Kanakpura Road,1290.0,2,8000000.0,6201.550387596899
Kanakpura Road,1100.0,3,5297000.0,4815.454545454545
Kanakpura Road,700.0,2,3497999.9999999995,4997.142857142857
Kanakpura Road,1110.0,2,4300000.0,3873.873873873874
Kanakpura Road,1225.0,2,6000000.0,4897.959183673469
Kanakpura Road,1868.0,3,11300000.0,6049.250535331906
Kanakpura Road,1366.0,2,8300000.0,6076.134699853587
Kanakpura Road,1800.0,3,9000000.0,5000.0
Kanakpura Road,1339.0,2,7150000.0,5339.805825242718
Kanakpura Road,670.0,1,3500000.0,5223.880597014925
Kanakpura Road,1340.0,2,6000000.0,4477.611940298508
Kanakpura Road,1300.0,2,8976000.0,6904.615384615385
Kanakpura Road,1706.0,3,13500000.0,7913.24736225088
Kanakpura Road,1260.0,3,6358000.0,5046.0317460317465
Kanakpura Road,1155.0,2,5550000.0,4805.194805194805
Kanakpura Road,2100.0,3,14000000.0,6666.666666666667
Kanakpura Road,1610.0,3,5500000.0,3416.1490683229813
Kanakpura Road,700.0,2,3499000.0,4998.571428571428
Kanakpura Road,1309.0,2,6439000.0,4919.022154316272
Kanakpura Road,1843.0,3,8200000.0,4449.267498643516
Kanakpura Road,1550.0,3,6511000.0,4200.645161290323
Kanakpura Road,1498.0,3,9500000.0,6341.789052069425
Kanakpura Road,525.0,1,2700000.0,5142.857142857143
Kanakpura Road,1665.0,3,8691000.0,5219.81981981982
Kanakpura Road,1495.0,3,5233000.0,3500.334448160535
Kanakpura Road,712.0,1,3844000.0,5398.876404494382
Kanakpura Road,1330.0,2,10700000.0,8045.112781954887
Kanakpura Road,1450.0,3,6240000.0,4303.448275862069
Kanakpura Road,1843.0,3,8500000.0,4612.045577862181
Kanakpura Road,1628.0,2,6800000.0,4176.904176904177
Kanakpura Road,1507.0,3,9500000.0,6303.9150630391505
Kanakpura Road,1550.0,3,6350000.0,4096.774193548387
Kanakpura Road,1737.0,3,8500000.0,4893.494530800231
Kanakpura Road,700.0,2,3507000.0,5010.0
Kanakpura Road,1339.0,2,8500000.0,6348.020911127707
Kanakpura Road,1900.0,3,12500000.0,6578.9473684210525
Kanakpura Road,1593.0,3,11800000.0,7407.407407407408
Kanakpura Road,525.0,1,2750000.0,5238.0952380952385
Kanakpura Road,1591.0,3,12200000.0,7668.133249528599
Kanakpura Road,1691.2,3,11500000.0,6799.905392620624
Kanakpura Road,1155.0,2,5012500.0,4339.82683982684
Kanakpura Road,1223.0,3,4281000.0,3500.408830744072
Kanakpura Road,525.0,1,2625000.0,5000.0
Kanakpura Road,381.0,1,2800000.0,7349.081364829396
Kanakpura Road,1603.0,3,11300000.0,7049.282595134124
Kanakpura Road,1050.0,3,5900000.0,5619.047619047619
Kanakpura Road,1703.0,3,13000000.0,7633.587786259542
Kanakpura Road,1600.0,3,9000000.0,5625.0
Kanakpura Road,525.0,1,2925000.0,5571.428571428572
Kanakpura Road,1283.0,2,6322000.0,4927.5136399064695
Kanakpura Road,800.0,2,4114500.0000000005,5143.125000000001
Kanakpura Road,1328.0,2,9106000.0,6856.9277108433735
Kanakpura Road,1204.0,2,8200000.0,6810.631229235881
Kanakpura Road,1843.0,3,8800000.0,4774.823657080847
Kanakpura Road,1150.0,3,4025000.0,3500.0
Kanakpura Road,1100.0,3,5657000.0,5142.727272727273
Kanakpura Road,2254.0,3,17000000.0,7542.147293700089
Kanakpura Road,1550.0,3,6509999.999999999,4199.999999999999
Kanakpura Road,1700.0,3,12000000.0,7058.823529411765
Kanakpura Road,1843.0,3,9620000.0,5219.750406945198
Kanakpura Road,1550.0,3,6470000.0,4174.193548387097
Kanakpura Road,1500.0,3,7298999.999999999,4865.999999999999
Kanakpura Road,1450.0,3,6293000.0,4340.0
Kanakpura Road,1425.0,3,4988000.0,3500.3508771929824
Kanakpura Road,1240.0,2,6500000.0,5241.935483870968
Kanakpura Road,1450.0,3,5500000.0,3793.103448275862
Kanakpura Road,1420.0,3,6800000.0,4788.732394366197
Kanakpura Road,1498.0,3,7490000.000000001,5000.000000000001
Kanakpura Road,1300.0,3,5500000.0,4230.7692307692305
Kanakpura Road,700.0,2,4100000.0,5857.142857142857
Kanakpura Road,1570.0,3,6593000.000000001,4199.363057324841
Kanakpura Road,1450.0,3,6500000.0,4482.758620689655
Kanakpura Road,1452.0,3,5420000.0,3732.7823691460053
Kanakpura Road,1703.0,3,12600000.0,7398.7081620669405
Kanakpura Road,1135.0,2,5674000.0,4999.1189427312775
Kanakpura Road,1328.0,2,10700000.0,8057.22891566265
Kanakpura Road,1140.0,2,6500000.0,5701.754385964912
Kanakpura Road,1452.0,3,6000000.0,4132.231404958678
Kanakpura Road,3170.0,4,25000000.0,7886.435331230284
Kanakpura Road,1450.0,3,7018000.000000001,4840.000000000001
Kanakpura Road,1299.0,2,10500000.0,8083.140877598153
Kanakpura Road,525.0,1,2601000.0,4954.285714285715
Kanakpura Road,1452.0,3,5560000.0,3829.2011019283746
Kanakpura Road,1938.0,3,9269000.0,4782.765737874097
Kanakpura Road,1530.0,3,7098999.999999999,4639.869281045751
Kanakpura Road,1322.0,2,7000000.0,5295.00756429652
Kanakpura Road,1698.0,2,10500000.0,6183.745583038869
Kanakpura Road,458.0,1,3365999.9999999995,7349.344978165938
Kanakpura Road,700.0,2,3400000.0,4857.142857142857
Kanakpura Road,1167.0,2,6300000.0,5398.457583547558
Kanakpura Road,1419.59,3,6500000.0,4578.786832817927
Kanakpura Road,1665.0,3,7800000.0,4684.684684684685
Kanakpura Road,1339.0,2,6300000.0,4705.003734129948
Kanakpura Road,1450.0,3,6090000.0,4200.0
Kanakpura Road,1296.0,2,10500000.0,8101.851851851852
Kanakpura Road,1300.0,3,6400000.0,4923.076923076923
Kanakpura Road,1452.0,3,5650000.0,3891.184573002755
Kanakpura Road,1120.0,2,5100000.0,4553.571428571428
Kanakpura Road,1430.0,2,7800000.0,5454.545454545455
Kanakpura Road,2546.0,3,17000000.0,6677.140612725844
Kanakpura Road,1401.0,3,6900000.0,4925.0535331905785
Kanakpura Road,1220.0,2,6000000.0,4918.0327868852455
Kanakpura Road,1700.0,3,7500000.0,4411.764705882353
Kanakpura Road,1329.0,2,10700000.0,8051.166290443943
Kanakpura Road,1041.0,2,3644000.0,3500.480307396734
Kanakpura Road,1320.0,3,3960000.0,3000.0
Kanakpura Road,2000.0,3,10500000.0,5250.0
Kanakpura Road,1200.0,2,6200000.0,5166.666666666667
Kanakpura Road,1843.0,3,9500000.0,5154.639175257732
Kanakpura Road,1843.0,3,9000000.0,4883.342376559956
Kanakpura Road,900.0,2,4629000.0,5143.333333333333
Kanakpura Road,1299.0,2,8963000.0,6899.923017705928
Kanakpura Road,850.0,1,3732000.0,4390.588235294118
Kanakpura Road,1450.0,3,5100000.0,3517.2413793103447
Kanakpura Road,1570.0,3,6800000.0,4331.210191082802
Kanakpura Road,1450.0,3,5360000.0,3696.551724137931
Kanakpura Road,1938.0,3,10500000.0,5417.956656346749
Kanakpura Road,1610.0,3,7850000.0,4875.776397515528
Kanakpura Road,1250.0,3,6260000.0,5008.0
Kanakpura Road,1332.0,2,10800000.0,8108.108108108108
Kanakpura Road,1622.0,3,9500000.0,5856.966707768187
Kanakpura Road,900.0,2,4200000.0,4666.666666666667
Kanakpura Road,1596.0,3,11800000.0,7393.483709273183
Kanakpura Road,1665.0,3,7490000.000000001,4498.498498498499
Kanakpura Road,1339.0,2,6700000.0,5003.734129947722
Kannamangala,957.0,2,5800000.0,6060.606060606061
Kannamangala,957.0,2,5600000.0,5851.619644723093
Kannamangala,1550.0,3,6500000.0,4193.548387096775
Kannamangala,3000.0,4,20000000.0,6666.666666666667
Kannamangala,1536.0,3,8900000.0,5794.270833333333
Kannamangala,1262.0,2,5500000.0,4358.161648177496
Kannamangala,2400.0,4,13000000.0,5416.666666666667
Kannamangala,1574.0,3,9334000.0,5930.114358322745
Kannamangala,957.0,2,5250000.0,5485.8934169279
Kannamangala,1536.0,3,10400000.0,6770.833333333333
Kannamangala,957.0,2,5450000.0,5694.879832810867
Kannamangala,1865.0,3,13900000.0,7453.083109919571
Kannamangala,2422.0,4,13500000.0,5573.905862923204
Kannamangala,957.0,2,5500000.0,5747.126436781609
Kannamangala,1536.0,3,10700000.0,6966.145833333333
Kannamangala,1814.0,3,12900000.0,7111.35611907387
Karuna Nagar,2900.0,4,13500000.0,4655.172413793103
Karuna Nagar,1200.0,3,3400000.0,2833.3333333333335
Karuna Nagar,1163.0,3,18000000.0,15477.214101461737
Karuna Nagar,2500.0,3,18000000.0,7200.0
Karuna Nagar,1240.0,3,16500000.0,13306.451612903225
Karuna Nagar,2500.0,3,19000000.0,7600.0
Karuna Nagar,1962.0,3,17500000.0,8919.469928644241
Karuna Nagar,1057.0,2,6500000.0,6149.479659413434
Karuna Nagar,1300.0,3,17000000.0,13076.923076923076
Karuna Nagar,1354.0,3,9800000.0,7237.81388478582
Karuna Nagar,1945.0,3,11500000.0,5912.596401028278
Karuna Nagar,1960.0,3,16500000.0,8418.367346938776
Kasavanhalli,1060.0,2,5806000.0,5477.358490566037
Kasavanhalli,1563.05,3,10500000.0,6717.635392341896
Kasavanhalli,1717.0,3,9900000.0,5765.87070471753
Kasavanhalli,1799.0,3,9000000.0,5002.77932184547
Kasavanhalli,3260.0,4,24000000.0,7361.963190184049
Kasavanhalli,1260.0,3,4032000.0,3200.0
Kasavanhalli,1349.0,2,7800000.0,5782.060785767235
Kasavanhalli,1121.0,2,7800000.0,6958.07314897413
Kasavanhalli,1550.0,3,5200000.0,3354.8387096774195
Kasavanhalli,1100.0,2,5000000.0,4545.454545454545
Kasavanhalli,1980.0,3,8800000.0,4444.444444444444
Kasavanhalli,1200.0,2,7800000.0,6500.0
Kasavanhalli,1646.0,3,7950000.0,4829.890643985419
Kasavanhalli,1555.0,3,8250000.0,5305.4662379421225
Kasavanhalli,1476.0,3,8900000.0,6029.810298102981
Kasavanhalli,1493.0,3,8200000.0,5492.297387809779
Kasavanhalli,1200.0,2,5000000.0,4166.666666666667
Kasavanhalli,1719.0,3,11600000.0,6748.109365910413
Kasavanhalli,1115.0,2,5000000.0,4484.304932735426
Kasavanhalli,1125.0,2,6120000.0,5440.0
Kasavanhalli,2170.0,3,15100000.0,6958.52534562212
Kasavanhalli,1915.0,3,8000000.0,4177.545691906005
Kasavanhalli,1450.0,3,7741000.0,5338.620689655172
Kasavanhalli,1476.0,3,9500000.0,6436.314363143631
Kasavanhalli,1200.0,2,5030000.0,4191.666666666667
Kasavanhalli,2100.0,3,11000000.0,5238.0952380952385
Kasavanhalli,1787.0,3,12300000.0,6883.044208170118
Kasavanhalli,1090.0,2,5980000.0,5486.238532110092
Kasavanhalli,1691.0,3,10400000.0,6150.206978119456
Kasavanhalli,4260.0,4,27200000.0,6384.976525821597
Kasavanhalli,2111.0,3,12000000.0,5684.509711037423
Kasavanhalli,1545.0,3,6900000.0,4466.019417475728
Kasavanhalli,950.0,2,3900000.0,4105.263157894737
Kasavanhalli,1105.0,2,4200000.0,3800.9049773755655
Kasavanhalli,1863.0,4,10500000.0,5636.070853462158
Kasavanhalli,1667.0,3,9200000.0,5518.896220755849
Kasavanhalli,1494.0,3,8200000.0,5488.621151271754
Kasavanhalli,1555.0,3,8200000.0,5273.311897106109
Kasavanhalli,770.0,1,4382000.0,5690.909090909091
Kasavanhalli,1147.0,2,6000000.0,5231.037489102006
Kasavanhalli,1375.0,2,7200000.0,5236.363636363636
Kasavanhalli,1380.0,3,5500000.0,3985.5072463768115
Kasavanhalli,1200.0,2,6000000.0,5000.0
Kasavanhalli,4260.0,4,33300000.0,7816.901408450704
Kasavanhalli,1495.0,2,8300000.0,5551.8394648829435
Kasavanhalli,5000.0,2,40000000.0,8000.0
Kasavanhalli,4000.0,4,32500000.0,8125.0
Kasavanhalli,1225.0,3,6900000.0,5632.65306122449
Kasavanhalli,1917.0,3,13200000.0,6885.758998435055
Kasavanhalli,1375.0,2,7800000.0,5672.727272727273
Kasavanhalli,4408.0,4,34400000.0,7803.992740471869
Kasavanhalli,1309.0,2,9500000.0,7257.448433919022
Kasavanhalli,1476.0,3,10500000.0,7113.821138211382
Kasavanhalli,1158.0,2,6700000.0,5785.837651122625
Kasavanhalli,1214.0,2,6700000.0,5518.945634266886
Kasavanhalli,2110.0,3,12000000.0,5687.203791469195
Kasavanhalli,1495.0,2,11000000.0,7357.859531772575
Kasavanhalli,1200.0,3,3840000.0,3200.0
Kasavanhalli,1575.0,2,8500000.0,5396.825396825397
Kasavanhalli,1069.0,2,5500000.0,5144.9953227315245
Kasavanhalli,1100.0,2,6800000.0,6181.818181818182
Kasavanhalli,1715.0,3,11200000.0,6530.6122448979595
Kasavanhalli,1100.0,2,6500000.0,5909.090909090909
Kasavanhalli,1230.0,2,6625000.0,5386.178861788618
Kasavanhalli,1819.0,3,15000000.0,8246.289169873557
Kasavanhalli,1189.0,2,4500000.0,3784.6930193439866
Kasavanhalli,1719.0,3,7100000.0,4130.308318789994
Kasavanhalli,1600.0,3,7900000.0,4937.5
Kasavanhalli,1585.0,2,9000000.0,5678.233438485804
Kasavanhalli,1245.0,2,8000000.0,6425.70281124498
Kasavanhalli,2035.0,3,14200000.0,6977.886977886978
Kasavanhalli,1747.0,3,11000000.0,6296.508299942759
Kasavanhalli,1377.0,2,8000000.0,5809.731299927378
Kasavanhalli,1181.0,2,6100000.0,5165.114309906859
Kasavanhalli,1121.0,2,7500000.0,6690.454950936663
Kasturi Nagar,1925.0,3,12500000.0,6493.506493506494
Kasturi Nagar,1567.0,2,9200000.0,5871.091257179323
Kasturi Nagar,1570.0,3,8000000.0,5095.541401273886
Kasturi Nagar,1565.0,3,8850000.0,5654.952076677317
Kasturi Nagar,1080.0,2,8000000.0,7407.407407407408
Kasturi Nagar,1101.0,2,6500000.0,5903.723887375114
Kasturi Nagar,1500.0,3,8000000.0,5333.333333333333
Kasturi Nagar,1896.0,4,12500000.0,6592.827004219409
Kasturi Nagar,1100.0,2,5800000.0,5272.727272727273
Kasturi Nagar,1570.0,3,11000000.0,7006.369426751592
Kasturi Nagar,1000.0,2,5800000.0,5800.0
Kasturi Nagar,1101.0,2,6600000.0,5994.550408719346
Kasturi Nagar,2507.0,4,15500000.0,6182.688472277623
Kathriguppe,1400.0,3,7700000.0,5500.0
Kathriguppe,1250.0,3,6875000.0,5500.0
Kathriguppe,1245.0,3,6848000.0,5500.401606425703
Kathriguppe,1350.0,3,8701000.0,6445.185185185185
Kathriguppe,1350.0,3,8098999.999999999,5999.259259259258
Kathriguppe,1365.0,3,7508000.0,5500.3663003663005
Kathriguppe,1300.0,3,7798999.999999999,5999.230769230769
Kathriguppe,1390.0,3,7645000.0,5500.0
Kathriguppe,1350.0,3,7830000.0,5800.0
Kathriguppe,1335.0,3,7343000.000000001,5500.374531835207
Kathriguppe,1390.0,3,6948999.999999999,4999.2805755395675
Kathriguppe,1250.0,2,6875000.0,5500.0
Kaval Byrasandra,1200.0,2,5200000.0,4333.333333333333
Kaval Byrasandra,1020.0,2,5200000.0,5098.0392156862745
Kaval Byrasandra,1200.0,2,4950000.0,4125.0
Kaval Byrasandra,945.0,2,5000000.0,5291.005291005291
Kaval Byrasandra,1060.0,2,4500000.0,4245.2830188679245
Kaval Byrasandra,1100.0,2,4600000.0,4181.818181818182
Kaval Byrasandra,1185.0,2,4900000.0,4135.021097046413
Kaval Byrasandra,997.0,2,5300000.0,5315.947843530592
Kaval Byrasandra,1060.0,2,4200000.0,3962.264150943396
Kaval Byrasandra,480.0,1,2500000.0,5208.333333333333
Kaval Byrasandra,1125.0,2,4150000.0,3688.8888888888887
Kaval Byrasandra,1180.0,2,6000000.0,5084.745762711865
Kaval Byrasandra,1450.0,3,7500000.0,5172.413793103448
Kaval Byrasandra,1066.0,2,5500000.0,5159.474671669794
Kaval Byrasandra,1025.0,2,6000000.0,5853.658536585366
Kaval Byrasandra,1900.0,3,6500000.0,3421.0526315789475
Kaval Byrasandra,1400.0,3,7500000.0,5357.142857142857
Kenchenahalli,1015.0,2,5800000.0,5714.285714285715
Kenchenahalli,715.0,1,4500000.0,6293.706293706294
Kenchenahalli,1150.0,2,5800000.0,5043.478260869565
Kenchenahalli,1280.0,3,6900000.0,5390.625
Kenchenahalli,1410.0,3,7300000.0,5177.304964539007
Kenchenahalli,870.0,2,4500000.0,5172.413793103448
Kenchenahalli,1150.0,2,6000000.0,5217.391304347826
Kenchenahalli,700.0,1,3500000.0,5000.0
Kenchenahalli,1165.0,2,4500000.0,3862.6609442060085
Kenchenahalli,1060.0,2,5200000.0,4905.66037735849
Kenchenahalli,1150.0,2,5700000.0,4956.521739130435
Kenchenahalli,1720.0,3,10000000.0,5813.953488372093
Kenchenahalli,1015.0,2,6000000.0,5911.330049261083
Kengeri,600.0,1,1500000.0,2500.0
Kengeri,1540.0,3,6400000.0,4155.8441558441555
Kengeri,1000.0,2,2500000.0,2500.0
Kengeri,750.0,2,3800000.0,5066.666666666667
Kengeri,1160.0,2,4061000.0,3500.862068965517
Kengeri,340.0,1,1000000.0,2941.176470588235
Kengeri,1197.0,2,5000000.0,4177.109440267335
Kengeri,8000.0,5,50000000.0,6250.0
Kengeri,1200.0,2,5800000.0,4833.333333333333
Kengeri,1188.0,3,3800000.0,3198.6531986531986
Kengeri,726.0,2,3100000.0,4269.972451790633
Kengeri,1250.0,3,4800000.0,3840.0
Kengeri,1025.0,2,5700000.0,5560.975609756098
Kengeri,1160.0,3,4060000.0,3500.0
Kengeri,750.0,2,2200000.0,2933.3333333333335
Kengeri,1082.0,3,4900000.0,4528.650646950093
Kengeri,1155.0,2,4060000.0,3515.151515151515
Kengeri,1255.0,2,5000000.0,3984.06374501992
Kengeri,750.0,2,3600000.0,4800.0
Kengeri,963.0,2,4000000.0,4153.686396677051
Kengeri,927.0,2,3700000.0,3991.3700107874865
Kengeri,726.0,2,3500000.0,4820.936639118458
Kengeri,918.0,2,2754000.0,3000.0
Kengeri,416.0,1,1950000.0,4687.5
Kengeri,900.0,2,4500000.0,5000.0
Kengeri,900.0,2,3000000.0,3333.3333333333335
Kengeri,787.0,2,3100000.0,3939.0088945362136
Kengeri,502.0,1,2500000.0,4980.0796812749
Kengeri,1470.0,3,5000000.0,3401.360544217687
Kengeri,1200.0,3,6700000.0,5583.333333333333
Kengeri,725.0,2,3000000.0,4137.931034482759
Kengeri,500.0,1,1700000.0,3400.0
Kengeri,540.0,1,2250000.0,4166.666666666667
Kengeri,750.0,2,3550000.0,4733.333333333333
Kengeri,1741.0,3,8000000.0,4595.060310166571
Kengeri,1436.0,3,5500000.0,3830.08356545961
Kengeri,400.0,1,2500000.0,6250.0
Kengeri,1230.0,2,4500000.0,3658.5365853658536
Kengeri,1230.0,3,5200000.0,4227.642276422765
Kengeri,750.0,2,3650000.0,4866.666666666667
Kengeri,2540.0,4,16000000.0,6299.212598425197
Kengeri,1000.0,2,3400000.0,3400.0
Kengeri,416.0,1,1800000.0,4326.923076923077
Kengeri,1245.0,3,4357000.0,3499.598393574297
Kengeri,883.0,2,4900000.0,5549.263873159683
Kengeri,1052.0,2,5100000.0,4847.9087452471485
Kengeri,1009.0,2,3027000.0,3000.0
Kengeri,1220.0,2,6300000.0,5163.934426229508
Kengeri,1150.0,1,5200000.0,4521.739130434783
Kengeri,1192.0,2,5350000.0,4488.255033557047
Kengeri,1200.0,2,4200000.0,3500.0
Kengeri,750.0,2,4000000.0,5333.333333333333
Kengeri,600.0,1,3500000.0,5833.333333333333
Kengeri,633.0,2,1800000.0,2843.6018957345973
Kengeri,1035.0,2,5150000.0,4975.84541062802
Kengeri,3000.0,8,13000000.0,4333.333333333333
Kengeri,410.0,1,1500000.0,3658.5365853658536
Kengeri,416.0,1,1719000.0000000002,4132.211538461539
Kengeri,1320.0,2,5000000.0,3787.878787878788
Kengeri,1160.0,2,4060000.0,3500.0
Kengeri,2500.0,5,10000000.0,4000.0
Kengeri,550.0,1,1675000.0,3045.4545454545455
Kengeri Satellite Town,890.0,2,3500000.0,3932.5842696629215
Kengeri Satellite Town,883.0,2,4500000.0,5096.262740656852
Kengeri Satellite Town,1415.0,3,6600000.0,4664.310954063604
Kengeri Satellite Town,930.0,1,3000000.0,3225.8064516129034
Kengeri Satellite Town,1635.0,3,7800000.0,4770.642201834862
Kengeri Satellite Town,1072.0,2,2500000.0,2332.089552238806
Kengeri Satellite Town,1050.0,2,4300000.0,4095.2380952380954
Kengeri Satellite Town,1007.0,2,4200000.0,4170.8043694141015
Kengeri Satellite Town,1043.0,2,6500000.0,6232.023010546501
Kengeri Satellite Town,1149.0,3,2900000.0,2523.933855526545
Kengeri Satellite Town,635.0,2,2200000.0,3464.566929133858
Kengeri Satellite Town,818.0,2,2600000.0,3178.484107579462
Kengeri Satellite Town,1030.0,2,5000000.0,4854.368932038835
Kengeri Satellite Town,1200.0,2,6500000.0,5416.666666666667
Kengeri Satellite Town,795.0,2,3200000.0,4025.1572327044023
Kengeri Satellite Town,1302.5,2,4428500.0,3400.0
Kengeri Satellite Town,800.0,2,4000000.0,5000.0
Kengeri Satellite Town,654.0,1,2200000.0,3363.914373088685
Kengeri Satellite Town,1060.0,2,4200000.0,3962.264150943396
Kengeri Satellite Town,750.0,2,3300000.0,4400.0
Kengeri Satellite Town,920.0,2,3900000.0,4239.130434782609
Kengeri Satellite Town,985.0,2,4200000.0,4263.959390862944
Kengeri Satellite Town,2480.0,2,16000000.0,6451.612903225807
Kengeri Satellite Town,410.0,1,1500000.0,3658.5365853658536
Kengeri Satellite Town,1120.0,2,4900000.0,4375.0
Kengeri Satellite Town,1450.0,3,5000000.0,3448.2758620689656
Kengeri Satellite Town,1110.0,2,4300000.0,3873.873873873874
Kengeri Satellite Town,1170.0,2,5000000.0,4273.504273504273
Kengeri Satellite Town,777.4,2,2500000.0,3215.8476974530486
Kengeri Satellite Town,1025.0,2,2857000.0,2787.317073170732
Kengeri Satellite Town,1191.0,3,3334000.0000000005,2799.3282955499585
Kengeri Satellite Town,800.0,2,3200000.0,4000.0
Kereguddadahalli,950.0,2,3200000.0,3368.4210526315787
Kereguddadahalli,1400.0,3,4800000.0,3428.5714285714284
Kereguddadahalli,800.0,2,2800000.0,3500.0
Kereguddadahalli,904.0,2,3000000.0,3318.5840707964603
Kereguddadahalli,1300.0,3,3900000.0,3000.0
Kereguddadahalli,1000.0,2,3000000.0,3000.0
Kereguddadahalli,1240.0,3,4100000.0,3306.451612903226
Kereguddadahalli,600.0,1,1950000.0,3250.0
Kereguddadahalli,1080.0,2,3200000.0,2962.962962962963
Kereguddadahalli,1000.0,2,3400000.0,3400.0
Kereguddadahalli,1105.0,2,2760000.0,2497.737556561086
Kereguddadahalli,1400.0,3,4200000.0,3000.0
Kereguddadahalli,1280.0,3,4200000.0,3281.25
Kereguddadahalli,1015.0,2,3500000.0,3448.2758620689656
Kodichikkanahalli,1190.0,3,5700000.0,4789.915966386555
Kodichikkanahalli,995.0,2,4100000.0,4120.603015075377
Kodichikkanahalli,650.0,1,3800000.0,5846.153846153846
Kodichikkanahalli,2700.0,5,12500000.0,4629.62962962963
Kodichikkanahalli,1495.0,3,7500000.0,5016.722408026756
Kodichikkanahalli,3250.0,4,18000000.0,5538.461538461538
Kodichikkanahalli,1125.0,2,5200000.0,4622.222222222223
Kodichikkanahalli,1150.0,2,4800000.0,4173.913043478261
Kodichikkanahalli,1070.0,2,4300000.0,4018.691588785047
Kodichikkanahalli,1620.0,3,8500000.0,5246.913580246914
Kodichikkanahalli,1560.0,3,6500000.0,4166.666666666667
Kodichikkanahalli,1026.0,2,4500000.0,4385.964912280701
Kodichikkanahalli,2500.0,5,12500000.0,5000.0
Kodichikkanahalli,450.0,1,1800000.0,4000.0
Kodichikkanahalli,907.0,2,3850000.0,4244.7629547960305
Kodichikkanahalli,1181.0,2,5700000.0,4826.418289585097
Kodichikkanahalli,900.0,2,4200000.0,4666.666666666667
Kodichikkanahalli,1060.0,2,3400000.0,3207.5471698113206
Kodichikkanahalli,1310.0,3,5300000.0,4045.8015267175574
Kodichikkanahalli,1680.0,2,5900000.0,3511.904761904762
Kodichikkanahalli,1400.0,3,6600000.0,4714.285714285715
Kodichikkanahalli,976.0,2,5000000.0,5122.950819672131
Kodichikkanahalli,1299.0,2,5800000.0,4464.973056197075
Kodichikkanahalli,900.0,2,3500000.0,3888.8888888888887
Kodigehaali,1166.0,2,5500000.0,4716.981132075472
Kodigehaali,1320.0,3,6500000.0,4924.242424242424
Kodigehaali,1117.0,2,5600000.0,5013.428827215756
Kodigehaali,1200.0,2,5500000.0,4583.333333333333
Kodigehaali,1200.0,2,6000000.0,5000.0
Kodigehaali,1013.0,2,5100000.0,5034.550839091807
Kodigehaali,1324.0,3,6500000.0,4909.365558912386
Kodigehaali,965.0,2,3800000.0,3937.8238341968913
Kodigehaali,866.0,2,3200000.0,3695.150115473441
Kodigehaali,1442.0,3,8000000.0,5547.850208044383
Kodigehalli,1270.0,2,9800000.0,7716.535433070866
Kodigehalli,1086.0,2,3365999.9999999995,3099.4475138121543
Kodigehalli,1200.0,2,4800000.0,4000.0
Kodigehalli,655.0,1,5300000.0,8091.603053435115
Kodigehalli,1820.0,3,15000000.0,8241.758241758242
Kodigehalli,635.0,2,2800000.0,4409.4488188976375
Kodigehalli,1200.0,3,15600000.0,13000.0
Kodihalli,3252.0,4,33500000.0,10301.353013530135
Kodihalli,3073.0,4,69600000.0,22648.87731858119
Kodihalli,2700.0,3,27000000.0,10000.0
Kodihalli,2392.0,3,26000000.0,10869.565217391304
Kodihalli,2408.0,3,26000000.0,10797.34219269103
Kodihalli,2500.0,3,26000000.0,10400.0
Kodihalli,1620.0,3,13000000.0,8024.691358024691
Kodihalli,3260.0,4,38800000.0,11901.840490797545
Kodihalli,1000.0,2,6200000.0,6200.0
Kodihalli,3197.0,4,33500000.0,10478.573662808883
Kodihalli,1490.0,2,15000000.0,10067.114093959732
Kodihalli,3626.0,4,78500000.0,21649.20022062879
Kodihalli,1400.0,3,8100000.0,5785.714285714285
Kodihalli,3522.0,4,71600000.0,20329.358319136853
Kodihalli,3626.0,4,78800000.0,21731.936017650303
Kogilu,1909.0,3,8800000.0,4609.743321110529
Kogilu,1664.0,3,7395000.0,4444.110576923077
Kogilu,1170.0,2,5199000.0,4443.589743589743
Kogilu,650.0,2,2800000.0,4307.692307692308
Kogilu,1140.0,2,5066000.0,4443.859649122807
Kogilu,1200.0,2,5333000.0,4444.166666666667
Kogilu,1934.0,3,15000000.0,7755.946225439504
Kogilu,540.0,1,3600000.0,6666.666666666667
Kogilu,1559.0,3,12700000.0,8146.247594611931
Kogilu,1190.0,2,5066000.0,4257.142857142857
Kogilu,1559.0,3,12000000.0,7697.2418216805645
Kogilu,700.0,1,3084000.0,4405.714285714285
Kogilu,1250.0,2,5555000.0,4444.0
Kogilu,952.0,2,4900000.0,5147.058823529412
Kogilu,2456.0,7,8500000.0,3460.912052117264
Konanakunte,2791.0,3,22300000.0,7989.967753493372
Konanakunte,884.0,2,5800000.0,6561.085972850678
Konanakunte,1637.0,3,7300000.0,4459.376908979842
Konanakunte,1400.0,3,7300000.0,5214.285714285715
Konanakunte,3000.0,4,16000000.0,5333.333333333333
Konanakunte,2779.0,3,31700000.0,11406.980928391507
Konanakunte,1200.0,4,12500000.0,10416.666666666666
Konanakunte,1200.0,4,13000000.0,10833.333333333334
Konanakunte,2400.0,3,18000000.0,7500.0
Konanakunte,3746.0,4,37500000.0,10010.6780565937
Konanakunte,3621.0,4,51100000.0,14112.123722728527
Konanakunte,1423.0,3,8500000.0,5973.295853829937
Koramangala,1475.0,3,9000000.0,6101.6949152542375
Koramangala,1320.0,2,16500000.0,12500.0
Koramangala,1253.0,2,10200000.0,8140.462889066241
Koramangala,1580.0,3,16000000.0,10126.582278481013
Koramangala,1750.0,3,13000000.0,7428.571428571428
Koramangala,1120.0,2,6500000.0,5803.571428571428
Koramangala,3500.0,4,42500000.0,12142.857142857143
Koramangala,1005.0,2,11000000.0,10945.273631840795
Koramangala,2292.0,3,27500000.0,11998.25479930192
Koramangala,1835.0,3,15500000.0,8446.866485013625
Koramangala,1290.0,2,10000000.0,7751.937984496124
Koramangala,1300.0,2,11000000.0,8461.538461538461
Koramangala,1600.0,3,8800000.0,5500.0
Koramangala,2200.0,3,18000000.0,8181.818181818182
Koramangala,1325.0,2,11900000.0,8981.132075471698
Koramangala,1140.0,2,7520000.0,6596.491228070176
Koramangala,2700.0,4,45000000.0,16666.666666666668
Koramangala,1260.0,2,10000000.0,7936.507936507936
Koramangala,1975.0,3,21000000.0,10632.911392405063
Koramangala,1900.0,2,20000000.0,10526.315789473685
Koramangala,2292.0,3,28600000.0,12478.184991273996
Koramangala,2300.0,3,29000000.0,12608.695652173914
Koramangala,1594.0,3,12500000.0,7841.907151819322
Koramangala,1760.0,3,11500000.0,6534.090909090909
Koramangala,2503.0,4,32500000.0,12984.418697562924
Koramangala,1900.0,3,15000000.0,7894.736842105263
Koramangala,1320.0,2,15000000.0,11363.636363636364
Koramangala,1320.0,2,11000000.0,8333.333333333334
Koramangala,5985.0,4,77500000.0,12949.039264828738
Koramangala,2461.0,4,35300000.0,14343.762698090208
Koramangala,1615.0,3,11500000.0,7120.743034055728
Koramangala,2246.0,3,30000000.0,13357.079252003561
Koramangala,1300.0,2,8200000.0,6307.692307692308
Koramangala,1716.0,3,11500000.0,6701.631701631702
Koramangala,1500.0,3,13500000.0,9000.0
Koramangala,1083.0,2,10000000.0,9233.610341643584
Koramangala,1744.0,3,20000000.0,11467.88990825688
Koramangala,1890.0,3,10000000.0,5291.005291005291
Koramangala,1180.0,2,12800000.0,10847.457627118643
Koramangala,1320.0,2,16000000.0,12121.212121212122
Koramangala,1370.0,2,12500000.0,9124.087591240876
Koramangala,1100.0,2,8500000.0,7727.272727272727
Koramangala,1161.0,2,6385000.0,5499.569336778639
Koramangala,1249.0,2,16500000.0,13210.56845476381
Koramangala,1084.0,2,17900000.0,16512.91512915129
Koramangala,1200.0,2,10000000.0,8333.333333333334
Koramangala,1720.0,3,13000000.0,7558.139534883721
Koramangala,1900.0,3,12000000.0,6315.789473684211
Koramangala,1130.0,2,6300000.0,5575.221238938053
Koramangala,2223.0,3,30000000.0,13495.27665317139
Koramangala,1744.0,3,21000000.0,12041.284403669724
Koramangala,1410.0,4,28000000.0,19858.156028368794
Koramangala,1866.0,3,24500000.0,13129.689174705252
Koramangala,1745.0,3,9800000.0,5616.045845272206
Koramangala,1350.0,2,10300000.0,7629.62962962963
Koramangala,6000.0,4,62500000.0,10416.666666666666
Koramangala,1642.0,3,11500000.0,7003.654080389769
Koramangala,1710.0,3,21000000.0,12280.701754385966
Koramangala,1700.0,3,25000000.0,14705.882352941177
Koramangala,1355.0,2,9500000.0,7011.070110701107
Koramangala,1600.0,3,17000000.0,10625.0
Koramangala,1910.0,3,15000000.0,7853.4031413612565
Koramangala,1605.0,3,26000000.0,16199.376947040499
Koramangala,1600.0,3,14000000.0,8750.0
Kothannur,1206.0,2,4823000.0,3999.1708126036483
Kothannur,1853.0,3,8200000.0,4425.256341068538
Kothannur,1275.0,3,4385000.0,3439.2156862745096
Kothannur,1100.0,2,4000000.0,3636.3636363636365
Kothannur,1300.0,3,6000000.0,4615.384615384615
Kothannur,1197.0,2,4788000.0,4000.0
Kothannur,740.0,2,3400000.0,4594.594594594595
Kothannur,1197.0,2,4780000.0,3993.316624895572
Kothannur,1070.0,2,4279000.0,3999.0654205607475
Kothannur,1270.0,3,4500000.0,3543.3070866141734
Kothannur,1275.0,3,3979999.9999999995,3121.56862745098
Kothannur,1275.0,3,4400000.0,3450.9803921568628
Kothannur,1240.0,3,3985000.0,3213.7096774193546
Kothannur,1070.0,2,3860000.0,3607.4766355140187
Kothannur,2000.0,4,9500000.0,4750.0
Kothannur,1350.0,2,4200000.0,3111.1111111111113
Kothannur,1485.0,3,5940000.0,4000.0
Kothannur,1215.0,3,4860000.0,4000.0
Kothannur,1085.0,2,3420000.0000000005,3152.0737327188945
Kothannur,820.0,2,3700000.0,4512.195121951219
Kothannur,1404.0,3,5615000.0,3999.287749287749
Kothannur,1600.0,4,4500000.0,2812.5
Kothanur,1200.0,2,5100000.0,4250.0
Kothanur,2400.0,3,15000000.0,6250.0
Kothanur,1828.0,3,11000000.0,6017.505470459519
Kothanur,1186.0,2,5800000.0,4890.387858347386
Kothanur,1577.0,3,7000000.0,4438.807863031072
Kothanur,1847.0,3,10500000.0,5684.89442338928
Kothanur,1580.0,3,7600000.0,4810.126582278481
Kothanur,1840.0,3,6900000.0,3750.0
Kothanur,9600.0,5,55000000.0,5729.166666666667
Kothanur,1435.0,3,7000000.0,4878.048780487805
Kothanur,1187.0,2,5800000.0,4886.2679022746415
Kothanur,1847.0,3,11000000.0,5955.603681645913
Kothanur,1460.0,3,7100000.0,4863.013698630137
Kothanur,4000.0,6,15000000.0,3750.0
Kothanur,1185.0,2,5900000.0,4978.9029535864975
Kothanur,1436.0,3,7000000.0,4874.651810584958
Kothanur,1462.0,3,7100000.0,4856.361149110807
Kothanur,1790.0,3,10500000.0,5865.921787709497
Kothanur,1583.0,3,7609999.999999999,4807.327858496525
Kothanur,1070.0,2,4550000.0,4252.336448598131
Kothanur,1820.0,3,7700000.0,4230.7692307692305
Kothanur,1145.0,2,5600000.0,4890.829694323144
Kothanur,3401.0,4,23000000.0,6762.7168479858865
Kothanur,1455.0,2,6900000.0,4742.268041237114
Kothanur,627.0,1,3000000.0,4784.688995215311
Kothanur,1302.0,2,6850000.0,5261.136712749616
Kothanur,1760.0,3,11100000.0,6306.818181818182
Kothanur,1185.0,2,5800000.0,4894.514767932489
Kothanur,1500.0,1,7500000.0,5000.0
Kothanur,1075.0,2,5300000.0,4930.232558139535
Kothanur,1790.0,3,9700000.0,5418.994413407821
Kothanur,2700.0,4,17500000.0,6481.481481481482
Kothanur,1786.0,3,10600000.0,5935.05039193729
Kothanur,1787.0,3,10700000.0,5987.688864017907
Kothanur,1141.0,2,5400000.0,4732.690622261174
Kothanur,1760.0,3,11000000.0,6250.0
Kothanur,1365.0,3,6600000.0,4835.1648351648355
Kothanur,1160.0,2,5700000.0,4913.793103448276
Kothanur,1095.0,2,5500000.0,5022.83105022831
Kothanur,1142.0,2,5600000.0,4903.6777583187395
Kothanur,1074.0,2,5400000.0,5027.932960893855
Kothanur,1285.0,2,6000000.0,4669.260700389105
Kothanur,1140.0,2,5600000.0,4912.2807017543855
Kothanur,1400.0,2,7000000.0,5000.0
Kothanur,1581.0,3,7600000.0,4807.084123972169
Kothanur,1385.0,3,6700000.0,4837.545126353791
Kothanur,1787.0,3,12000000.0,6715.165081141578
Kothanur,1130.0,2,5500000.0,4867.256637168141
Kothanur,1094.0,2,5400000.0,4936.014625228519
Kothanur,1170.0,3,8000000.0,6837.606837606838
Kothanur,1400.0,2,6500000.0,4642.857142857143
Kothanur,1195.0,2,5900000.0,4937.238493723849
Kothanur,1790.0,3,12000000.0,6703.91061452514
Kothanur,1454.0,3,7150000.0,4917.469050894085
Kudlu,1152.0,2,5350000.0,4644.097222222223
Kudlu,1027.0,2,4300000.0,4186.952288218111
Kudlu,1092.0,2,4400000.0,4029.3040293040294
Kudlu,1143.0,2,5500000.0,4811.898512685914
Kudlu,1455.0,3,6000000.0,4123.711340206186
Kudlu,1024.0,2,4400000.0,4296.875
Kudlu,1570.0,3,6594000.0,4200.0
Kudlu,1600.0,3,7900000.0,4937.5
Kudlu,1027.0,2,4200000.0,4089.581304771178
Kudlu,1076.0,2,5000000.0,4646.840148698885
Kudlu,1027.0,2,4400000.0,4284.323271665044
Kudlu,1084.0,2,5300000.0,4889.29889298893
Kudlu,1300.0,2,5600000.0,4307.692307692308
Kudlu,1245.0,3,6000000.0,4819.277108433735
Kudlu,1110.0,2,4600000.0,4144.144144144144
Kudlu,2100.0,4,11400000.0,5428.571428571428
Kudlu,720.0,1,3300000.0,4583.333333333333
Kudlu,1162.0,2,5200000.0,4475.043029259897
Kudlu,1041.0,2,5300000.0,5091.258405379443
Kudlu Gate,1535.0,3,8300000.0,5407.166123778502
Kudlu Gate,1535.0,3,8500000.0,5537.459283387622
Kudlu Gate,1535.0,3,7800000.0,5081.4332247557
Kudlu Gate,1535.0,3,8600000.0,5602.605863192182
Kudlu Gate,1564.0,3,9200000.0,5882.35294117647
Kudlu Gate,1364.0,3,4638000.0,3400.293255131965
Kudlu Gate,1238.0,2,5500000.0,4442.64943457189
Kudlu Gate,1707.0,3,9974500.0,5843.2923257176335
Kudlu Gate,1335.0,3,8900000.0,6666.666666666667
Kudlu Gate,703.0,1,5200000.0,7396.870554765292
Kudlu Gate,1532.0,3,8300000.0,5417.754569190601
Kudlu Gate,1113.0,2,5000000.0,4492.36298292902
Kudlu Gate,1465.0,3,4981000.0,3400.0
Kudlu Gate,1185.0,2,5000000.0,4219.4092827004215
Kudlu Gate,1664.0,3,6800000.0,4086.5384615384614
Kudlu Gate,1656.0,3,8000000.0,4830.917874396136
Kudlu Gate,1656.0,3,7500000.0,4528.985507246377
Kudlu Gate,1215.0,2,4500000.0,3703.703703703704
Kudlu Gate,812.0,2,3825000.0,4710.591133004926
Kudlu Gate,1547.0,2,10300000.0,6658.047834518423
Kudlu Gate,1336.0,2,8600000.0,6437.125748502994
Kudlu Gate,1919.0,3,12100000.0,6305.367378843148
Kudlu Gate,1464.0,2,5600000.0,3825.136612021858
Kudlu Gate,1850.0,3,12000000.0,6486.486486486487
Kudlu Gate,940.0,2,6956999.999999999,7401.063829787233
Kudlu Gate,1215.0,2,4496000.0,3700.411522633745
Kudlu Gate,1164.0,2,7500000.0,6443.298969072165
Kudlu Gate,3850.0,4,20500000.0,5324.675324675325
Kudlu Gate,1183.0,2,7954000.000000001,6723.584108199494
Kudlu Gate,1850.0,3,11000000.0,5945.945945945946
Kudlu Gate,1320.0,3,5000000.0,3787.878787878788
Kudlu Gate,1200.0,2,4440000.0,3700.0
Kudlu Gate,1432.0,3,6111000.0,4267.458100558659
Kudlu Gate,1310.0,2,5300000.0,4045.8015267175574
Kumaraswami Layout,2000.0,4,13900000.0,6950.0
Kumaraswami Layout,1000.0,2,4850000.0,4850.0
Kumaraswami Layout,1000.0,2,5800000.0,5800.0
Kumaraswami Layout,1000.0,2,3600000.0,3600.0
Kumaraswami Layout,2400.0,7,12500000.0,5208.333333333333
Kumaraswami Layout,2600.0,4,32500000.0,12500.0
Kumaraswami Layout,800.0,2,9000000.0,11250.0
Kumaraswami Layout,2400.0,3,12500000.0,5208.333333333333
Kumaraswami Layout,1310.0,3,7000000.0,5343.511450381679
Kumaraswami Layout,850.0,1,7800000.0,9176.470588235294
Kumaraswami Layout,2600.0,4,30000000.0,11538.461538461539
Kumaraswami Layout,3200.0,7,15000000.0,4687.5
Kumaraswami Layout,1310.0,3,8500000.0,6488.5496183206105
Kumaraswami Layout,2450.0,4,11000000.0,4489.7959183673465
Kumaraswami Layout,600.0,2,7200000.0,12000.0
Kumaraswami Layout,3100.0,7,14500000.0,4677.419354838709
Kumaraswami Layout,1200.0,2,2900000.0,2416.6666666666665
Kumaraswami Layout,3000.0,7,40000000.0,13333.333333333334
Kumaraswami Layout,1200.0,3,7500000.0,6250.0
Kumaraswami Layout,1081.0,2,6000000.0,5550.416281221092
Kundalahalli,1724.0,3,12500000.0,7250.580046403712
Kundalahalli,1030.0,2,4900000.0,4757.281553398058
Kundalahalli,735.0,2,5799000.0,7889.7959183673465
Kundalahalli,1047.0,2,8200000.0,7831.900668576886
Kundalahalli,1397.0,3,10500000.0,7516.1059413027915
Kundalahalli,1291.0,2,4900000.0,3795.5073586367157
Kundalahalli,1724.0,3,12700000.0,7366.589327146172
Kundalahalli,1010.0,2,4927000.0,4878.217821782178
Kundalahalli,1397.0,3,11000000.0,7874.0157480314965
Kundalahalli,1397.0,3,10400000.0,7444.523979957051
Kundalahalli,1397.0,3,10800000.0,7730.851825340014
Kundalahalli,1920.0,3,15000000.0,7812.5
Kundalahalli,1800.0,3,8000000.0,4444.444444444444
Kundalahalli,1724.0,3,12400000.0,7192.5754060324825
Kundalahalli,1047.0,2,8400000.0,8022.9226361031515
Kundalahalli,1047.0,2,8300000.0,7927.411652340019
Kundalahalli,7000.0,4,55000000.0,7857.142857142857
Kundalahalli,2075.0,3,11500000.0,5542.168674698795
Kundalahalli,1120.0,2,5376000.0,4800.0
Kundalahalli,1047.0,2,8262000.0,7891.117478510028
Kundalahalli,1047.0,2,9100000.0,8691.499522445081
Kundalahalli,1724.0,3,14600000.0,8468.677494199535
Kundalahalli,1600.0,3,17000000.0,10625.0
Kundalahalli,1496.0,3,7800000.0,5213.903743315508
Kundalahalli,1010.0,2,4827000.0,4779.207920792079
Kundalahalli,1047.0,2,8900000.0,8500.477554918816
Kundalahalli,2500.0,4,24500000.0,9800.0
Kundalahalli,1800.0,3,11000000.0,6111.111111111111
Kundalahalli,1047.0,2,7200000.0,6876.790830945559
Kundalahalli,1260.0,2,5800000.0,4603.174603174603
Kundalahalli,3092.0,4,23000000.0,7438.551099611902
Kundalahalli,1065.0,2,7000000.0,6572.769953051643
Kundalahalli,1500.0,3,5000000.0,3333.3333333333335
Kundalahalli,1724.0,3,12800000.0,7424.593967517401
Kundalahalli,1315.0,2,7400000.0,5627.376425855513
Kundalahalli,2100.0,3,15000000.0,7142.857142857143
Kundalahalli,1724.0,3,14000000.0,8120.649651972158
Kundalahalli,1175.0,2,6500000.0,5531.914893617021
LB Shastri Nagar,1600.0,3,6500000.0,4062.5
LB Shastri Nagar,1043.0,2,5500000.0,5273.250239693192
LB Shastri Nagar,1184.0,2,6900000.0,5827.7027027027025
LB Shastri Nagar,665.0,1,3200000.0,4812.0300751879695
LB Shastri Nagar,1250.0,2,4850000.0,3880.0
LB Shastri Nagar,1400.0,3,8000000.0,5714.285714285715
LB Shastri Nagar,1184.0,2,6200000.0,5236.486486486487
LB Shastri Nagar,1200.0,2,4700000.0,3916.6666666666665
LB Shastri Nagar,1200.0,2,7500000.0,6250.0
LB Shastri Nagar,1000.0,2,4950000.0,4950.0
Laggere,1200.0,1,4800000.0,4000.0
Laggere,1200.0,3,15000000.0,12500.0
Laggere,2800.0,5,12500000.0,4464.285714285715
Laggere,1200.0,3,13000000.0,10833.333333333334
Laggere,1260.0,4,15000000.0,11904.761904761905
Laggere,1200.0,1,12500000.0,10416.666666666666
Laggere,1200.0,2,7500000.0,6250.0
Laggere,1500.0,1,6000000.0,4000.0
Laggere,620.0,1,4800000.0,7741.935483870968
Laggere,1800.0,5,7000000.0,3888.8888888888887
Lakshminarayana Pura,1185.0,2,7500000.0,6329.113924050633
Lakshminarayana Pura,1600.0,3,10800000.0,6750.0
Lakshminarayana Pura,1680.0,3,15000000.0,8928.57142857143
Lakshminarayana Pura,1180.0,2,7500000.0,6355.932203389831
Lakshminarayana Pura,1172.0,2,8200000.0,6996.587030716723
Lakshminarayana Pura,1750.0,3,15000000.0,8571.42857142857
Lakshminarayana Pura,1179.0,2,7500000.0,6361.323155216285
Lakshminarayana Pura,1149.0,2,7500000.0,6527.415143603133
Lakshminarayana Pura,1336.0,2,10000000.0,7485.029940119761
Lakshminarayana Pura,1175.0,2,7500000.0,6382.978723404255
Lakshminarayana Pura,1190.0,2,7500000.0,6302.5210084033615
Lakshminarayana Pura,1200.0,2,7500000.0,6250.0
Lakshminarayana Pura,1656.0,3,15000000.0,9057.971014492754
Lakshminarayana Pura,1165.0,2,7500000.0,6437.768240343347
Lakshminarayana Pura,1145.0,2,7500000.0,6550.218340611354
Lakshminarayana Pura,1695.0,3,15000000.0,8849.557522123894
Lakshminarayana Pura,1300.0,2,7000000.0,5384.615384615385
Lakshminarayana Pura,1569.0,3,15000000.0,9560.229445506691
Lakshminarayana Pura,1649.0,3,15000000.0,9096.422073984233
Lakshminarayana Pura,1395.0,2,7500000.0,5376.344086021505
Lakshminarayana Pura,1500.0,3,10400000.0,6933.333333333333
Lakshminarayana Pura,1700.0,3,15000000.0,8823.529411764706
Lakshminarayana Pura,1210.0,2,7500000.0,6198.347107438017
Lakshminarayana Pura,3050.0,3,9000000.0,2950.8196721311474
Lakshminarayana Pura,1169.0,2,7500000.0,6415.739948674081
Lakshminarayana Pura,1172.0,2,7500000.0,6399.317406143345
Lakshminarayana Pura,1720.0,3,15000000.0,8720.93023255814
Lakshminarayana Pura,1200.0,2,8300000.0,6916.666666666667
Lakshminarayana Pura,1200.0,2,8000000.0,6666.666666666667
Lakshminarayana Pura,1615.0,3,15000000.0,9287.925696594428
Lakshminarayana Pura,1195.0,2,7500000.0,6276.150627615063
Lingadheeranahalli,1521.0,3,9500000.0,6245.890861275477
Lingadheeranahalli,1511.0,3,9500000.0,6287.22700198544
Lingadheeranahalli,1683.0,3,10900000.0,6476.5300059417705
Lingadheeranahalli,1519.0,3,9300000.0,6122.448979591837
Lingadheeranahalli,1521.0,3,9499000.0,6245.233399079553
Lingadheeranahalli,1687.0,3,12700000.0,7528.156490812093
Lingadheeranahalli,1893.0,3,14000000.0,7395.66825145272
Lingadheeranahalli,1530.0,3,9000000.0,5882.35294117647
Lingadheeranahalli,1682.0,3,12000000.0,7134.36385255648
Lingadheeranahalli,1521.0,3,9471000.0,6226.824457593689
Lingadheeranahalli,1893.0,3,13000000.0,6867.406233491812
Lingadheeranahalli,1705.0,3,11000000.0,6451.612903225807
Lingadheeranahalli,2245.0,4,15400000.0,6859.688195991092
Lingadheeranahalli,1682.0,3,11300000.0,6718.192627824019
Lingadheeranahalli,1682.0,3,11400000.0,6777.645659928657
Lingadheeranahalli,1506.0,3,9500000.0,6308.100929614874
Lingadheeranahalli,1683.0,3,11000000.0,6535.9477124183
Lingadheeranahalli,1684.0,3,12000000.0,7125.890736342043
Lingadheeranahalli,2236.0,4,15300000.0,6842.57602862254
Lingadheeranahalli,1894.0,3,11400000.0,6019.007391763464
Lingadheeranahalli,2240.0,4,16000000.0,7142.857142857143
Magadi Road,3600.0,6,14100000.0,3916.6666666666665
Magadi Road,1116.0,2,5000000.0,4480.286738351255
Magadi Road,1282.0,3,4900000.0,3822.1528861154447
Magadi Road,884.0,2,4110000.0,4649.321266968326
Magadi Road,1005.0,2,5578000.0,5550.248756218905
Magadi Road,1000.0,2,4650000.0,4650.0
Magadi Road,1500.0,4,9300000.0,6200.0
Magadi Road,1350.0,2,10000000.0,7407.407407407408
Magadi Road,1322.0,3,5882000.0,4449.3192133131615
Magadi Road,1345.0,2,5500000.0,4089.2193308550186
Magadi Road,440.0,1,3500000.0,7954.545454545455
Magadi Road,600.0,2,2200000.0,3666.6666666666665
Magadi Road,1191.0,3,5538000.0,4649.8740554156175
Magadi Road,5000.0,5,36000000.0,7200.0
Magadi Road,1116.0,2,5189000.0,4649.641577060932
Magadi Road,1052.0,3,6000000.0,5703.42205323194
Magadi Road,1200.0,3,9800000.0,8166.666666666667
Magadi Road,750.0,2,2700000.0,3600.0
Magadi Road,940.0,2,5000000.0,5319.148936170212
Magadi Road,1318.0,3,6800000.0,5159.332321699545
Magadi Road,1187.0,3,5519500.0,4649.957877000842
Magadi Road,884.0,2,4800000.0,5429.864253393665
Mahadevpura,1451.0,2,9000000.0,6202.618883528601
Mahadevpura,1225.0,2,4800000.0,3918.3673469387754
Mahadevpura,1720.0,3,7800000.0,4534.883720930233
Mahadevpura,1150.0,2,5200000.0,4521.739130434783
Mahadevpura,1250.0,2,5200000.0,4160.0
Mahadevpura,1192.0,2,7500000.0,6291.946308724832
Mahadevpura,1260.0,2,5760000.0,4571.428571428572
Mahadevpura,3555.0,4,23000000.0,6469.760900140647
Mahadevpura,730.0,1,3500000.0,4794.520547945205
Mahadevpura,1475.0,2,5500000.0,3728.813559322034
Mahadevpura,1434.0,3,6739000.0,4699.442119944212
Mahadevpura,1146.0,2,5380000.0,4694.5898778359515
Mahadevpura,1532.0,2,6200000.0,4046.9973890339425
Mahadevpura,1620.0,3,7600000.0,4691.358024691358
Mahadevpura,1136.0,2,6450000.0,5677.816901408451
Mahadevpura,1400.0,3,6580000.0,4700.0
Mahadevpura,1438.0,2,8900000.0,6189.151599443671
Mahadevpura,1137.0,2,5340000.0,4696.5699208443275
Mahadevpura,1601.0,3,9500000.0,5933.791380387258
Mahadevpura,1450.0,3,7500000.0,5172.413793103448
Mahadevpura,1152.0,2,5400000.0,4687.5
Mahadevpura,1212.0,2,5690000.0,4694.7194719471945
Mahadevpura,1505.0,3,6400000.0,4252.491694352159
Mahadevpura,1505.0,3,7800000.0,5182.724252491695
Mahadevpura,1500.0,3,7000000.0,4666.666666666667
Mahadevpura,1236.0,2,5800000.0,4692.556634304207
Mahadevpura,1120.0,2,5300000.0,4732.142857142857
Mahadevpura,1050.0,2,4200000.0,4000.0
Mahalakshmi Layout,3750.0,4,76000000.0,20266.666666666668
Mahalakshmi Layout,1575.0,4,15800000.0,10031.746031746032
Mahalakshmi Layout,1105.0,2,8000000.0,7239.819004524887
Mahalakshmi Layout,4320.0,9,82100000.0,19004.62962962963
Mahalakshmi Layout,1200.0,4,16000000.0,13333.333333333334
Mahalakshmi Layout,4482.0,8,85200000.0,19009.37081659973
Mahalakshmi Layout,1080.0,2,6700000.0,6203.7037037037035
Mahalakshmi Layout,1200.0,3,11000000.0,9166.666666666666
Mahalakshmi Layout,1876.0,3,15000000.0,7995.735607675906
Mallasandra,1665.0,3,9500000.0,5705.705705705705
Mallasandra,1665.0,3,8658000.0,5200.0
Mallasandra,1340.0,2,6100000.0,4552.238805970149
Mallasandra,1325.0,2,7000000.0,5283.018867924528
Mallasandra,1665.0,3,8691000.0,5219.81981981982
Mallasandra,905.0,2,4000000.0,4419.889502762431
Mallasandra,1325.0,2,6500000.0,4905.66037735849
Mallasandra,1810.0,4,5700000.0,3149.171270718232
Mallasandra,1325.0,2,7300000.0,5509.433962264151
Mallasandra,1565.0,2,6900000.0,4408.945686900958
Mallasandra,905.0,2,3500000.0,3867.403314917127
Mallasandra,1524.0,3,7200000.0,4724.4094488188975
Mallasandra,1100.0,3,7630000.0,6936.363636363636
Malleshpalya,1140.0,2,4650000.0,4078.9473684210525
Malleshpalya,1225.0,2,4686000.0,3825.3061224489797
Malleshpalya,1785.0,3,7500000.0,4201.680672268908
Malleshpalya,1052.0,2,5000000.0,4752.851711026616
Malleshpalya,1405.0,3,7700000.0,5480.427046263345
Malleshpalya,1065.0,2,5000000.0,4694.835680751174
Malleshpalya,1210.0,2,5500000.0,4545.454545454545
Malleshpalya,1900.0,3,6000000.0,3157.8947368421054
Malleshpalya,1060.0,2,4000000.0,3773.5849056603774
Malleshpalya,1430.0,3,6950000.0,4860.1398601398605
Malleshpalya,1421.0,2,9000000.0,6333.56790992259
Malleshpalya,1245.0,2,5500000.0,4417.6706827309235
Malleshpalya,1200.0,2,4600000.0,3833.3333333333335
Malleshpalya,1225.0,2,5200000.0,4244.897959183673
Malleshwaram,1100.0,2,7500000.0,6818.181818181818
Malleshwaram,705.0,1,6700000.0,9503.54609929078
Malleshwaram,12000.0,7,220000000.0,18333.333333333332
Malleshwaram,2500.0,4,32500000.0,13000.0
Malleshwaram,2006.0,3,29700000.0,14805.583250249252
Malleshwaram,686.0,1,6250000.0,9110.787172011662
Malleshwaram,2475.0,3,33200000.0,13414.141414141413
Malleshwaram,2610.0,3,39900000.0,15287.356321839081
Malleshwaram,2475.0,3,32000000.0,12929.29292929293
Malleshwaram,900.0,2,9500000.0,10555.555555555555
Malleshwaram,1420.0,2,15800000.0,11126.760563380281
Malleshwaram,2000.0,3,25000000.0,12500.0
Malleshwaram,1124.0,2,8000000.0,7117.437722419929
Malleshwaram,2215.0,3,27500000.0,12415.349887133183
Malleshwaram,1600.0,3,16000000.0,10000.0
Malleshwaram,2475.0,3,30000000.0,12121.212121212122
Malleshwaram,2345.0,3,29300000.0,12494.669509594883
Malleshwaram,2600.0,3,23700000.0,9115.384615384615
Malleshwaram,2215.0,3,31000000.0,13995.48532731377
Malleshwaram,2425.0,7,14000000.0,5773.19587628866
Malleshwaram,480.0,1,6000000.0,12500.0
Malleshwaram,1290.0,2,12000000.0,9302.32558139535
Malleshwaram,2475.0,3,32600000.0,13171.717171717171
Malleshwaram,2520.0,3,15000000.0,5952.380952380952
Malleshwaram,2476.0,3,33700000.0,13610.662358642972
Malleshwaram,900.0,2,9000000.0,10000.0
Malleshwaram,2250.0,3,20000000.0,8888.888888888889
Malleshwaram,2050.0,3,27000000.0,13170.731707317073
Malleshwaram,6500.0,4,140000000.0,21538.46153846154
Malleshwaram,900.0,2,7200000.0,8000.0
Malleshwaram,620.0,1,8680000.0,14000.0
Malleshwaram,600.0,2,6800000.0,11333.333333333334
Malleshwaram,2475.0,3,33700000.0,13616.161616161617
Malleshwaram,2215.0,3,33000000.0,14898.419864559819
Malleshwaram,2800.0,4,25200000.0,9000.0
Malleshwaram,1020.0,2,8000000.0,7843.137254901961
Malleshwaram,600.0,2,9000000.0,15000.0
Malleshwaram,2200.0,3,27500000.0,12500.0
Malleshwaram,1500.0,2,14000000.0,9333.333333333334
Malleshwaram,2475.0,3,34000000.0,13737.373737373737
Malleshwaram,1400.0,2,19000000.0,13571.42857142857
Malleshwaram,2400.0,3,38000000.0,15833.333333333334
Malleshwaram,580.0,1,4500000.0,7758.620689655172
Malleshwaram,1410.0,2,12500000.0,8865.248226950354
Malleshwaram,2610.0,4,30600000.0,11724.137931034482
Marathahalli,1310.0,3,6325000.0,4828.244274809161
Marathahalli,1220.0,2,5700000.0,4672.131147540984
Marathahalli,1200.0,2,5200000.0,4333.333333333333
Marathahalli,1200.0,2,6000000.0,5000.0
Marathahalli,1933.0,3,14000000.0,7242.628039317124
Marathahalli,950.0,2,4696000.0,4943.1578947368425
Marathahalli,1230.0,2,8000000.0,6504.065040650406
Marathahalli,3800.0,4,25000000.0,6578.9473684210525
Marathahalli,1019.0,2,4985000.0,4892.051030421982
Marathahalli,1215.0,2,6700000.0,5514.40329218107
Marathahalli,2181.0,4,15200000.0,6969.280146721688
Marathahalli,2489.0,3,9400000.0,3776.6171153073524
Marathahalli,1170.0,2,5300000.0,4529.91452991453
Marathahalli,1019.0,2,4986000.0,4893.032384690873
Marathahalli,1325.0,2,7155000.0,5400.0
Marathahalli,1220.0,2,5650000.0,4631.147540983607
Marathahalli,1575.0,3,7800000.0,4952.380952380952
Marathahalli,1937.0,3,16000000.0,8260.196179659268
Marathahalli,1152.0,2,5600000.0,4861.111111111111
Marathahalli,1610.0,3,9000000.0,5590.062111801242
Marathahalli,1146.0,2,7000000.0,6108.202443280978
Marathahalli,4000.0,4,21200000.0,5300.0
Marathahalli,1469.0,3,8900000.0,6058.543226684819
Marathahalli,1678.0,3,7000000.0,4171.6328963051255
Marathahalli,1530.0,3,7450000.0,4869.281045751634
Marathahalli,1840.0,3,9800000.0,5326.086956521739
Marathahalli,3951.0,4,22000000.0,5568.2105796001015
Marathahalli,1350.0,3,6200000.0,4592.592592592592
Marathahalli,2519.0,4,18500000.0,7344.184200079397
Marathahalli,1385.0,3,6665000.000000001,4812.274368231047
Marathahalli,957.0,2,4690000.0,4900.73145245559
Marathahalli,1583.0,3,10500000.0,6632.975363234365
Marathahalli,2524.0,4,19000000.0,7527.733755942948
Marathahalli,1350.0,3,7200000.0,5333.333333333333
Marathahalli,1535.0,3,7250000.0,4723.127035830619
Marathahalli,1071.0,2,5225000.0,4878.618113912232
Marathahalli,1215.0,2,5886000.0,4844.444444444444
Marathahalli,1102.0,2,5367000.0,4870.235934664247
Marathahalli,1900.0,3,12300000.0,6473.684210526316
Marathahalli,1045.0,2,6000000.0,5741.626794258374
Marathahalli,1305.0,3,6900000.0,5287.35632183908
Marathahalli,1365.0,2,7300000.0,5347.985347985348
Marathahalli,3800.0,4,20500000.0,5394.736842105263
Marathahalli,3895.0,4,22000000.0,5648.267008985879
Marathahalli,1785.0,3,9400000.0,5266.106442577031
Marathahalli,4000.0,4,22000000.0,5500.0
Marathahalli,1208.0,2,7000000.0,5794.701986754967
Marathahalli,1730.0,3,13900000.0,8034.682080924856
Marathahalli,1325.0,2,9200000.0,6943.396226415094
Marathahalli,1525.0,3,9000000.0,5901.639344262295
Marathahalli,1937.0,3,14000000.0,7227.671657201859
Marathahalli,1550.0,3,8300000.0,5354.8387096774195
Marathahalli,1350.0,2,8600000.0,6370.37037037037
Marathahalli,957.0,2,4700000.0,4911.180773249739
Marathahalli,1230.0,2,5700000.0,4634.1463414634145
Marathahalli,1200.0,2,5800000.0,4833.333333333333
Marathahalli,1650.0,3,8645000.0,5239.393939393939
Marathahalli,607.0,1,3500000.0,5766.062602965404
Marathahalli,1583.0,3,10900000.0,6885.6601389766265
Marathahalli,2500.0,5,20000000.0,8000.0
Marathahalli,1075.0,2,5243000.0,4877.209302325581
Marathahalli,1360.0,2,10300000.0,7573.529411764706
Marathahalli,1220.0,2,5850000.0,4795.081967213115
Marathahalli,950.0,2,4568000.0,4808.421052631579
Marathahalli,615.0,1,4400000.0,7154.471544715447
Marathahalli,1595.0,3,9000000.0,5642.633228840125
Marathahalli,1350.0,2,8900000.0,6592.592592592592
Marathahalli,1020.0,2,5700000.0,5588.235294117647
Marathahalli,1735.0,3,7200000.0,4149.85590778098
Marathahalli,1600.0,2,8800000.0,5500.0
Marathahalli,780.0,1,5500000.0,7051.282051282052
Marathahalli,1710.0,3,10000000.0,5847.953216374269
Marathahalli,1530.0,3,7350000.0,4803.921568627451
Marathahalli,1358.0,2,8100000.0,5964.653902798233
Marathahalli,1290.0,2,5200000.0,4031.0077519379847
Marathahalli,1205.0,2,7500000.0,6224.066390041494
Marathahalli,1730.0,3,11000000.0,6358.381502890174
Marathahalli,1583.0,3,11500000.0,7264.687302590019
Marathahalli,1600.0,3,5600000.0,3500.0
Marathahalli,1200.0,2,6700000.0,5583.333333333333
Marathahalli,1095.0,2,6000000.0,5479.45205479452
Marathahalli,1060.0,2,4800000.0,4528.301886792453
Marathahalli,1050.0,2,6500000.0,6190.476190476191
Marathahalli,1026.0,2,4995000.0,4868.421052631579
Marathahalli,3940.0,4,22000000.0,5583.756345177665
Marathahalli,1435.0,3,7300000.0,5087.1080139372825
Marathahalli,1220.0,2,5900000.0,4836.065573770492
Marathahalli,881.0,2,4806000.0,5455.16458569807
Marathahalli,1130.0,3,5800000.0,5132.743362831859
Marathahalli,1152.0,2,9000000.0,7812.5
Marathahalli,1680.0,3,10500000.0,6250.0
Marathahalli,1910.0,3,11900000.0,6230.366492146597
Marathahalli,1600.0,3,5800000.0,3625.0
Marathahalli,1602.0,2,10400000.0,6491.8851435705365
Marathahalli,700.0,1,3800000.0,5428.571428571428
Marathahalli,1385.0,3,6850000.0,4945.848375451264
Marathahalli,1690.0,3,11600000.0,6863.905325443787
Marathahalli,1065.0,2,5500000.0,5164.319248826291
Marathahalli,1693.0,3,12500000.0,7383.343177790904
Marathahalli,1196.0,2,5790000.0,4841.13712374582
Marathahalli,1595.0,3,8800000.0,5517.241379310345
Marathahalli,2122.0,3,12500000.0,5890.66918001885
Marathahalli,1730.0,3,11500000.0,6647.398843930636
Marathahalli,1200.0,2,10300000.0,8583.333333333334
Marathahalli,4000.0,4,20000000.0,5000.0
Marathahalli,1314.0,2,5500000.0,4185.692541856925
Marathahalli,1200.0,3,5817000.0,4847.5
Marathahalli,1125.0,2,5500000.0,4888.888888888889
Marathahalli,1950.0,3,11500000.0,5897.4358974358975
Marathahalli,1250.0,2,6800000.0,5440.0
Marathahalli,1125.0,2,5680000.0,5048.888888888889
Marathahalli,1350.0,2,9000000.0,6666.666666666667
Marathahalli,1200.0,2,5300000.0,4416.666666666667
Marathahalli,2500.0,4,17500000.0,7000.0
Marathahalli,3855.0,4,22000000.0,5706.874189364462
Marathahalli,1605.0,3,7600000.0,4735.202492211838
Marathahalli,1350.0,2,6000000.0,4444.444444444444
Marathahalli,3400.0,4,23500000.0,6911.764705882353
Marathahalli,1350.0,2,9900000.0,7333.333333333333
Marathahalli,1310.0,3,6322000.0,4825.954198473282
Marathahalli,1285.0,2,5500000.0,4280.155642023346
Marathahalli,2500.0,4,18100000.0,7240.0
Marathahalli,3800.0,4,23500000.0,6184.210526315789
Marathahalli,3951.0,4,23000000.0,5821.311060491015
Marathahalli,1125.0,2,5480000.0,4871.111111111111
Marathahalli,1700.0,3,12600000.0,7411.764705882353
Marathahalli,1315.0,3,6000000.0,4562.737642585551
Marathahalli,1270.0,2,7300000.0,5748.031496062992
Marathahalli,1530.0,3,7100000.0,4640.522875816993
Marathahalli,950.0,2,4670000.0,4915.789473684211
Marathahalli,1550.0,3,8500000.0,5483.870967741936
Marathahalli,1144.0,2,6500000.0,5681.818181818182
Marathahalli,1240.0,2,5500000.0,4435.4838709677415
Marathahalli,1100.0,1,7500000.0,6818.181818181818
Marathahalli,1710.0,3,13500000.0,7894.736842105263
Marathahalli,1156.0,2,5200000.0,4498.269896193771
Marathahalli,2524.0,4,18000000.0,7131.537242472266
Marathahalli,1135.0,2,6000000.0,5286.343612334802
Marathahalli,1839.0,3,13000000.0,7069.0592713431215
Marathahalli,1170.0,2,8500000.0,7264.957264957265
Marathahalli,1108.0,3,6000000.0,5415.162454873646
Marathahalli,1449.0,3,11000000.0,7591.44237405107
Marathahalli,1360.0,2,10100000.0,7426.470588235294
Marathahalli,1026.0,2,5018000.0,4890.83820662768
Marathahalli,1800.0,3,9500000.0,5277.777777777777
Marathahalli,1650.0,3,8500000.0,5151.515151515152
Marathahalli,1270.0,2,8000000.0,6299.212598425197
Marathahalli,1100.0,2,5000000.0,4545.454545454545
Marathahalli,1196.0,2,5795000.0,4845.3177257525085
Marathahalli,1485.0,3,9000000.0,6060.606060606061
Marathahalli,1146.0,2,6900000.0,6020.942408376964
Margondanahalli,1090.0,2,5800000.0,5321.100917431193
Margondanahalli,1200.0,2,5850000.0,4875.0
Margondanahalli,1200.0,2,6700000.0,5583.333333333333
Margondanahalli,1200.0,3,6500000.0,5416.666666666667
Margondanahalli,1200.0,2,5300000.0,4416.666666666667
Margondanahalli,1000.0,2,5700000.0,5700.0
Margondanahalli,1625.0,3,8000000.0,4923.076923076923
Margondanahalli,600.0,2,3500000.0,5833.333333333333
Margondanahalli,1200.0,2,6900000.0,5750.0
Margondanahalli,900.0,2,4900000.0,5444.444444444444
Margondanahalli,1140.0,2,6000000.0,5263.1578947368425
Margondanahalli,900.0,2,5500000.0,6111.111111111111
Margondanahalli,1100.0,2,5500000.0,5000.0
Margondanahalli,1152.0,2,6600000.0,5729.166666666667
Margondanahalli,1448.0,3,7000000.0,4834.254143646409
Margondanahalli,1200.0,2,6500000.0,5416.666666666667
Margondanahalli,1050.0,2,5800000.0,5523.809523809524
Margondanahalli,1160.0,2,6500000.0,5603.448275862069
Margondanahalli,1334.0,2,6776000.000000001,5079.460269865068
Marsur,1000.0,3,6600000.0,6600.0
Marsur,1800.0,4,14500000.0,8055.555555555556
Marsur,1200.0,3,9000000.0,7500.0
Marsur,1200.0,3,12000000.0,10000.0
Marsur,1200.0,3,15000000.0,12500.0
Mico Layout,5000.0,9,21000000.0,4200.0
Mico Layout,1550.0,3,6500000.0,4193.548387096775
Mico Layout,1125.0,2,4000000.0,3555.5555555555557
Mico Layout,1190.0,2,3925000.0,3298.3193277310925
Mico Layout,800.0,1,2950000.0,3687.5
Mico Layout,1250.0,3,4400000.0,3520.0
Mico Layout,1171.0,2,3900000.0,3330.486763450043
Mico Layout,1200.0,2,5350000.0,4458.333333333333
Mico Layout,1670.0,3,5900000.0,3532.934131736527
Mico Layout,1140.0,2,4300000.0,3771.9298245614036
Munnekollal,1170.0,2,5200000.0,4444.444444444444
Munnekollal,1102.0,2,5367000.0,4870.235934664247
Munnekollal,1390.0,3,6800000.0,4892.086330935252
Munnekollal,1200.0,2,4950000.0,4125.0
Munnekollal,950.0,2,4650000.0,4894.736842105263
Munnekollal,1560.0,3,7500000.0,4807.692307692308
Munnekollal,1750.0,3,8650000.0,4942.857142857143
Munnekollal,1385.0,3,6650000.0,4801.444043321299
Munnekollal,1080.0,2,4500000.0,4166.666666666667
Munnekollal,1170.0,2,5900000.0,5042.735042735043
Munnekollal,1800.0,3,6500000.0,3611.1111111111113
Munnekollal,1200.0,2,4000000.0,3333.3333333333335
Munnekollal,1540.0,3,7000000.0,4545.454545454545
Munnekollal,1200.0,3,5790000.0,4825.0
Munnekollal,1030.0,2,5036000.0,4889.320388349514
Murugeshpalya,1296.0,2,8100000.0,6250.0
Murugeshpalya,1550.0,3,7400000.0,4774.193548387097
Murugeshpalya,1845.0,3,9100000.0,4932.249322493225
Murugeshpalya,2135.0,3,16000000.0,7494.145199063232
Murugeshpalya,1185.0,2,8500000.0,7172.995780590717
Murugeshpalya,1225.0,2,4800000.0,3918.3673469387754
Murugeshpalya,1930.0,3,7500000.0,3886.0103626943005
Murugeshpalya,1600.0,3,6500000.0,4062.5
Murugeshpalya,1344.0,3,5600000.0,4166.666666666667
Murugeshpalya,1500.0,3,7000000.0,4666.666666666667
Murugeshpalya,1855.0,3,9600000.0,5175.202156334231
Murugeshpalya,1175.0,2,7500000.0,6382.978723404255
Mysore Road,1175.0,2,7350000.0,6255.31914893617
Mysore Road,1710.0,3,9131000.0,5339.766081871345
Mysore Road,1020.0,2,4895000.0,4799.019607843137
Mysore Road,1200.0,2,8500000.0,7083.333333333333
Mysore Road,1070.0,2,4500000.0,4205.607476635514
Mysore Road,1239.0,2,5300000.0,4277.643260694108
Mysore Road,1060.0,2,6200000.0,5849.056603773585
Mysore Road,980.0,2,4547000.0,4639.7959183673465
Mysore Road,883.0,2,4000000.0,4530.011325028313
Mysore Road,1525.0,3,9600000.0,6295.081967213115
Mysore Road,1200.0,2,6500000.0,5416.666666666667
Mysore Road,1005.0,2,3517499.9999999995,3499.9999999999995
Mysore Road,1340.0,3,6431000.0,4799.253731343284
Mysore Road,1082.0,3,5050000.0,4667.28280961183
Mysore Road,1512.0,3,11000000.0,7275.132275132275
Mysore Road,1560.0,3,11500000.0,7371.794871794872
Mysore Road,1560.0,3,12000000.0,7692.307692307692
Mysore Road,883.0,2,4095000.0000000005,4637.5990939977355
Mysore Road,1070.0,2,4965000.0,4640.186915887851
Mysore Road,900.0,2,6500000.0,7222.222222222223
Mysore Road,1082.0,3,5000000.0,4621.072088724584
Mysore Road,883.0,2,5000000.0,5662.5141562853905
Mysore Road,1155.0,2,5100000.0,4415.584415584415
Mysore Road,1003.0,2,4300000.0,4287.138584247258
Mysore Road,1237.0,2,7300000.0,5901.3742926434925
Mysore Road,883.0,2,4500000.0,5096.262740656852
Mysore Road,1170.0,2,6500000.0,5555.555555555556
Mysore Road,1029.5,2,5085500.0,4939.776590577951
Mysore Road,940.0,2,4361000.0,4639.36170212766
Mysore Road,1500.0,3,7400000.0,4933.333333333333
Mysore Road,1568.0,3,10000000.0,6377.551020408163
Mysore Road,1360.0,3,4760000.0,3500.0
Mysore Road,1410.0,3,6400000.0,4539.007092198582
Mysore Road,1800.0,2,4230000.0,2350.0
Mysore Road,1560.0,3,8330000.0,5339.74358974359
Mysore Road,500.0,1,1750000.0,3500.0
Mysore Road,1175.0,2,7050000.0,6000.0
Mysore Road,1080.0,3,6000000.0,5555.555555555556
Mysore Road,1500.0,3,7000000.0,4666.666666666667
Mysore Road,883.0,2,3700000.0,4190.260475651189
Mysore Road,1175.0,2,8668000.0,7377.021276595745
Mysore Road,1082.0,3,4500000.0,4158.964879852126
NGR Layout,1020.0,2,4590000.0,4500.0
NGR Layout,1105.0,2,4973000.0,4500.4524886877825
NGR Layout,1022.0,2,4590000.0,4491.19373776908
NGR Layout,1019.0,2,4590000.0,4504.41609421001
NGR Layout,1020.0,2,4600000.0,4509.803921568628
NGR Layout,1021.0,2,4600000.0,4505.386875612145
NGR Layout,1021.0,2,4590000.0,4495.592556317336
NRI Layout,1565.0,3,7500000.0,4792.332268370607
NRI Layout,2500.0,5,13000000.0,5200.0
NRI Layout,1060.0,2,3500000.0,3301.8867924528304
NRI Layout,1125.0,2,4556000.0,4049.777777777778
NRI Layout,2150.0,4,11500000.0,5348.837209302325
NRI Layout,1200.0,4,9500000.0,7916.666666666667
NRI Layout,1250.0,2,7500000.0,6000.0
NRI Layout,1789.0,3,7500000.0,4192.286193404137
NRI Layout,1731.0,3,6411000.0,3703.639514731369
NRI Layout,2400.0,2,12500000.0,5208.333333333333
NRI Layout,2700.0,4,9575000.0,3546.296296296296
Naganathapura,1001.0,2,3303000.0,3299.7002997002996
Naganathapura,1103.0,2,5500000.0,4986.400725294651
Naganathapura,1143.0,2,6200000.0,5424.321959755031
Naganathapura,2260.0,2,8000000.0,3539.8230088495575
Naganathapura,600.0,1,3300000.0,5500.0
Naganathapura,1451.0,3,6800000.0,4686.423156443831
Naganathapura,1200.0,1,3982000.0,3318.3333333333335
Nagappa Reddy Layout,1209.0,2,5000000.0,4135.6492969396195
Nagappa Reddy Layout,1495.0,3,7500000.0,5016.722408026756
Nagappa Reddy Layout,1100.0,2,4350000.0,3954.5454545454545
Nagappa Reddy Layout,1200.0,2,4320000.0,3600.0
Nagappa Reddy Layout,1495.0,3,6500000.0,4347.826086956522
Nagappa Reddy Layout,1200.0,2,3900000.0,3250.0
Nagappa Reddy Layout,1820.0,3,7950000.0,4368.131868131868
Nagappa Reddy Layout,1350.0,3,6000000.0,4444.444444444444
Nagappa Reddy Layout,1495.0,3,7000000.0,4682.274247491639
Nagappa Reddy Layout,1500.0,3,7800000.0,5200.0
Nagarbhavi,1630.0,3,9800000.0,6012.269938650306
Nagarbhavi,1350.0,3,15000000.0,11111.111111111111
Nagarbhavi,1200.0,2,15000000.0,12500.0
Nagarbhavi,1523.0,3,5340000.0,3506.2376887721603
Nagarbhavi,2400.0,3,16000000.0,6666.666666666667
Nagarbhavi,884.0,1,3600000.0,4072.398190045249
Nagarbhavi,1055.0,2,5500000.0,5213.270142180095
Nagarbhavi,1350.0,3,5460000.0,4044.4444444444443
Nagarbhavi,1223.0,2,6000000.0,4905.968928863451
Nagarbhavi,956.0,2,4900000.0,5125.523012552301
Nagarbhavi,900.0,1,17500000.0,19444.444444444445
Nagarbhavi,1200.0,3,26500000.0,22083.333333333332
Nagarbhavi,1560.0,3,6600000.0,4230.7692307692305
Nagarbhavi,1400.0,3,8500000.0,6071.428571428572
Nagarbhavi,1515.0,3,7900000.0,5214.521452145214
Nagarbhavi,1145.0,2,4000000.0,3493.4497816593885
Nagarbhavi,300.0,1,2000000.0,6666.666666666667
Nagarbhavi,1250.0,4,17500000.0,14000.0
Nagarbhavi,710.0,1,4000000.0,5633.802816901409
Nagarbhavi,1850.0,3,8800000.0,4756.756756756757
Nagarbhavi,1212.0,2,5000000.0,4125.412541254125
Nagarbhavi,1020.0,2,5500000.0,5392.156862745098
Nagarbhavi,1850.0,3,9000000.0,4864.864864864865
Nagarbhavi,1120.0,2,5300000.0,4732.142857142857
Nagarbhavi,1146.0,2,5000000.0,4363.001745200698
Nagarbhavi,1850.0,3,8900000.0,4810.810810810811
Nagarbhavi,1190.0,2,6300000.0,5294.117647058823
Nagarbhavi,1523.0,3,5600000.0,3676.9533814839133
Nagarbhavi,1050.0,2,8000000.0,7619.047619047619
Nagarbhavi,2500.0,5,18000000.0,7200.0
Nagarbhavi,1200.0,3,20500000.0,17083.333333333332
Nagarbhavi,1050.0,3,17500000.0,16666.666666666668
Nagarbhavi,1200.0,4,21000000.0,17500.0
Nagarbhavi,1350.0,3,6000000.0,4444.444444444444
Nagarbhavi,1200.0,3,22600000.0,18833.333333333332
Nagarbhavi,1200.0,4,24000000.0,20000.0
Nagarbhavi,1200.0,3,22500000.0,18750.0
Nagarbhavi,1250.0,2,17000000.0,13600.0
Nagarbhavi,1635.0,3,8500000.0,5198.7767584097855
Nagarbhavi,1400.0,3,13500000.0,9642.857142857143
Nagarbhavi,2200.0,3,9900000.0,4500.0
Nagarbhavi,1100.0,2,4620000.0,4200.0
Nagarbhavi,1200.0,3,22800000.0,19000.0
Nagarbhavi,1080.0,2,4900000.0,4537.037037037037
Nagarbhavi,1800.0,4,18000000.0,10000.0
Nagarbhavi,1225.0,2,5800000.0,4734.693877551021
Nagasandra,980.0,2,4800000.0,4897.959183673469
Nagasandra,4050.0,5,14000000.0,3456.7901234567903
Nagasandra,1470.0,3,11000000.0,7482.993197278912
Nagasandra,1310.0,4,9500000.0,7251.908396946565
Nagasandra,2400.0,4,14500000.0,6041.666666666667
Nagasandra,7000.0,4,45000000.0,6428.571428571428
Nagasandra,1650.0,3,9500000.0,5757.575757575758
Nagasandra,1500.0,2,9100000.0,6066.666666666667
Nagasandra,4000.0,8,16000000.0,4000.0
Nagavara,400.0,1,1400000.0,3500.0
Nagavara,2172.65,4,12000000.0,5523.208984419948
Nagavara,2200.0,2,5500000.0,2500.0
Nagavara,1545.0,3,5800000.0,3754.045307443366
Nagavara,2319.0,3,18000000.0,7761.966364812419
Nagavara,2430.0,3,18000000.0,7407.407407407408
Nagavara,936.0,2,4020000.0000000005,4294.871794871795
Nagavara,1125.0,2,4450000.0,3955.5555555555557
Nagavara,2400.0,3,25100000.0,10458.333333333334
Nagavara,1315.0,2,7000000.0,5323.19391634981
Nagavara,1077.0,2,5000000.0,4642.525533890436
Nagavara,2496.0,4,12500000.0,5008.01282051282
Nagavara,1110.0,2,4495000.0,4049.5495495495497
Nagavara,2400.0,3,25200000.0,10500.0
Nagavara,1247.0,2,5856000.0,4696.0705693664795
Nagavarapalya,980.0,2,3700000.0,3775.5102040816328
Nagavarapalya,1392.0,2,9900000.0,7112.068965517241
Nagavarapalya,1392.0,2,13000000.0,9339.080459770115
Nagavarapalya,705.0,1,5250000.0,7446.808510638298
Nagavarapalya,1300.0,3,8000000.0,6153.846153846154
Nagavarapalya,705.0,1,5700000.0,8085.106382978724
Nagavarapalya,705.0,1,5500000.0,7801.418439716312
Nagavarapalya,907.0,2,3800000.0,4189.636163175303
Nagavarapalya,646.0,1,2584000.0,4000.0
Nagavarapalya,1335.0,2,11000000.0,8239.700374531834
Nagavarapalya,1788.0,3,16400000.0,9172.259507829978
Nagavarapalya,1134.0,2,5500000.0,4850.088183421517
Nagavarapalya,1260.0,2,8550000.0,6785.714285714285
Neeladri Nagar,1053.0,2,4500000.0,4273.504273504273
Neeladri Nagar,1363.0,2,6800000.0,4988.994864269993
Neeladri Nagar,2556.0,3,13300000.0,5203.442879499217
Neeladri Nagar,674.0,1,2100000.0,3115.727002967359
Neeladri Nagar,527.0,1,2600000.0,4933.586337760911
Neeladri Nagar,1167.0,3,3800000.0,3256.212510711225
Neeladri Nagar,1060.0,2,3500000.0,3301.8867924528304
Neeladri Nagar,640.0,1,2050000.0,3203.125
Neeladri Nagar,4000.0,10,16000000.0,4000.0
Neeladri Nagar,1105.0,2,3000000.0,2714.9321266968327
Neeladri Nagar,1100.0,2,3000000.0,2727.2727272727275
Neeladri Nagar,2111.0,3,10300000.0,4879.204168640455
Nehru Nagar,961.0,2,3800000.0,3954.2143600416234
Nehru Nagar,1775.0,3,11000000.0,6197.183098591549
Nehru Nagar,2363.0,4,12000000.0,5078.290308929327
Nehru Nagar,2342.0,4,11500000.0,4910.333048676345
Nehru Nagar,967.0,2,4110000.0,4250.258531540848
Nehru Nagar,1374.0,3,7200000.0,5240.174672489083
Nehru Nagar,1674.0,3,9000000.0,5376.344086021505
Nehru Nagar,1269.0,3,6300000.0,4964.5390070921985
Nehru Nagar,1100.0,2,5000000.0,4545.454545454545
Nehru Nagar,1674.0,3,8100000.0,4838.709677419355
OMBR Layout,2420.0,3,18500000.0,7644.628099173554
OMBR Layout,1078.0,2,6500000.0,6029.684601113173
OMBR Layout,1101.0,2,6550000.0,5949.13714804723
OMBR Layout,1041.0,2,6550000.0,6292.026897214217
OMBR Layout,1300.0,2,8000000.0,6153.846153846154
OMBR Layout,1085.0,2,6400000.0,5898.617511520737
OMBR Layout,1855.0,3,14500000.0,7816.711590296496
OMBR Layout,1050.0,2,4800000.0,4571.428571428572
OMBR Layout,1730.0,3,9300000.0,5375.722543352601
OMBR Layout,1165.0,2,8850000.0,7596.56652360515
OMBR Layout,1101.0,2,6600000.0,5994.550408719346
OMBR Layout,3400.0,4,27500000.0,8088.235294117647
OMBR Layout,1580.0,3,7500000.0,4746.835443037975
Old Airport Road,2732.0,4,20400000.0,7467.0571010248905
Old Airport Road,1875.0,3,11000000.0,5866.666666666667
Old Airport Road,3356.0,4,25100000.0,7479.141835518474
Old Airport Road,1206.0,2,7500000.0,6218.905472636816
Old Airport Road,2774.0,4,20700000.0,7462.148521989906
Old Airport Road,2690.0,4,19100000.0,7100.371747211896
Old Airport Road,2690.0,4,19900000.0,7397.769516728625
Old Airport Road,1655.0,2,9765000.0,5900.302114803625
Old Airport Road,1075.0,2,6000000.0,5581.395348837209
Old Airport Road,1150.0,2,9000000.0,7826.086956521739
Old Airport Road,2658.0,4,18700000.0,7035.364936042137
Old Airport Road,946.0,2,5800000.0,6131.0782241014795
Old Airport Road,2774.0,4,20800000.0,7498.197548666186
Old Airport Road,3200.0,4,28000000.0,8750.0
Old Airport Road,2690.0,4,20100000.0,7472.118959107806
Old Airport Road,1145.0,2,7500000.0,6550.218340611354
Old Airport Road,2732.0,4,19400000.0,7101.024890190337
Old Airport Road,2658.0,4,18900000.0,7110.609480812641
Old Airport Road,2774.0,4,19700000.0,7101.658255227109
Old Airport Road,3496.0,4,26200000.0,7494.279176201373
Old Airport Road,1798.0,3,15000000.0,8342.602892102335
Old Airport Road,1184.0,2,7800000.0,6587.8378378378375
Old Airport Road,3504.0,4,26200000.0,7477.16894977169
Old Airport Road,1055.0,2,7500000.0,7109.004739336493
Old Madras Road,1425.0,3,9400000.0,6596.491228070176
Old Madras Road,4500.0,5,33700000.0,7488.888888888889
Old Madras Road,1350.0,3,5454000.0,4040.0
Old Madras Road,935.0,2,3272000.0,3499.4652406417113
Old Madras Road,3715.0,4,22450000.0,6043.06864064603
Old Madras Road,3630.0,4,19500000.0,5371.900826446281
Old Madras Road,1350.0,3,5899000.0,4369.62962962963
Old Madras Road,935.0,2,4500000.0,4812.834224598931
Old Madras Road,3715.0,4,20050000.0,5397.039030955585
Old Madras Road,1720.0,3,10000000.0,5813.953488372093
Old Madras Road,1200.0,2,7200000.0,6000.0
Old Madras Road,1225.0,2,5355000.0,4371.428571428572
Old Madras Road,1100.0,2,7000000.0,6363.636363636364
Old Madras Road,2760.0,3,15700000.0,5688.405797101449
Old Madras Road,1171.0,2,7500000.0,6404.782237403928
Old Madras Road,4500.0,5,29400000.0,6533.333333333333
Old Madras Road,2266.0,3,16900000.0,7458.075904677847
Old Madras Road,2640.0,3,14200000.0,5378.787878787879
Old Madras Road,1065.0,2,4786000.0,4493.896713615023
Old Madras Road,1160.0,2,4200000.0,3620.689655172414
Old Madras Road,2010.0,4,12500000.0,6218.905472636816
Old Madras Road,2010.0,4,11500000.0,5721.393034825871
Old Madras Road,1480.0,3,8400000.0,5675.675675675676
Old Madras Road,2990.0,3,21000000.0,7023.411371237458
Old Madras Road,1210.0,2,7400000.0,6115.702479338843
Old Madras Road,1350.0,3,4725000.0,3500.0
Old Madras Road,4062.5,4,34100000.0,8393.846153846154
Old Madras Road,1171.0,2,7200000.0,6148.590947907771
Old Madras Road,3630.0,4,19600000.0,5399.449035812672
Old Madras Road,1480.0,3,9500000.0,6418.918918918919
Old Madras Road,1425.0,3,7431000.0,5214.736842105263
Old Madras Road,1210.0,2,8000000.0,6611.570247933884
Old Madras Road,1859.0,3,12100000.0,6508.87573964497
Old Madras Road,2990.0,3,17300000.0,5785.953177257525
Old Madras Road,1300.0,2,10000000.0,7692.307692307692
Old Madras Road,1299.0,2,9500000.0,7313.317936874519
Old Madras Road,2425.0,3,19700000.0,8123.711340206186
Old Madras Road,4000.0,4,22500000.0,5625.0
Old Madras Road,3900.0,4,17500000.0,4487.179487179487
Old Madras Road,2300.0,3,14200000.0,6173.913043478261
Old Madras Road,1350.0,3,4590000.0,3400.0
Old Madras Road,1157.0,2,4732000.0,4089.887640449438
Old Madras Road,3630.0,4,20700000.0,5702.479338842975
Old Madras Road,1210.0,2,7700000.0,6363.636363636364
Old Madras Road,2430.0,3,18000000.0,7407.407407407408
Old Madras Road,1165.0,2,4077000.0000000005,3499.570815450644
Old Madras Road,5020.0,5,28700000.0,5717.131474103586
Old Madras Road,935.0,2,3200000.0,3422.4598930481284
Old Madras Road,3715.0,4,21250000.0,5720.053835800808
Old Madras Road,1330.0,2,7400000.0,5563.909774436091
Old Madras Road,1720.0,3,10600000.0,6162.790697674419
Old Madras Road,2640.0,3,15000000.0,5681.818181818182
Old Madras Road,2990.0,3,17000000.0,5685.61872909699
Old Madras Road,1530.0,3,7634000.0,4989.5424836601305
Old Madras Road,935.0,2,3777000.0000000005,4039.5721925133694
Old Madras Road,1171.0,2,7300000.0,6233.98804440649
Old Madras Road,1630.0,3,11000000.0,6748.4662576687115
Old Madras Road,1165.0,2,5200000.0,4463.519313304721
Old Madras Road,2640.0,2,17000000.0,6439.393939393939
Old Madras Road,1165.0,2,5142000.0,4413.733905579399
Old Madras Road,1211.0,2,4500000.0,3715.9372419488027
Other,2770.0,3,29000000.0,10469.314079422382
Other,1100.0,2,4800000.0,4363.636363636364
Other,510.0,1,2525000.0,4950.980392156863
Other,1250.0,3,5600000.0,4480.0
Other,869.0,2,3600000.0,4142.692750287687
Other,1270.0,2,5000000.0,3937.0078740157483
Other,1500.0,2,18500000.0,12333.333333333334
Other,840.0,2,4500000.0,5357.142857142857
Other,4395.0,3,24000000.0,5460.750853242321
Other,2511.0,3,20500000.0,8164.078056551175
Other,1660.0,3,10500000.0,6325.301204819277
Other,1450.0,3,7000000.0,4827.586206896552
Other,1200.0,2,6500000.0,5416.666666666667
Other,1200.0,3,9000000.0,7500.0
Other,1007.0,2,4300000.0,4270.109235352532
Other,1200.0,2,5000000.0,4166.666666666667
Other,966.0,2,4990000.0,5165.631469979296
Other,782.0,2,5568000.0,7120.204603580562
Other,1800.0,3,12000000.0,6666.666666666667
Other,1413.0,3,7500000.0,5307.855626326964
Other,945.0,2,5400000.0,5714.285714285715
Other,1870.0,3,11000000.0,5882.35294117647
Other,1260.0,3,8505000.0,6750.0
Other,1612.0,3,4674000.0,2899.5037220843674
Other,2795.0,3,23500000.0,8407.871198568873
Other,1350.0,3,4800000.0,3555.5555555555557
Other,1904.0,3,15000000.0,7878.151260504202
Other,2000.0,3,17500000.0,8750.0
Other,1425.0,3,7500000.0,5263.1578947368425
Other,1470.0,3,7000000.0,4761.9047619047615
Other,1500.0,3,10000000.0,6666.666666666667
Other,1340.0,2,5570000.0,4156.7164179104475
Other,1783.0,3,11500000.0,6449.8037016264725
Other,912.0,3,7000000.0,7675.438596491228
Other,1207.0,2,4350000.0,3603.976801988401
Other,1798.0,3,8900000.0,4949.944382647386
Other,1580.0,3,10000000.0,6329.113924050633
Other,1415.0,3,7800000.0,5512.367491166077
Other,2000.0,4,7550000.0,3775.0
Other,2405.0,3,26000000.0,10810.81081081081
Other,1500.0,2,11500000.0,7666.666666666667
Other,1148.0,2,6000000.0,5226.480836236934
Other,1110.0,2,5500000.0,4954.954954954955
Other,1500.0,3,6500000.0,4333.333333333333
Other,1080.0,2,3900000.0,3611.1111111111113
Other,1060.0,2,6000000.0,5660.377358490566
Other,2600.0,8,18000000.0,6923.076923076923
Other,1644.0,3,8400000.0,5109.489051094891
Other,1285.0,2,7250000.0,5642.023346303502
Other,4050.0,3,28000000.0,6913.580246913581
Other,1060.0,2,5500000.0,5188.679245283019
Other,900.0,2,2250000.0,2500.0
Other,1280.0,2,6900000.0,5390.625
Other,3045.0,3,17000000.0,5582.922824302134
Other,1464.0,3,4600000.0,3142.0765027322404
Other,700.0,2,2600000.0,3714.285714285714
Other,900.0,2,11000000.0,12222.222222222223
Other,4111.0,4,25000000.0,6081.24543906592
Other,1084.0,2,5000000.0,4612.546125461255
Other,950.0,2,4700000.0,4947.368421052632
Other,2000.0,4,12000000.0,6000.0
Other,1560.0,3,11500000.0,7371.794871794872
Other,850.0,2,2700000.0,3176.470588235294
Other,1113.0,2,5100000.0,4582.210242587601
Other,1200.0,4,16500000.0,13750.0
Other,1200.0,2,5500000.0,4583.333333333333
Other,1645.0,3,9500000.0,5775.075987841945
Other,1200.0,2,7900000.0,6583.333333333333
Other,1230.0,2,4800000.0,3902.439024390244
Other,1350.0,3,14000000.0,10370.37037037037
Other,1800.0,3,15000000.0,8333.333333333334
Other,1592.0,3,7500000.0,4711.05527638191
Other,1762.0,3,12500000.0,7094.211123723042
Other,950.0,2,5000000.0,5263.1578947368425
Other,1308.0,2,8904000.0,6807.339449541284
Other,2023.71,3,27500000.0,13588.903548433324
Other,1629.0,3,7900000.0,4849.600982197668
Other,1460.0,2,5800000.0,3972.6027397260273
Other,1185.0,2,3800000.0,3206.7510548523205
Other,1760.0,3,8800000.0,5000.0
Other,1069.0,2,5500000.0,5144.9953227315245
Other,2150.0,3,24000000.0,11162.790697674418
Other,1450.0,3,5500000.0,3793.103448275862
Other,1630.0,3,6829000.000000001,4189.57055214724
Other,3309.0,4,32500000.0,9821.698398307646
Other,5000.0,11,36000000.0,7200.0
Other,850.0,2,3000000.0,3529.4117647058824
Other,1150.0,2,12600000.0,10956.521739130434
Other,1200.0,2,6200000.0,5166.666666666667
Other,4800.0,4,23500000.0,4895.833333333333
Other,1200.0,2,7400000.0,6166.666666666667
Other,1464.0,3,5600000.0,3825.136612021858
Other,2000.0,4,9900000.0,4950.0
Other,1753.0,3,12000000.0,6845.407872219053
Other,1000.0,2,5300000.0,5300.0
Other,720.0,2,4500000.0,6250.0
Other,1300.0,3,5800000.0,4461.538461538462
Other,1115.0,2,4000000.0,3587.4439461883408
Other,700.0,1,4100000.0,5857.142857142857
Other,1600.0,4,8000000.0,5000.0
Other,1595.0,3,11500000.0,7210.031347962383
Other,1353.0,2,11000000.0,8130.081300813008
Other,1200.0,1,8500000.0,7083.333333333333
Other,1028.0,2,4550000.0,4426.070038910506
Other,1385.0,3,4848000.0,3500.361010830325
Other,1325.0,3,9000000.0,6792.452830188679
Other,1600.0,3,5000000.0,3125.0
Other,1800.0,2,8000000.0,4444.444444444444
Other,1056.0,2,8000000.0,7575.757575757576
Other,1080.0,2,5000000.0,4629.62962962963
Other,1160.0,2,5500000.0,4741.379310344828
Other,1544.0,3,12000000.0,7772.020725388601
Other,540.0,1,3600000.0,6666.666666666667
Other,1578.0,3,18000000.0,11406.84410646388
Other,1180.0,2,4200000.0,3559.322033898305
Other,1600.0,2,11500000.0,7187.5
Other,416.0,1,1850000.0,4447.115384615385
Other,1260.0,2,4500000.0,3571.4285714285716
Other,1630.0,3,8500000.0,5214.7239263803685
Other,834.0,1,6000000.0,7194.244604316546
Other,1125.0,3,7000000.0,6222.222222222223
Other,3000.0,4,26000000.0,8666.666666666666
Other,2160.0,6,25000000.0,11574.074074074075
Other,1375.0,3,7000000.0,5090.909090909091
Other,469.0,1,2500000.0,5330.490405117271
Other,3600.0,6,16000000.0,4444.444444444444
Other,1160.0,2,5220000.0,4500.0
Other,1220.0,3,3522999.9999999995,2887.7049180327863
Other,1641.0,3,6600000.0,4021.9378427787933
Other,1630.0,2,20000000.0,12269.938650306749
Other,2072.0,3,10800000.0,5212.355212355213
Other,1200.0,3,7000000.0,5833.333333333333
Other,1350.0,3,7700000.0,5703.7037037037035
Other,4046.0,4,44500000.0,10998.517053880376
Other,1180.0,3,7834000.0,6638.983050847458
Other,1355.0,2,11500000.0,8487.084870848708
Other,600.0,1,5000000.0,8333.333333333334
Other,1875.0,3,16500000.0,8800.0
Other,600.0,2,5500000.0,9166.666666666666
Other,2300.0,3,12000000.0,5217.391304347826
Other,1240.0,2,6000000.0,4838.709677419355
Other,1750.0,3,12000000.0,6857.142857142857
Other,1230.0,2,4348000.0,3534.959349593496
Other,950.0,2,4400000.0,4631.578947368421
Other,1092.0,3,9850000.0,9020.14652014652
Other,1045.0,2,4500000.0,4306.2200956937795
Other,1570.0,3,6200000.0,3949.044585987261
Other,1325.0,3,5700000.0,4301.88679245283
Other,1200.0,4,8500000.0,7083.333333333333
Other,1202.0,2,4800000.0,3993.3444259567386
Other,1200.0,2,6250000.0,5208.333333333333
Other,425.0,1,2003000.0,4712.941176470588
Other,600.0,1,6000000.0,10000.0
Other,1468.0,2,14000000.0,9536.784741144415
Other,4300.0,4,55000000.0,12790.697674418605
Other,1750.0,3,8500000.0,4857.142857142857
Other,775.0,2,5500000.0,7096.774193548387
Other,1105.0,2,5800000.0,5248.868778280543
Other,1286.0,1,9300000.0,7231.726283048211
Other,445.0,1,2800000.0,6292.134831460674
Other,1602.0,3,7500000.0,4681.647940074907
Other,1352.0,3,13500000.0,9985.207100591717
Other,10961.0,4,8000000.0,729.8604141957851
Other,1566.0,3,8330000.0,5319.284802043423
Other,1780.0,3,8483000.0,4765.730337078651
Other,1200.0,4,9500000.0,7916.666666666667
Other,1976.0,3,18400000.0,9311.74089068826
Other,5500.0,4,60000000.0,10909.09090909091
Other,1286.0,2,4500000.0,3499.2223950233283
Other,1200.0,3,9500000.0,7916.666666666667
Other,2500.0,7,11500000.0,4600.0
Other,823.0,2,2800000.0,3402.187120291616
Other,1180.0,2,6900000.0,5847.457627118644
Other,686.0,1,1700000.0,2478.134110787172
Other,1500.0,4,18000000.0,12000.0
Other,2400.0,3,8000000.0,3333.3333333333335
Other,1282.0,2,8700000.0,6786.271450858035
Other,1611.0,3,6444000.0,4000.0
Other,1500.0,3,9500000.0,6333.333333333333
Other,1300.0,2,11500000.0,8846.153846153846
Other,530.0,1,2000000.0,3773.5849056603774
Other,1350.0,2,8000000.0,5925.925925925926
Other,900.0,2,2700000.0,3000.0
Other,2400.0,8,12500000.0,5208.333333333333
Other,1225.0,2,5300000.0,4326.530612244898
Other,1141.0,2,6200000.0,5433.829973707274
Other,4100.0,7,14000000.0,3414.6341463414633
Other,1286.0,1,11000000.0,8553.654743390358
Other,1175.0,2,4827000.0,4108.085106382979
Other,950.0,1,4000000.0,4210.526315789473
Other,4200.0,5,22500000.0,5357.142857142857
Other,1800.0,3,9000000.0,5000.0
Other,1600.0,5,12500000.0,7812.5
Other,1563.0,3,5200000.0,3326.935380678183
Other,1405.0,2,7000000.0,4982.20640569395
Other,1480.0,3,9000000.0,6081.081081081081
Other,1600.0,3,9000000.0,5625.0
Other,1286.0,2,2950000.0,2293.9346811819596
Other,1200.0,4,13500000.0,11250.0
Other,1200.0,2,3500000.0,2916.6666666666665
Other,1500.0,3,11500000.0,7666.666666666667
Other,1824.0,3,12500000.0,6853.070175438596
Other,750.0,1,5625000.0,7500.0
Other,1060.0,2,4200000.0,3962.264150943396
Other,1500.0,3,6200000.0,4133.333333333333
Other,1339.0,2,5500000.0,4107.542942494399
Other,1600.0,3,7500000.0,4687.5
Other,1225.0,2,5511000.0,4498.775510204082
Other,1000.0,2,5000000.0,5000.0
Other,6000.0,4,40000000.0,6666.666666666667
Other,2400.0,3,17000000.0,7083.333333333333
Other,1480.0,2,6500000.0,4391.891891891892
Other,1500.0,3,9800000.0,6533.333333333333
Other,3095.0,3,35000000.0,11308.562197092084
Other,910.0,2,3050000.0,3351.6483516483518
Other,1200.0,1,2800000.0,2333.3333333333335
Other,1133.0,2,5500000.0,4854.368932038835
Other,1560.0,5,14500000.0,9294.871794871795
Other,2900.0,5,9000000.0,3103.448275862069
Other,1560.0,3,18800000.0,12051.28205128205
Other,2000.0,3,8500000.0,4250.0
Other,14000.0,4,80000000.0,5714.285714285715
Other,485.0,1,1500000.0,3092.783505154639
Other,1384.0,3,6228000.0,4500.0
Other,1508.0,3,7025000.0,4658.488063660478
Other,2150.0,4,8000000.0,3720.9302325581393
Other,1600.0,3,5200000.0,3250.0
Other,1250.0,2,6200000.0,4960.0
Other,1200.0,3,13000000.0,10833.333333333334
Other,1050.0,2,6700000.0,6380.952380952381
Other,1596.0,3,10500000.0,6578.9473684210525
Other,1800.0,3,8000000.0,4444.444444444444
Other,1395.0,2,6359000.0,4558.4229390681
Other,1200.0,3,8500000.0,7083.333333333333
Other,1132.0,2,6700000.0,5918.727915194347
Other,1262.0,2,6300000.0,4992.076069730587
Other,1515.0,3,8800000.0,5808.580858085808
Other,1655.0,3,8606000.0,5200.0
Other,5000.0,7,29900000.0,5980.0
Other,1380.0,2,8000000.0,5797.101449275362
Other,1450.0,3,6500000.0,4482.758620689655
Other,1200.0,2,5400000.0,4500.0
Other,4346.0,4,50000000.0,11504.83202945237
Other,1178.0,2,4700000.0,3989.8132427843802
Other,1450.0,3,5075000.0,3500.0
Other,999.0,2,4500000.0,4504.504504504504
Other,2200.0,3,18700000.0,8500.0
Other,3329.0,3,33000000.0,9912.886752778611
Other,3600.0,4,30000000.0,8333.333333333334
Other,3500.0,4,45000000.0,12857.142857142857
Other,1595.0,3,7600000.0,4764.8902821316615
Other,1093.0,2,6500000.0,5946.935041171088
Other,1367.0,2,6200000.0,4535.479151426482
Other,1535.0,3,9500000.0,6188.9250814332245
Other,1015.0,2,4500000.0,4433.4975369458125
Other,1100.0,2,6270000.0,5700.0
Other,930.0,2,4500000.0,4838.709677419355
Other,1650.0,3,8000000.0,4848.484848484848
Other,2197.0,3,28000000.0,12744.651797906236
Other,1240.0,3,4600000.0,3709.6774193548385
Other,1100.0,2,6000000.0,5454.545454545455
Other,1600.0,4,17200000.0,10750.0
Other,1450.0,3,8500000.0,5862.068965517241
Other,2000.0,4,16600000.0,8300.0
Other,700.0,2,2700000.0,3857.1428571428573
Other,1050.0,2,4500000.0,4285.714285714285
Other,1250.0,3,3950000.0,3160.0
Other,1756.0,3,10000000.0,5694.760820045558
Other,1532.0,3,9200000.0,6005.221932114882
Other,1650.0,3,11000000.0,6666.666666666667
Other,1200.0,2,6600000.0,5500.0
Other,1180.0,2,4800000.0,4067.7966101694915
Other,1525.0,3,12200000.0,8000.0
Other,1435.0,3,7000000.0,4878.048780487805
Other,1560.0,3,6600000.0,4230.7692307692305
Other,1070.0,2,4200000.0,3925.233644859813
Other,2400.0,4,20000000.0,8333.333333333334
Other,1000.0,2,13000000.0,13000.0
Other,1300.0,2,6000000.0,4615.384615384615
Other,3040.0,2,18000000.0,5921.0526315789475
Other,1194.0,2,4700000.0,3936.348408710218
Other,1310.0,3,5000000.0,3816.793893129771
Other,1390.0,3,12000000.0,8633.093525179856
Other,1200.0,4,7200000.0,6000.0
Other,1135.0,2,6800000.0,5991.1894273127755
Other,900.0,2,5500000.0,6111.111111111111
Other,1378.0,3,4233000.0,3071.843251088534
Other,1210.0,2,6200000.0,5123.966942148761
Other,2500.0,3,25000000.0,10000.0
Other,1600.0,3,8000000.0,5000.0
Other,1100.0,2,5000000.0,4545.454545454545
Other,1269.72,2,6800000.0,5355.511451343603
Other,1168.0,3,7000000.0,5993.1506849315065
Other,1552.0,2,5100000.0,3286.082474226804
Other,2100.0,4,15500000.0,7380.952380952381
Other,1300.0,2,6500000.0,5000.0
Other,1515.0,3,9393000.0,6200.0
Other,2400.0,4,8500000.0,3541.6666666666665
Other,1243.0,2,5800000.0,4666.130329847144
Other,1616.0,3,7500000.0,4641.089108910891
Other,1800.0,5,4450000.0,2472.222222222222
Other,2700.0,6,21400000.0,7925.925925925926
Other,2000.0,3,21000000.0,10500.0
Other,2400.0,5,30000000.0,12500.0
Other,1760.0,3,17600000.0,10000.0
Other,595.0,1,4200000.0,7058.823529411765
Other,1410.0,2,6700000.0,4751.77304964539
Other,1090.0,2,3148000.0,2888.0733944954127
Other,1254.0,2,5300000.0,4226.475279106858
Other,2800.0,7,12500000.0,4464.285714285715
Other,1170.0,2,8600000.0,7350.427350427351
Other,2200.0,4,23500000.0,10681.818181818182
Other,1286.0,3,9500000.0,7387.2472783825815
Other,920.0,2,3500000.0,3804.3478260869565
Other,2400.0,4,14200000.0,5916.666666666667
Other,1280.0,2,4000000.0,3125.0
Other,3817.0,2,12400000.0,3248.6245742729893
Other,1650.0,3,17500000.0,10606.060606060606
Other,840.0,2,2700000.0,3214.285714285714
Other,1670.0,3,9186000.0,5500.5988023952095
Other,1242.0,2,3970000.0000000005,3196.45732689211
Other,1690.0,3,5500000.0,3254.437869822485
Other,1488.0,3,5700000.0,3830.6451612903224
Other,1250.0,3,8000000.0,6400.0
Other,1650.0,3,16000000.0,9696.969696969696
Other,1494.0,3,9455000.0,6328.647925033467
Other,800.0,2,5000000.0,6250.0
Other,1225.0,2,15000000.0,12244.897959183674
Other,1260.0,2,5800000.0,4603.174603174603
Other,3675.0,4,36700000.0,9986.394557823129
Other,1200.0,2,15000000.0,12500.0
Other,1250.0,2,6500000.0,5200.0
Other,1225.0,2,4800000.0,3918.3673469387754
Other,2000.0,3,10000000.0,5000.0
Other,1614.0,3,11000000.0,6815.365551425031
Other,1188.0,2,7300000.0,6144.781144781145
Other,52272.0,3,14000000.0,267.82981328435875
Other,680.0,2,4200000.0,6176.470588235294
Other,2400.0,2,9500000.0,3958.3333333333335
Other,1045.0,2,4200000.0,4019.1387559808613
Other,955.0,2,5355000.0,5607.3298429319375
Other,1115.0,2,5687000.0,5100.448430493274
Other,2479.13,3,21500000.0,8672.39717158842
Other,1100.0,2,10600000.0,9636.363636363636
Other,1690.0,3,7500000.0,4437.869822485207
Other,1068.0,2,4004999.9999999995,3749.9999999999995
Other,1925.0,3,12000000.0,6233.766233766234
Other,650.0,1,2600000.0,4000.0
Other,1410.0,3,4512000.0,3200.0
Other,2000.0,3,20700000.0,10350.0
Other,1050.0,2,11000000.0,10476.190476190477
Other,1130.0,3,3800000.0,3362.83185840708
Other,2204.0,3,30500000.0,13838.47549909256
Other,900.0,2,4500000.0,5000.0
Other,1550.0,3,7000000.0,4516.129032258064
Other,916.0,2,4200000.0,4585.152838427947
Other,1358.0,3,5000000.0,3681.8851251840942
Other,1936.0,3,5421000.0,2800.103305785124
Other,1685.0,3,11000000.0,6528.189910979228
Other,850.0,2,3300000.0,3882.3529411764707
Other,1550.0,3,11000000.0,7096.774193548387
Other,500.0,1,2000000.0,4000.0
Other,1146.0,2,3850000.0,3359.5113438045373
Other,3155.0,3,37000000.0,11727.41679873217
Other,1765.0,3,10500000.0,5949.008498583569
Other,1265.0,2,7000000.0,5533.596837944664
Other,1012.0,2,5900000.0,5830.0395256917
Other,2045.0,3,15400000.0,7530.562347188264
Other,4400.0,7,12000000.0,2727.2727272727275
Other,2400.0,6,28000000.0,11666.666666666666
Other,581.91,1,2500000.0,4296.197006409926
Other,1158.0,3,8500000.0,7340.241796200346
Other,1210.0,2,6000000.0,4958.677685950413
Other,1150.0,2,4025000.0,3500.0
Other,1100.0,2,5500000.0,5000.0
Other,4750.0,4,60000000.0,12631.578947368422
Other,1840.0,3,15500000.0,8423.91304347826
Other,1350.0,2,18500000.0,13703.703703703704
Other,824.0,2,6000000.0,7281.553398058252
Other,1340.0,3,10000000.0,7462.686567164179
Other,1620.0,3,11000000.0,6790.123456790124
Other,1533.0,3,11500000.0,7501.630789302022
Other,1560.0,3,8500000.0,5448.717948717948
Other,1375.0,3,4806000.0,3495.2727272727275
Other,750.0,1,2500000.0,3333.3333333333335
Other,1375.0,3,8500000.0,6181.818181818182
Other,1095.0,2,4000000.0,3652.9680365296804
Other,1440.0,3,6033000.0,4189.583333333333
Other,1200.0,2,4950000.0,4125.0
Other,975.0,2,4300000.0,4410.25641025641
Other,2800.0,5,20000000.0,7142.857142857143
Other,900.0,2,4200000.0,4666.666666666667
Other,1500.0,3,8800000.0,5866.666666666667
Other,1010.0,2,4600000.0,4554.455445544554
Other,1140.0,2,7600000.0,6666.666666666667
Other,1198.0,2,8400000.0,7011.686143572621
Other,4000.0,4,52000000.0,13000.0
Other,1470.0,4,3450000.0,2346.938775510204
Other,1370.0,2,7500000.0,5474.4525547445255
Other,1316.0,2,5550000.0,4217.325227963526
Other,2400.0,6,11000000.0,4583.333333333333
Other,1000.0,2,5500000.0,5500.0
Other,1200.0,2,12500000.0,10416.666666666666
Other,1313.0,2,5827000.0,4437.928408225438
Other,936.0,2,4200000.0,4487.179487179487
Other,1050.0,1,7000000.0,6666.666666666667
Other,1200.0,3,8000000.0,6666.666666666667
Other,1200.0,4,16900000.0,14083.333333333334
Other,1256.0,2,6000000.0,4777.070063694267
Other,1020.0,2,3700000.0,3627.450980392157
Other,830.0,2,3400000.0,4096.385542168675
Other,1210.0,2,4000000.0,3305.785123966942
Other,1520.0,2,6200000.0,4078.9473684210525
Other,2300.0,3,8000000.0,3478.2608695652175
Other,400.0,1,1400000.0,3500.0
Other,946.0,2,3800000.0,4016.913319238901
Other,1575.0,5,15000000.0,9523.809523809523
Other,860.0,2,4300000.0,5000.0
Other,4800.0,4,62900000.0,13104.166666666666
Other,1200.0,2,7000000.0,5833.333333333333
Other,1700.0,3,8000000.0,4705.882352941177
Other,6040.0,5,17000000.0,2814.569536423841
Other,1300.0,2,7900000.0,6076.923076923077
Other,1311.0,2,4800000.0,3661.3272311212813
Other,3500.0,4,35000000.0,10000.0
Other,1400.0,3,5500000.0,3928.5714285714284
Other,1000.0,3,11000000.0,11000.0
Other,1942.0,3,10200000.0,5252.317198764161
Other,950.0,2,4500000.0,4736.8421052631575
Other,1022.0,2,5200000.0,5088.062622309198
Other,2000.0,4,2500000.0,1250.0
Other,990.0,2,4455000.0,4500.0
Other,2400.0,3,26000000.0,10833.333333333334
Other,1533.0,3,8500000.0,5544.683626875408
Other,1475.0,3,7000000.0,4745.762711864407
Other,1135.0,2,5500000.0,4845.814977973569
Other,1452.55,2,11000000.0,7572.889057175313
Other,2357.0,3,15100000.0,6406.448875689436
Other,1170.0,2,10500000.0,8974.358974358975
Other,1411.0,3,9172000.0,6500.3543586109145
Other,1200.0,2,4400000.0,3666.6666666666665
Other,3095.0,3,37500000.0,12116.316639741519
Other,1350.0,2,6750000.0,5000.0
Other,1100.0,3,7800000.0,7090.909090909091
Other,1240.0,2,4379000.0,3531.451612903226
Other,3600.0,4,36500000.0,10138.888888888889
Other,4000.0,4,17000000.0,4250.0
Other,1945.0,3,12000000.0,6169.665809768638
Other,1465.0,3,7472000.0,5100.341296928327
Other,1650.0,3,16500000.0,10000.0
Other,351.0,1,1600000.0,4558.404558404558
Other,1550.0,3,15000000.0,9677.41935483871
Other,1360.0,3,5927000.0,4358.088235294118
Other,1150.0,3,7500000.0,6521.739130434783
Other,1200.0,3,7400000.0,6166.666666666667
Other,1229.0,3,8603000.0,7000.0
Other,1030.0,2,6100000.0,5922.330097087379
Other,600.0,1,3200000.0,5333.333333333333
Other,1165.0,2,13500000.0,11587.982832618025
Other,1107.0,2,3300000.0,2981.029810298103
Other,1520.0,3,8000000.0,5263.1578947368425
Other,3000.0,4,24000000.0,8000.0
Other,1050.0,2,3800000.0,3619.0476190476193
Other,1315.0,2,9000000.0,6844.106463878327
Other,1210.0,2,7200000.0,5950.413223140496
Other,11338.0,6,100000000.0,8819.897689186806
Other,1215.0,3,4220000.0,3473.251028806584
Other,1445.0,3,6400000.0,4429.065743944637
Other,1170.0,2,6800000.0,5811.965811965812
Other,1600.0,2,11000000.0,6875.0
Other,955.0,2,3401000.0,3561.256544502618
Other,1370.0,3,7500000.0,5474.4525547445255
Other,1187.0,2,4500000.0,3791.0699241786015
Other,1100.0,2,3845000.0000000005,3495.454545454546
Other,1700.0,3,9700000.0,5705.882352941177
Other,1900.0,3,16000000.0,8421.052631578947
Other,1360.0,3,5500000.0,4044.1176470588234
Other,1100.0,2,7500000.0,6818.181818181818
Other,1929.0,3,11500000.0,5961.638154484189
Other,3161.0,4,21400000.0,6770.00949066751
Other,1020.0,2,4000000.0,3921.5686274509803
Other,3515.0,3,42000000.0,11948.790896159317
Other,1051.0,2,3300000.0,3139.8667935299713
Other,1100.0,2,7000000.0,6363.636363636364
Other,1455.0,3,5600000.0,3848.7972508591065
Other,440.0,1,2800000.0,6363.636363636364
Other,4200.0,4,25500000.0,6071.428571428572
Other,1300.0,3,4900000.0,3769.230769230769
Other,1400.0,2,6700000.0,4785.714285714285
Other,1200.0,2,5300000.0,4416.666666666667
Other,1535.0,3,5500000.0,3583.061889250814
Other,3000.0,3,25000000.0,8333.333333333334
Other,1100.0,2,6100000.0,5545.454545454545
Other,1260.0,1,4100000.0,3253.968253968254
Other,1500.0,1,3750000.0,2500.0
Other,600.0,1,1700000.0,2833.3333333333335
Other,1360.0,3,6500000.0,4779.411764705882
Other,1165.0,2,7500000.0,6437.768240343347
Other,1272.0,3,7500000.0,5896.226415094339
Other,965.0,2,4500000.0,4663.21243523316
Other,1600.0,5,14000000.0,8750.0
Other,1286.0,2,3800000.0,2954.898911353033
Other,780.0,2,2500000.0,3205.128205128205
Other,1000.0,3,6500000.0,6500.0
Other,1121.0,2,4372000.0,3900.0892060660126
Other,2400.0,3,32500000.0,13541.666666666666
Other,1463.0,2,14200000.0,9706.083390293916
Other,1306.0,3,5800000.0,4441.04134762634
Other,2401.0,3,18500000.0,7705.12286547272
Other,1875.0,3,23500000.0,12533.333333333334
Other,1225.0,2,4700000.0,3836.734693877551
Other,890.0,1,7500000.0,8426.966292134832
Other,1110.0,2,5100000.0,4594.594594594595
Other,1300.0,2,5400000.0,4153.846153846154
Other,2400.0,3,29000000.0,12083.333333333334
Other,960.0,2,3200000.0,3333.3333333333335
Other,1690.0,3,10000000.0,5917.15976331361
Other,799.0,2,3800000.0,4755.944931163955
Other,1355.0,3,6100000.0,4501.845018450184
Other,1350.0,2,9000000.0,6666.666666666667
Other,1460.0,3,8800000.0,6027.397260273972
Other,1685.0,3,9500000.0,5637.982195845697
Other,1194.0,2,4600000.0,3852.5963149078725
Other,800.0,1,5200000.0,6500.0
Other,4000.0,4,28000000.0,7000.0
Other,1100.0,2,5300000.0,4818.181818181818
Other,792.0,2,7000000.0,8838.38383838384
Other,2000.0,5,10300000.0,5150.0
Other,2400.0,5,23500000.0,9791.666666666666
Other,2100.0,3,7500000.0,3571.4285714285716
Other,1215.0,3,4650000.0,3827.1604938271603
Other,461.82,1,3170000.0,6864.146204148803
Other,1500.0,3,8500000.0,5666.666666666667
Other,1065.0,2,5000000.0,4694.835680751174
Other,1205.0,2,4218000.0,3500.414937759336
Other,1260.0,2,7500000.0,5952.380952380952
Other,1199.0,2,5000000.0,4170.141784820684
Other,12000.0,10,52500000.0,4375.0
Other,1070.0,2,3300000.0,3084.11214953271
Other,2820.0,3,28500000.0,10106.382978723404
Other,1950.0,3,13000000.0,6666.666666666667
Other,1326.0,2,6217000.0,4688.536953242836
Other,4051.0,4,34500000.0,8516.415699827203
Other,1308.0,2,9266000.0,7084.0978593272175
Other,2100.0,3,17000000.0,8095.238095238095
Other,1991.0,3,16000000.0,8036.162732295329
Other,1234.0,2,6100000.0,4943.273905996759
Other,1200.0,3,6600000.0,5500.0
Other,2220.0,3,6500000.0,2927.927927927928
Other,3000.0,4,34200000.0,11400.0
Other,2400.0,6,24500000.0,10208.333333333334
Other,1375.0,2,10500000.0,7636.363636363636
Other,1693.0,3,10800000.0,6379.208505611341
Other,1160.0,2,4175000.0,3599.137931034483
Other,1175.0,2,4800000.0,4085.1063829787236
Other,600.0,2,2300000.0,3833.3333333333335
Other,1364.0,2,7000000.0,5131.964809384164
Other,1150.0,3,7750000.0,6739.130434782609
Other,1146.0,2,3950000.0,3446.7713787085513
Other,1110.0,2,4100000.0,3693.6936936936936
Other,1156.0,2,4950000.0,4282.006920415225
Other,1058.0,2,6000000.0,5671.077504725898
Other,900.0,1,3000000.0,3333.3333333333335
Other,1672.0,3,15000000.0,8971.291866028709
Other,1400.0,2,6500000.0,4642.857142857143
Other,1250.0,3,13900000.0,11120.0
Other,1468.0,2,13000000.0,8855.58583106267
Other,1166.0,2,5300000.0,4545.454545454545
Other,900.0,2,4600000.0,5111.111111111111
Other,1190.0,3,5500000.0,4621.848739495798
Other,1480.0,3,14500000.0,9797.297297297297
Other,820.0,2,2400000.0,2926.829268292683
Other,2280.0,3,28500000.0,12500.0
Other,2000.0,3,20000000.0,10000.0
Other,1460.0,3,7300000.0,5000.0
Other,1080.0,3,7500000.0,6944.444444444444
Other,2400.0,3,15000000.0,6250.0
Other,1070.0,2,3500000.0,3271.0280373831774
Other,1125.0,2,7500000.0,6666.666666666667
Other,1596.0,3,9500000.0,5952.380952380952
Other,1639.0,3,12300000.0,7504.5759609518
Other,920.0,2,3700000.0,4021.7391304347825
Other,525.0,1,2600000.0,4952.380952380952
Other,1740.0,3,19900000.0,11436.781609195403
Other,1372.0,3,9000000.0,6559.766763848396
Other,885.0,2,4000000.0,4519.774011299435
Other,6200.0,5,72000000.0,11612.90322580645
Other,1490.0,3,5960000.0,4000.0
Other,1650.0,4,9900000.0,6000.0
Other,925.0,2,6300000.0,6810.810810810811
Other,2500.0,3,27000000.0,10800.0
Other,1584.0,4,14500000.0,9154.040404040405
Other,1570.0,3,11500000.0,7324.84076433121
Other,2400.0,6,13000000.0,5416.666666666667
Other,1680.0,3,8500000.0,5059.523809523809
Other,1464.0,2,5600000.0,3825.136612021858
Other,1750.0,3,18000000.0,10285.714285714286
Other,1500.0,2,16000000.0,10666.666666666666
Other,2100.0,6,27500000.0,13095.238095238095
Other,705.0,1,3650000.0,5177.304964539007
Other,1340.0,3,7700000.0,5746.268656716418
Other,1800.0,3,7000000.0,3888.8888888888887
Other,1230.0,2,5700000.0,4634.1463414634145
Other,1270.0,4,17500000.0,13779.527559055117
Other,3595.0,4,36000000.0,10013.908205841446
Other,1485.0,3,8500000.0,5723.905723905724
Other,1100.0,2,3950000.0,3590.909090909091
Other,3100.0,4,38500000.0,12419.354838709678
Other,1219.0,2,4000000.0,3281.3781788351107
Other,1200.0,4,15000000.0,12500.0
Other,3259.0,3,27000000.0,8284.749923289353
Other,3200.0,4,19000000.0,5937.5
Other,970.0,2,4000000.0,4123.711340206186
Other,596.0,1,4200000.0,7046.979865771812
Other,10000.0,16,55000000.0,5500.0
Other,1200.0,4,11000000.0,9166.666666666666
Other,1910.0,3,19000000.0,9947.643979057591
Other,1405.0,3,7000000.0,4982.20640569395
Other,1800.0,3,6500000.0,3611.1111111111113
Other,1750.0,3,14900000.0,8514.285714285714
Other,985.0,2,6300000.0,6395.9390862944165
Other,1300.0,2,12900000.0,9923.076923076924
Other,1490.0,3,8800000.0,5906.040268456376
Other,620.0,2,2500000.0,4032.2580645161293
Other,4428.0,4,25500000.0,5758.807588075881
Other,1301.0,2,5500000.0,4227.517294388932
Other,650.0,1,3000000.0,4615.384615384615
Other,1500.0,3,8999000.0,5999.333333333333
Other,1350.0,4,14500000.0,10740.74074074074
Other,910.0,1,4200000.0,4615.384615384615
Other,1250.0,3,3900000.0,3120.0
Other,532.0,1,2249000.0,4227.443609022556
Other,1060.0,3,6200000.0,5849.056603773585
Other,902.0,2,4200000.0,4656.319290465632
Other,1550.0,2,16000000.0,10322.58064516129
Other,1374.0,3,7000000.0,5094.614264919942
Other,2145.0,4,12500000.0,5827.505827505827
Other,1080.0,2,5500000.0,5092.592592592592
Other,1000.0,2,8000000.0,8000.0
Other,1240.0,2,5260000.0,4241.935483870968
Other,1500.0,3,9700000.0,6466.666666666667
Other,1865.0,3,14000000.0,7506.702412868633
Other,1200.0,2,4900000.0,4083.3333333333335
Other,3500.0,4,24500000.0,7000.0
Other,1203.0,2,5986000.0,4975.893599334996
Other,1600.0,3,7600000.0,4750.0
Other,1134.0,2,4000000.0,3527.336860670194
Other,1320.0,3,7300000.0,5530.30303030303
Other,2150.0,6,20500000.0,9534.883720930233
Other,1100.0,2,5610000.0,5100.0
Other,2400.0,5,12000000.0,5000.0
Other,675.0,2,5200000.0,7703.7037037037035
Other,1801.0,3,13900000.0,7717.9344808439755
Other,1350.0,3,6500000.0,4814.814814814815
Other,2990.0,4,32400000.0,10836.120401337792
Other,2400.0,2,16000000.0,6666.666666666667
Other,1250.0,3,4000000.0,3200.0
Other,1150.0,2,7500000.0,6521.739130434783
Other,1200.0,3,16500000.0,13750.0
Other,1400.0,3,6200000.0,4428.571428571428
Other,1302.0,2,6909999.999999999,5307.219662058371
Other,1488.0,3,6000000.0,4032.2580645161293
Other,4500.0,9,16600000.0,3688.8888888888887
Other,1853.0,3,8200000.0,4425.256341068538
Other,861.0,2,3500000.0,4065.040650406504
Other,1256.0,2,6280000.0,5000.0
Other,1390.0,3,8000000.0,5755.395683453237
Other,1550.0,3,9000000.0,5806.451612903225
Other,1310.0,3,3783000.0,2887.7862595419847
Other,1500.0,4,11000000.0,7333.333333333333
Other,1531.0,3,7200000.0,4702.808621815807
Other,1839.0,3,16500000.0,8972.26753670473
Other,900.0,2,7000000.0,7777.777777777777
Other,1200.0,4,7000000.0,5833.333333333333
Other,1500.0,3,14900000.0,9933.333333333334
Other,1650.0,3,5200000.0,3151.5151515151515
Other,1100.0,2,3800000.0,3454.5454545454545
Other,750.0,1,5000000.0,6666.666666666667
Other,2400.0,5,22500000.0,9375.0
Other,600.0,2,7500000.0,12500.0
Other,1605.0,3,8500000.0,5295.95015576324
Other,1205.0,2,6000000.0,4979.253112033195
Other,1200.0,2,4614000.0,3845.0
Other,1500.0,1,1950000.0,1300.0
Other,1125.0,2,4400000.0,3911.1111111111113
Other,1200.0,2,16000000.0,13333.333333333334
Other,1904.0,3,15500000.0,8140.756302521008
Other,2770.0,3,31500000.0,11371.841155234657
Other,813.0,1,3900000.0,4797.047970479704
Other,3884.0,4,24000000.0,6179.196704428425
Other,4750.0,4,12000000.0,2526.315789473684
Other,1630.0,3,9778000.0,5998.773006134969
Other,1090.0,2,3600000.0,3302.7522935779816
Other,2425.0,4,17300000.0,7134.020618556701
Other,1150.0,2,5600000.0,4869.565217391304
Other,1141.0,2,4900000.0,4294.478527607362
Other,936.0,2,4300000.0,4594.017094017094
Other,1280.0,2,7500000.0,5859.375
Other,735.0,1,7500000.0,10204.081632653062
Other,500.0,1,2400000.0,4800.0
Other,1200.0,3,14500000.0,12083.333333333334
Other,1200.0,2,10000000.0,8333.333333333334
Other,1200.0,3,16000000.0,13333.333333333334
Other,1265.0,3,8200000.0,6482.213438735178
Other,3200.0,4,15000000.0,4687.5
Other,1196.0,2,5681000.0,4750.0
Other,1850.0,3,9800000.0,5297.2972972972975
Other,2360.0,4,15000000.0,6355.932203389831
Other,1030.0,2,7725000.0,7500.0
Other,1512.0,2,6501000.000000001,4299.603174603175
Other,2000.0,3,16000000.0,8000.0
Other,1575.0,3,9300000.0,5904.761904761905
Other,1300.0,3,7000000.0,5384.615384615385
Other,975.0,2,5000000.0,5128.205128205128
Other,1380.0,2,7500000.0,5434.782608695652
Other,5800.0,5,8000000.0,1379.3103448275863
Other,1000.0,2,4500000.0,4500.0
Other,3000.0,4,10000000.0,3333.3333333333335
Other,1080.0,2,4500000.0,4166.666666666667
Other,3100.0,3,25000000.0,8064.5161290322585
Other,1190.0,2,10000000.0,8403.361344537816
Other,1827.0,3,10000000.0,5473.453749315819
Other,1180.0,2,6300000.0,5338.983050847458
Other,1300.0,3,4700000.0,3615.3846153846152
Other,1155.0,3,6000000.0,5194.805194805195
Other,1274.0,2,8100000.0,6357.9277864992155
Other,1540.0,3,6800000.0,4415.584415584415
Other,1206.0,2,3850000.0,3192.3714759535656
Other,1200.0,4,17000000.0,14166.666666666666
Other,1200.0,4,14000000.0,11666.666666666666
Other,1200.0,3,5500000.0,4583.333333333333
Other,1161.0,2,3669000.0,3160.206718346253
Other,1097.0,2,6500000.0,5925.2506836827715
Other,1600.0,4,16500000.0,10312.5
Other,620.0,2,2200000.0,3548.3870967741937
Other,1355.0,2,7500000.0,5535.055350553505
Other,7500.0,4,90000000.0,12000.0
Other,1280.0,2,4975000.0,3886.71875
Other,4200.0,2,16000000.0,3809.5238095238096
Other,4104.0,4,36000000.0,8771.929824561403
Other,1215.0,2,4985000.0,4102.880658436214
Other,1076.0,2,5200000.0,4832.71375464684
Other,2080.0,2,15000000.0,7211.538461538462
Other,1505.0,2,9000000.0,5980.066445182724
Other,1200.0,3,9575000.0,7979.166666666667
Other,1810.0,3,14800000.0,8176.795580110497
Other,1250.0,2,3900000.0,3120.0
Other,1530.0,3,9700000.0,6339.869281045751
Other,1500.0,3,7000000.0,4666.666666666667
Other,2000.0,4,8000000.0,4000.0
Other,1500.0,3,13000000.0,8666.666666666666
Other,1600.0,3,7200000.0,4500.0
Other,2100.0,6,7100000.0,3380.9523809523807
Other,2500.0,3,7500000.0,3000.0
Other,1533.0,3,15000000.0,9784.735812133073
Other,745.0,2,5000000.0,6711.4093959731545
Other,1460.0,3,7000000.0,4794.520547945205
Other,1355.0,2,9500000.0,7011.070110701107
Other,833.0,1,4900000.0,5882.35294117647
Other,1037.0,2,3628000.0,3498.553519768563
Other,3000.0,4,27000000.0,9000.0
Other,1220.0,2,6800000.0,5573.770491803279
Other,3811.0,4,47500000.0,12463.920230910522
Other,1545.0,3,8500000.0,5501.6181229773465
Other,780.0,2,3500000.0,4487.179487179487
Other,1350.0,2,11000000.0,8148.148148148148
Other,1350.0,2,4100000.0,3037.037037037037
Other,1200.0,3,6800000.0,5666.666666666667
Other,1842.0,3,11500000.0,6243.213897937025
Other,1150.0,2,4900000.0,4260.869565217391
Other,2000.0,5,18000000.0,9000.0
Other,1096.0,2,4800000.0,4379.56204379562
Other,1094.0,2,4400000.0,4021.9378427787933
Other,1100.0,2,4900000.0,4454.545454545455
Other,1280.0,4,11500000.0,8984.375
Other,1086.0,2,4750000.0,4373.848987108656
Other,1655.0,3,15500000.0,9365.558912386707
Other,1150.0,2,7400000.0,6434.782608695652
Other,1440.0,3,6580000.0,4569.444444444444
Other,1200.0,3,10800000.0,9000.0
Other,1200.0,2,7500000.0,6250.0
Other,1225.0,3,6000000.0,4897.959183673469
Other,1550.0,3,6000000.0,3870.967741935484
Other,1650.0,3,7500000.0,4545.454545454545
Other,1113.0,2,4600000.0,4132.973944294699
Other,1500.0,2,20300000.0,13533.333333333334
Other,1800.0,3,7200000.0,4000.0
Other,1350.0,4,8500000.0,6296.2962962962965
Other,4500.0,9,50000000.0,11111.111111111111
Other,935.0,2,3272999.9999999995,3500.5347593582883
Other,600.0,2,8500000.0,14166.666666666666
Other,2500.0,5,12000000.0,4800.0
Other,1550.0,3,16000000.0,10322.58064516129
Other,1140.0,2,5200000.0,4561.403508771929
Other,1050.0,2,4000000.0,3809.5238095238096
Other,1758.0,3,9500000.0,5403.86803185438
Other,3179.0,4,35100000.0,11041.207927021076
Other,909.0,3,4000000.0,4400.4400440044
Other,1200.0,2,8500000.0,7083.333333333333
Other,1200.0,2,3400000.0,2833.3333333333335
Other,1800.0,3,14000000.0,7777.777777777777
Other,1000.0,2,4800000.0,4800.0
Other,1095.0,2,3852000.0000000005,3517.8082191780827
Other,3900.0,4,33300000.0,8538.461538461539
Other,2400.0,3,20000000.0,8333.333333333334
Other,1645.0,3,8750000.0,5319.148936170212
Other,1252.0,2,5500000.0,4392.97124600639
Other,2600.0,3,14000000.0,5384.615384615385
Other,950.0,2,6000000.0,6315.789473684211
Other,2107.0,4,9500000.0,4508.780256288562
Other,1450.0,3,6800000.0,4689.6551724137935
Other,2431.0,3,10000000.0,4113.533525298231
Other,1155.0,2,5600000.0,4848.484848484848
Other,1450.0,2,6263000.0,4319.310344827586
Other,1900.0,3,20500000.0,10789.473684210527
Other,1365.0,2,6000000.0,4395.604395604396
Other,1402.0,3,8500000.0,6062.767475035664
Other,1550.0,3,7500000.0,4838.709677419355
Other,2100.0,3,24000000.0,11428.57142857143
Other,5000.0,4,29000000.0,5800.0
Other,1100.0,2,4500000.0,4090.909090909091
Other,1200.0,3,14000000.0,11666.666666666666
Other,814.0,2,5500000.0,6756.756756756757
Other,1100.0,2,4400000.0,4000.0
Other,830.0,2,3700000.0,4457.831325301205
Other,435.0,1,1950000.0,4482.758620689655
Other,1590.0,3,12000000.0,7547.169811320755
Other,1230.0,3,5351000.0,4350.40650406504
Other,1450.0,3,8960000.0,6179.310344827586
Other,1340.0,2,7700000.0,5746.268656716418
Other,1135.0,2,3290999.9999999995,2899.5594713656383
Other,1745.0,3,7700000.0,4412.607449856733
Other,1665.0,3,10500000.0,6306.306306306306
Other,1220.0,2,4879000.0,3999.1803278688526
Other,2300.0,4,20000000.0,8695.652173913044
Other,1210.0,2,7600000.0,6280.99173553719
Other,1100.0,2,4600000.0,4181.818181818182
Other,1286.0,3,6700000.0,5209.9533437014
Other,1141.0,2,4000000.0,3505.6967572304998
Other,1140.0,2,4500000.0,3947.3684210526317
Other,1065.0,2,5800000.0,5446.0093896713615
Other,1082.0,3,4200000.0,3881.7005545286506
Other,1290.0,2,4063000.0000000005,3149.6124031007757
Other,1636.0,3,9700000.0,5929.095354523228
Other,3600.0,4,45000000.0,12500.0
Other,1450.0,3,4200000.0,2896.551724137931
Other,1120.0,2,4000000.0,3571.4285714285716
Other,1200.0,3,7200000.0,6000.0
Other,3000.0,6,9000000.0,3000.0
Other,1100.0,2,4700000.0,4272.727272727273
Other,1000.0,2,7500000.0,7500.0
Other,1388.0,3,6998999.999999999,5042.50720461095
Other,905.0,1,5200000.0,5745.85635359116
Other,1176.0,2,4400000.0,3741.496598639456
Other,4830.0,4,39000000.0,8074.534161490683
Other,850.0,2,7500000.0,8823.529411764706
Other,1600.0,3,6400000.0,4000.0
Other,2065.0,3,13000000.0,6295.399515738499
Other,1150.0,2,12500000.0,10869.565217391304
Other,1250.0,2,5900000.0,4720.0
Other,1115.0,2,4600000.0,4125.5605381165915
Other,2550.0,3,29000000.0,11372.549019607843
Other,615.0,1,2400000.0,3902.439024390244
Other,3080.0,4,28500000.0,9253.246753246753
Other,1130.0,2,5200000.0,4601.769911504425
Other,3400.0,4,42000000.0,12352.941176470587
Other,450.0,1,2500000.0,5555.555555555556
Other,1100.0,2,8500000.0,7727.272727272727
Other,966.0,2,4900000.0,5072.463768115942
Other,4400.0,5,35000000.0,7954.545454545455
Other,1550.0,3,7900000.0,5096.774193548387
Other,1540.0,3,7000000.0,4545.454545454545
Other,1036.0,2,11000000.0,10617.760617760618
Other,1230.0,2,5800000.0,4715.447154471544
Other,1070.0,2,3890000.0,3635.5140186915887
Other,1041.0,2,3644000.0,3500.480307396734
Other,1376.0,4,15600000.0,11337.209302325582
Other,1150.0,3,6000000.0,5217.391304347826
Other,1508.0,3,7500000.0,4973.474801061008
Other,1110.0,2,5800000.0,5225.225225225226
Other,1950.0,3,9000000.0,4615.384615384615
Other,1080.0,2,6200000.0,5740.740740740741
Other,999.0,2,4366000.0,4370.37037037037
Other,1180.0,2,4000000.0,3389.830508474576
Other,1127.0,2,5500000.0,4880.212954747116
Other,1475.0,3,20000000.0,13559.322033898305
Other,1200.0,3,9625000.0,8020.833333333333
Other,1250.0,3,6500000.0,5200.0
Other,412.5,1,1980000.0,4800.0
Other,2631.0,4,20000000.0,7601.672367920943
Other,830.0,2,6000000.0,7228.915662650603
Other,1500.0,2,8800000.0,5866.666666666667
Other,1518.0,3,7600000.0,5006.587615283267
Other,856.0,2,4800000.0,5607.476635514019
Other,1070.0,2,3315000.0,3098.1308411214955
Other,1117.0,2,11000000.0,9847.806624888093
Other,600.0,1,4300000.0,7166.666666666667
Other,7500.0,4,42500000.0,5666.666666666667
Other,925.0,2,4800000.0,5189.189189189189
Other,1100.0,2,5200000.0,4727.272727272727
Other,2675.0,4,29000000.0,10841.121495327103
Other,1016.0,2,4590000.0,4517.716535433071
Other,1800.0,3,8800000.0,4888.888888888889
Other,1062.0,2,4700000.0,4425.612052730697
Other,1477.0,3,8000000.0,5416.384563303995
Other,42000.0,9,17500000.0,416.6666666666667
Other,1793.0,3,9800000.0,5465.699944227552
Other,960.0,2,3300000.0,3437.5
Other,620.0,2,2300000.0,3709.6774193548385
Other,1400.0,3,3500000.0,2500.0
Other,1020.0,2,6200000.0,6078.431372549019
Other,3563.0,4,31000000.0,8700.533258490037
Other,1165.0,2,4700000.0,4034.3347639484978
Other,3300.0,4,31800000.0,9636.363636363636
Other,1440.0,4,8800000.0,6111.111111111111
Other,2250.0,3,11300000.0,5022.222222222223
Other,1250.0,3,4300000.0,3440.0
Other,1718.0,3,22300000.0,12980.209545983702
Other,1200.0,3,7500000.0,6250.0
Other,985.0,2,5500000.0,5583.756345177665
Other,1700.0,3,6850000.0,4029.4117647058824
Other,2000.0,5,9900000.0,4950.0
Other,1643.0,3,7500000.0,4564.820450395618
Other,1740.0,3,5500000.0,3160.919540229885
Other,1030.0,2,8000000.0,7766.9902912621355
Other,1150.0,2,6900000.0,6000.0
Other,2600.0,4,9500000.0,3653.846153846154
Other,1350.0,3,6800000.0,5037.037037037037
Other,1500.0,3,9000000.0,6000.0
Other,850.0,2,3500000.0,4117.64705882353
Other,1250.0,2,6000000.0,4800.0
Other,970.0,2,3500000.0,3608.2474226804125
Other,1148.0,2,5900000.0,5139.3728222996515
Other,1750.0,4,22500000.0,12857.142857142857
Other,1350.0,3,6000000.0,4444.444444444444
Other,1100.0,2,7800000.0,7090.909090909091
Other,1180.0,2,7400000.0,6271.186440677966
Other,4510.0,3,20000000.0,4434.589800443459
Other,1540.0,3,8500000.0,5519.480519480519
Other,1033.0,3,3150000.0,3049.3707647628266
Other,1800.0,3,23000000.0,12777.777777777777
Other,1200.0,2,3700000.0,3083.3333333333335
Other,2000.0,3,12000000.0,6000.0
Other,2000.0,3,14500000.0,7250.0
Other,500.0,1,1500000.0,3000.0
Other,850.0,2,4200000.0,4941.176470588235
Other,1165.0,2,3364000.0,2887.5536480686696
Other,2230.0,4,13000000.0,5829.596412556054
Other,2200.0,4,10000000.0,4545.454545454545
Other,1519.0,3,6723000.0,4425.938117182357
Other,3160.0,4,20600000.0,6518.987341772152
Other,922.0,2,7000000.0,7592.190889370932
Other,850.0,2,7200000.0,8470.588235294117
Other,1442.0,3,5624000.0,3900.138696255201
Other,1233.0,2,10000000.0,8110.300081103001
Other,1840.0,3,8500000.0,4619.565217391304
Other,1100.0,2,5700000.0,5181.818181818182
Other,1040.0,2,4679000.0,4499.038461538462
Other,2050.0,4,10000000.0,4878.048780487805
Other,800.0,2,3000000.0,3750.0
Other,1125.0,2,3600000.0,3200.0
Other,1936.0,3,11000000.0,5681.818181818182
Other,1652.5,3,9000000.0,5446.293494704993
Other,2159.0,3,11000000.0,5094.951366373321
Other,1500.0,3,13800000.0,9200.0
Other,700.0,2,4300000.0,6142.857142857143
Other,1750.0,3,17000000.0,9714.285714285714
Other,1365.0,3,9900000.0,7252.747252747253
Other,1800.0,6,10500000.0,5833.333333333333
Other,708.0,2,5500000.0,7768.3615819209035
Other,1680.0,3,13500000.0,8035.714285714285
Other,990.0,2,5800000.0,5858.585858585859
Other,1240.0,2,10000000.0,8064.5161290322585
Other,1810.0,3,11800000.0,6519.3370165745855
Other,2005.0,3,24000000.0,11970.074812967581
Other,1265.0,2,5800000.0,4584.98023715415
Other,1035.0,2,4400000.0,4251.207729468599
Other,1000.0,2,9700000.0,9700.0
Other,2800.0,6,10000000.0,3571.4285714285716
Other,3500.0,8,12000000.0,3428.5714285714284
Other,1430.0,3,7865000.000000001,5500.000000000001
Other,600.0,2,3000000.0,5000.0
Other,1200.0,1,4500000.0,3750.0
Other,1116.0,2,3760000.0,3369.1756272401435
Other,1090.0,2,4500000.0,4128.440366972477
Other,1260.0,4,6500000.0,5158.730158730159
Other,1000.0,2,3600000.0,3600.0
Other,840.0,1,7500000.0,8928.57142857143
Other,1760.0,3,11600000.0,6590.909090909091
Other,1145.0,2,5700000.0,4978.1659388646285
Other,3900.0,4,55000000.0,14102.564102564103
Other,3317.5,4,26850000.0,8093.443858327054
Other,600.0,2,5200000.0,8666.666666666666
Other,1670.0,3,16000000.0,9580.838323353293
Other,1410.0,2,7500000.0,5319.148936170212
Other,2400.0,5,9300000.0,3875.0
Other,1200.0,3,7559999.999999999,6299.999999999999
Other,2400.0,5,28500000.0,11875.0
Other,2100.0,4,15000000.0,7142.857142857143
Other,1200.0,2,5250000.0,4375.0
Other,1539.0,3,6000000.0,3898.635477582846
Other,920.0,2,4600000.0,5000.0
Other,1550.0,4,12000000.0,7741.935483870968
Other,905.0,2,5000000.0,5524.861878453039
Other,1495.0,3,20000000.0,13377.926421404682
Other,1455.0,3,5500000.0,3780.0687285223366
Other,550.0,1,2300000.0,4181.818181818182
Other,4000.0,5,13000000.0,3250.0
Other,1060.0,2,5300000.0,5000.0
Other,1570.0,3,7800000.0,4968.152866242038
Other,1537.0,3,11000000.0,7156.79895901106
Other,1750.0,3,15000000.0,8571.42857142857
Other,2800.0,7,25000000.0,8928.57142857143
Other,1020.0,2,4800000.0,4705.882352941177
Other,1191.0,2,9000000.0,7556.675062972292
Other,865.0,2,3511000.0,4058.9595375722542
Other,2100.0,4,9000000.0,4285.714285714285
Other,2849.0,4,25000000.0,8775.008775008775
Other,1000.0,2,4200000.0,4200.0
Other,1685.0,3,6000000.0,3560.8308605341244
Other,827.0,2,4500000.0,5441.354292623942
Other,1050.0,2,5000000.0,4761.9047619047615
Other,1060.0,2,4927000.0,4648.11320754717
Other,1261.0,2,6100000.0,4837.430610626487
Other,3400.0,4,19000000.0,5588.235294117647
Other,1180.0,2,5600000.0,4745.762711864407
Other,1205.0,2,7000000.0,5809.128630705394
Other,1194.0,2,6500000.0,5443.886097152429
Other,1250.0,2,5800000.0,4640.0
Other,1424.0,3,5500000.0,3862.3595505617977
Other,1250.0,3,5500000.0,4400.0
Other,2200.0,3,16000000.0,7272.727272727273
Other,1230.0,2,5500000.0,4471.544715447155
Other,1540.0,3,7600000.0,4935.064935064935
Other,1900.0,3,15500000.0,8157.894736842105
Other,1286.0,2,4800000.0,3732.5038880248835
Other,1200.0,2,9500000.0,7916.666666666667
Other,1060.0,2,3700000.0,3490.566037735849
Other,1100.0,2,11000000.0,10000.0
Other,1942.0,3,15500000.0,7981.462409886714
Other,1400.0,2,6000000.0,4285.714285714285
Other,1330.0,2,6400000.0,4812.0300751879695
Other,1515.0,3,9000000.0,5940.59405940594
Other,1206.0,2,5300000.0,4394.69320066335
Other,625.0,2,2400000.0,3840.0
Other,1300.0,3,6400000.0,4923.076923076923
Other,1200.0,1,6900000.0,5750.0
Other,2099.0,3,9500000.0,4525.964745116722
Other,1200.0,1,4800000.0,4000.0
Other,2108.0,3,8500000.0,4032.2580645161293
Other,1190.0,2,7000000.0,5882.35294117647
Other,900.0,2,4100000.0,4555.555555555556
Other,2690.0,4,18500000.0,6877.323420074349
Other,1800.0,4,25000000.0,13888.888888888889
Other,1250.0,2,6800000.0,5440.0
Other,1290.0,2,7750000.0,6007.751937984496
Other,1150.0,2,4800000.0,4173.913043478261
Other,1464.0,2,14500000.0,9904.371584699453
Other,1065.0,2,4500000.0,4225.352112676056
Other,750.0,2,3600000.0,4800.0
Other,1485.0,3,15600000.0,10505.050505050505
Other,2070.0,3,13500000.0,6521.739130434783
Other,1100.0,2,3849000.0,3499.090909090909
Other,800.0,2,5500000.0,6875.0
Other,900.0,2,4400000.0,4888.888888888889
Other,3800.0,3,13000000.0,3421.0526315789475
Other,1500.0,2,13000000.0,8666.666666666666
Other,2010.0,3,12500000.0,6218.905472636816
Other,1504.0,3,10000000.0,6648.936170212766
Other,2040.0,2,5900000.0,2892.156862745098
Other,1602.0,3,16500000.0,10299.625468164793
Other,1200.0,4,13000000.0,10833.333333333334
Other,1800.0,3,22000000.0,12222.222222222223
Other,1500.0,3,7200000.0,4800.0
Other,1280.0,3,4800000.0,3750.0
Other,1095.0,2,3833000.0,3500.4566210045664
Other,1145.0,2,5840000.0,5100.436681222707
Other,1862.0,3,12000000.0,6444.68313641246
Other,2700.0,3,20000000.0,7407.407407407408
Other,1677.0,3,9800000.0,5843.768634466309
Other,2500.0,8,9500000.0,3800.0
Other,1490.0,3,11500000.0,7718.120805369127
Other,1550.0,3,5900000.0,3806.451612903226
Other,1740.0,3,12000000.0,6896.551724137931
Other,1020.0,2,6000000.0,5882.35294117647
Other,550.0,1,1600000.0,2909.090909090909
Other,1492.0,2,6500000.0,4356.56836461126
Other,1431.0,3,6500000.0,4542.278127183788
Other,3664.0,3,32500000.0,8870.087336244542
Other,690.0,2,4200000.0,6086.95652173913
Other,1520.0,3,11100000.0,7302.631578947368
Other,1391.0,3,6450000.0,4636.951833213516
Other,1200.0,4,8600000.0,7166.666666666667
Other,1250.0,2,9000000.0,7200.0
Other,1900.0,3,19000000.0,10000.0
Other,900.0,2,3300000.0,3666.6666666666665
Other,1602.0,3,17000000.0,10611.735330836455
Other,1230.0,2,7000000.0,5691.056910569106
Other,1600.0,3,9500000.0,5937.5
Other,450.0,1,6000000.0,13333.333333333334
Other,600.0,1,2300000.0,3833.3333333333335
Other,3463.0,4,31000000.0,8951.775916835115
Other,1200.0,2,4500000.0,3750.0
Other,2000.0,3,13000000.0,6500.0
Other,1350.0,4,14000000.0,10370.37037037037
Other,995.0,3,3482000.0,3499.497487437186
Other,1000.0,2,4400000.0,4400.0
Other,1175.0,2,7900000.0,6723.404255319149
Other,1200.0,2,4300000.0,3583.3333333333335
Other,990.0,2,3500000.0,3535.3535353535353
Other,1107.0,2,4000000.0,3613.369467028004
Other,1158.0,2,7500000.0,6476.683937823835
Other,3200.0,4,20000000.0,6250.0
Other,1125.0,2,3249000.0,2888.0
Other,1200.0,2,9000000.0,7500.0
Other,1200.0,2,6700000.0,5583.333333333333
Other,1266.67,2,6900000.0,5447.3540859103
Other,2000.0,2,16000000.0,8000.0
Other,1800.0,3,9500000.0,5277.777777777777
Other,2679.0,4,28000000.0,10451.661067562523
Other,1230.0,2,7500000.0,6097.5609756097565
Other,1080.0,2,4480000.0,4148.148148148148
Other,3150.0,8,14500000.0,4603.174603174603
Other,2400.0,2,13500000.0,5625.0
Other,880.0,2,4800000.0,5454.545454545455
Other,1150.0,2,4500000.0,3913.0434782608695
Other,1194.0,2,5500000.0,4606.365159128978
Other,2000.0,3,9000000.0,4500.0
Other,1025.0,2,4250000.0,4146.341463414634
Other,1022.0,2,5700000.0,5577.2994129158515
Other,1153.0,2,4500000.0,3902.8620988725065
Other,1200.0,2,7600000.0,6333.333333333333
Other,950.0,2,3800000.0,4000.0
Other,1605.0,3,10000000.0,6230.529595015576
Other,1542.0,3,9800000.0,6355.38261997406
Other,1012.0,2,4200000.0,4150.197628458498
Other,3600.0,5,11000000.0,3055.5555555555557
Other,1333.0,2,7727000.0,5796.699174793698
Other,1100.0,3,11000000.0,10000.0
Other,1050.0,2,7000000.0,6666.666666666667
Other,1140.0,2,3292000.0,2887.719298245614
Other,2000.0,3,10500000.0,5250.0
Other,1075.0,2,5500000.0,5116.279069767442
Other,1100.0,3,14500000.0,13181.818181818182
Other,1200.0,3,9900000.0,8250.0
Other,4250.0,6,15000000.0,3529.4117647058824
Other,1000.0,2,6000000.0,6000.0
Other,5720.0,3,35000000.0,6118.881118881119
Other,675.0,2,1500000.0,2222.222222222222
Other,1280.0,3,4900000.0,3828.125
Other,1350.0,3,4725000.0,3500.0
Other,600.0,2,3900000.0,6500.0
Other,1240.0,3,6500000.0,5241.935483870968
Other,1700.0,3,11100000.0,6529.411764705882
Other,1340.0,2,6500000.0,4850.746268656716
Other,1600.0,2,3100000.0,1937.5
Other,1780.0,3,11000000.0,6179.775280898876
Other,1800.0,5,6800000.0,3777.777777777778
Other,1080.0,3,14900000.0,13796.296296296296
Other,900.0,3,6500000.0,7222.222222222223
Other,946.0,2,4500000.0,4756.871035940803
Other,1200.0,4,16000000.0,13333.333333333334
Other,2456.0,3,22000000.0,8957.654723127036
Other,1610.0,3,6440000.000000001,4000.0000000000005
Other,1530.0,2,18500000.0,12091.503267973856
Other,1439.0,3,5723000.0,3977.067407922168
Other,1435.0,3,6000000.0,4181.184668989547
Other,1717.0,3,12000000.0,6988.934187536401
Other,1409.0,3,6200000.0,4400.28388928318
Other,1250.0,2,5000000.0,4000.0
Other,1475.0,2,17100000.0,11593.22033898305
Other,1225.0,2,6500000.0,5306.122448979592
Other,650.0,1,1600000.0,2461.5384615384614
Other,1750.0,3,7500000.0,4285.714285714285
Other,1504.0,3,10200000.0,6781.914893617021
Other,1116.0,2,4980000.0,4462.365591397849
Other,1800.0,4,14500000.0,8055.555555555556
Other,1150.0,2,6000000.0,5217.391304347826
Other,1625.0,3,9200000.0,5661.538461538462
Other,2400.0,4,25000000.0,10416.666666666666
Other,1180.0,2,5000000.0,4237.28813559322
Other,1272.0,2,5150000.0,4048.7421383647797
Other,1490.0,3,9200000.0,6174.496644295302
Other,2400.0,4,14000000.0,5833.333333333333
Other,1044.0,2,6000000.0,5747.126436781609
Other,1595.0,3,7039000.0,4413.166144200627
Other,1640.0,3,8400000.0,5121.951219512195
Other,1567.2,3,19000000.0,12123.532414497193
Other,959.0,2,4250000.0,4431.699687174139
Other,1141.0,2,5500000.0,4820.333041191937
Other,1293.0,2,7500000.0,5800.46403712297
Other,1885.0,3,9000000.0,4774.535809018567
Other,1374.0,3,8800000.0,6404.657933042213
Other,1110.0,2,5200000.0,4684.684684684685
Other,1350.0,3,4860000.0,3600.0
Other,2000.0,4,16000000.0,8000.0
Other,834.0,1,6200000.0,7434.052757793765
Other,600.0,1,5200000.0,8666.666666666666
Other,2000.0,4,13500000.0,6750.0
Other,2750.0,3,26000000.0,9454.545454545454
Other,900.0,2,3500000.0,3888.8888888888887
Other,1000.0,2,4600000.0,4600.0
Other,1200.0,2,5200000.0,4333.333333333333
Other,1280.0,2,9000000.0,7031.25
Other,1190.0,2,5500000.0,4621.848739495798
Other,2075.0,3,17500000.0,8433.734939759037
Other,1900.0,3,6500000.0,3421.0526315789475
Other,1578.0,3,7390000.000000001,4683.143219264893
Other,1475.0,2,7000000.0,4745.762711864407
Other,2400.0,2,12500000.0,5208.333333333333
Other,1427.0,3,7000000.0,4905.395935529082
Other,2274.24,3,16000000.0,7035.317292809907
Other,900.0,2,10500000.0,11666.666666666666
Other,1570.0,3,8000000.0,5095.541401273886
Other,1350.0,3,7500000.0,5555.555555555556
Other,470.0,1,1000000.0,2127.659574468085
Other,2300.0,6,16000000.0,6956.521739130435
Other,1313.0,3,15000000.0,11424.219345011425
Other,2515.0,3,15500000.0,6163.021868787277
Other,1440.0,3,7200000.0,5000.0
Other,1200.0,2,5600000.0,4666.666666666667
Other,2665.0,3,35000000.0,13133.208255159474
Other,1670.0,3,7500000.0,4491.017964071856
Other,700.0,2,2900000.0,4142.857142857143
Other,1300.0,3,6700000.0,5153.846153846154
Other,1215.0,3,4975000.0,4094.650205761317
Other,1050.0,2,5500000.0,5238.0952380952385
Other,1258.0,2,5800000.0,4610.492845786964
Other,2400.0,6,30000000.0,12500.0
Other,3000.0,8,13000000.0,4333.333333333333
Other,1235.0,2,14000000.0,11336.032388663967
Other,3200.0,3,26000000.0,8125.0
Other,1450.0,3,9000000.0,6206.896551724138
Other,670.0,1,5000000.0,7462.686567164179
Other,2400.0,6,9800000.0,4083.3333333333335
Other,1250.0,2,4300000.0,3440.0
Other,1200.0,3,10000000.0,8333.333333333334
Other,1190.0,2,4100000.0,3445.378151260504
Other,1250.0,2,6700000.0,5360.0
Other,2700.0,4,9000000.0,3333.3333333333335
Other,375.0,1,2600000.0,6933.333333333333
Other,800.0,2,5950000.0,7437.5
Other,909.0,3,4300000.0,4730.47304730473
Other,1800.0,3,10000000.0,5555.555555555556
Other,850.0,2,3550000.0,4176.470588235294
Other,1100.0,2,3200000.0,2909.090909090909
Other,1480.0,3,7400000.0,5000.0
Other,2100.0,3,25500000.0,12142.857142857143
Other,400.0,1,3500000.0,8750.0
Other,1310.0,3,5500000.0,4198.473282442748
Other,993.0,2,4550000.0,4582.074521651561
Other,2400.0,4,18000000.0,7500.0
Other,6000.0,1,27600000.0,4600.0
Other,825.0,1,4000000.0,4848.484848484848
Other,1320.0,3,6000000.0,4545.454545454545
Other,5000.0,4,60000000.0,12000.0
Other,4800.0,4,42000000.0,8750.0
Other,3400.0,3,40000000.0,11764.70588235294
Other,1569.0,3,7000000.0,4461.440407903123
Other,2600.0,3,14700000.0,5653.846153846154
Other,800.0,1,7200000.0,9000.0
Other,1020.0,2,4900000.0,4803.921568627451
Other,1225.0,3,8200000.0,6693.877551020408
Other,655.0,1,2700000.0,4122.137404580153
Other,1196.0,2,9600000.0,8026.755852842809
Other,927.0,2,5000000.0,5393.743257820927
Other,600.0,1,1800000.0,3000.0
Other,1175.0,2,4872000.0,4146.382978723404
Other,2800.0,4,20000000.0,7142.857142857143
Other,750.0,2,2800000.0,3733.3333333333335
Other,800.0,2,8500000.0,10625.0
Other,985.0,2,5700000.0,5786.802030456853
Other,6000.0,11,15000000.0,2500.0
Other,3600.0,7,16000000.0,4444.444444444444
Other,600.0,2,8000000.0,13333.333333333334
Other,1503.0,3,9300000.0,6187.624750499002
Other,1200.0,2,6100000.0,5083.333333333333
Other,2500.0,3,6000000.0,2400.0
Other,1500.0,3,5200000.0,3466.6666666666665
Other,1765.0,3,7727000.0,4377.903682719547
Other,1768.0,3,9500000.0,5373.303167420814
Other,3060.0,4,35000000.0,11437.908496732027
Other,800.0,1,3200000.0,4000.0
Other,3000.0,7,14500000.0,4833.333333333333
Other,600.0,1,3500000.0,5833.333333333333
Other,1010.0,2,5500000.0,5445.544554455446
Other,650.0,2,2000000.0,3076.923076923077
Other,1080.0,2,3779999.9999999995,3499.9999999999995
Other,3978.0,4,42800000.0,10759.175465057819
Other,1500.0,2,4500000.0,3000.0
Other,1800.0,3,8500000.0,4722.222222222223
Other,2008.0,3,17000000.0,8466.135458167331
Other,2095.0,3,14200000.0,6778.042959427207
Other,1190.0,2,4860000.0,4084.0336134453783
Other,1600.0,3,8800000.0,5500.0
Other,1350.0,4,16000000.0,11851.851851851852
Other,1280.0,3,10000000.0,7812.5
Other,1500.0,3,7500000.0,5000.0
Other,1176.0,3,4500000.0,3826.530612244898
Other,1044.0,2,8500000.0,8141.762452107279
Other,1425.0,3,5500000.0,3859.6491228070176
Other,840.0,2,9900000.0,11785.714285714286
Other,1285.0,2,4500000.0,3501.9455252918287
Other,2000.0,3,9500000.0,4750.0
Other,3870.0,4,41100000.0,10620.15503875969
Other,1320.0,3,5500000.0,4166.666666666667
Other,1835.0,3,17500000.0,9536.784741144415
Other,1322.0,2,6199000.0,4689.10741301059
Other,425.0,1,1500000.0,3529.4117647058824
Other,820.0,2,3000000.0,3658.5365853658536
Other,2380.0,4,24200000.0,10168.067226890757
Other,1517.0,2,12500000.0,8239.947264337508
Other,1286.0,3,15000000.0,11664.07465007776
Other,1000.0,2,3500000.0,3500.0
Other,3602.0,4,28000000.0,7773.459189339256
Other,2159.0,3,12000000.0,5558.12876331635
Other,1850.0,6,17500000.0,9459.45945945946
Other,510.0,1,3400000.0,6666.666666666667
Other,1166.0,2,6500000.0,5574.614065180103
Other,2700.0,3,26000000.0,9629.62962962963
Other,1350.0,3,17500000.0,12962.962962962964
Other,2100.0,4,10000000.0,4761.9047619047615
Other,940.0,2,5600000.0,5957.446808510638
Other,1015.0,2,4010000.0,3950.7389162561576
Other,1400.0,3,6900000.0,4928.571428571428
Other,1600.0,4,9000000.0,5625.0
Other,1000.0,2,6300000.0,6300.0
Other,1350.0,2,6500000.0,4814.814814814815
Other,1998.0,3,11700000.0,5855.855855855856
Other,950.0,2,3300000.0,3473.684210526316
Other,527.0,1,3500000.0,6641.366223908918
Other,1804.0,3,15000000.0,8314.855875831485
Other,1350.0,3,8100000.0,6000.0
Other,826.0,2,3600000.0,4358.353510895884
Other,935.0,2,3500000.0,3743.3155080213905
Other,1180.0,2,3900000.0,3305.084745762712
Other,2200.0,4,11500000.0,5227.272727272727
Other,2400.0,5,8500000.0,3541.6666666666665
Other,1500.0,2,5000000.0,3333.3333333333335
Other,1217.0,2,16400000.0,13475.760065735414
Other,2400.0,6,17000000.0,7083.333333333333
Other,600.0,1,4500000.0,7500.0
Other,4110.0,4,59000000.0,14355.231143552312
Other,672.0,1,2700000.0,4017.8571428571427
Other,1280.0,3,8700000.0,6796.875
Other,1567.0,3,10000000.0,6381.620931716656
Other,1125.0,2,4800000.0,4266.666666666667
Other,560.0,1,1900000.0,3392.8571428571427
Other,1471.0,3,7500000.0,5098.572399728077
Other,900.0,2,12800000.0,14222.222222222223
Other,520.0,1,2900000.0,5576.923076923077
Other,1950.0,3,23000000.0,11794.871794871795
Other,600.0,1,5800000.0,9666.666666666666
Other,1000.0,1,1900000.0,1900.0
Other,1477.0,3,7500000.0,5077.860528097495
Other,2000.0,2,12000000.0,6000.0
Other,1220.0,2,6500000.0,5327.868852459016
Other,850.0,2,3250000.0,3823.529411764706
Other,1256.0,2,6500000.0,5175.15923566879
Other,1428.0,3,7000000.0,4901.9607843137255
Other,1130.0,2,7400000.0,6548.672566371682
Other,1407.0,2,8387000.0,5960.90973702914
Other,2375.0,4,26000000.0,10947.368421052632
Other,1872.0,3,15200000.0,8119.65811965812
Other,1400.0,3,9000000.0,6428.571428571428
Other,812.0,1,2600000.0,3201.9704433497536
Other,829.0,2,2280000.0,2750.301568154403
Other,700.0,2,3500000.0,5000.0
Other,1105.0,2,5000000.0,4524.886877828054
Other,1000.0,2,5100000.0,5100.0
Other,1240.0,3,6300000.0,5080.645161290323
Other,1393.0,3,5400000.0,3876.5254845656855
Other,1640.0,3,7000000.0,4268.292682926829
Other,1495.0,3,5500000.0,3678.9297658862874
Other,1400.0,3,5300000.0,3785.714285714286
Other,1054.0,2,5300000.0,5028.462998102466
Other,1275.0,2,4700000.0,3686.274509803922
Other,1394.0,2,5200000.0,3730.2725968436157
Other,1075.0,2,5700000.0,5302.325581395349
Other,1800.0,3,11500000.0,6388.888888888889
Other,1220.0,2,5489000.0,4499.180327868852
Other,1499.0,3,8900000.0,5937.291527685124
Other,1280.0,3,5500000.0,4296.875
Other,1050.0,2,6500000.0,6190.476190476191
Other,2736.0,4,13000000.0,4751.461988304093
Other,1056.0,2,5500000.0,5208.333333333333
Other,1770.0,3,9000000.0,5084.745762711865
Other,3155.0,3,31500000.0,9984.152139461174
Other,6500.0,7,10400000.0,1600.0
Other,1152.0,2,5700000.0,4947.916666666667
Other,2357.0,3,13500000.0,5727.619855748833
Other,1464.0,3,13500000.0,9221.311475409837
Other,1300.0,2,3200000.0,2461.5384615384614
Other,1707.0,3,17100000.0,10017.574692442882
Other,565.0,1,3300000.0,5840.70796460177
Other,630.0,1,7000000.0,11111.111111111111
Other,1250.0,2,6240000.0,4992.0
Other,2400.0,3,13000000.0,5416.666666666667
Other,1720.0,3,8300000.0,4825.581395348837
Other,420.0,1,2350000.0,5595.238095238095
Other,1675.0,3,6500000.0,3880.597014925373
Other,1225.0,2,7105000.0,5800.0
Other,1350.0,4,9000000.0,6666.666666666667
Other,1732.5,3,9185500.0,5301.875901875902
Other,3760.0,2,28000000.0,7446.808510638298
Other,3071.0,3,30000000.0,9768.804949527841
Other,850.0,2,3400000.0,4000.0
Other,1260.0,3,4900000.0,3888.8888888888887
Other,2100.0,3,7000000.0,3333.3333333333335
Other,1620.0,3,9500000.0,5864.197530864198
Other,560.0,1,2100000.0,3750.0
Other,1156.0,2,4600000.0,3979.2387543252594
Other,1140.0,2,5600000.0,4912.2807017543855
Other,2250.0,3,18000000.0,8000.0
Other,1485.0,3,7800000.0,5252.525252525253
Other,1350.0,1,4500000.0,3333.3333333333335
Other,1209.0,2,10000000.0,8271.298593879239
Other,1488.0,3,6500000.0,4368.279569892473
Other,2250.0,3,19900000.0,8844.444444444445
Other,3700.0,4,31400000.0,8486.486486486487
Other,1190.0,2,4225000.0,3550.4201680672268
Other,1405.0,3,16900000.0,12028.469750889679
Other,1050.0,2,4350000.0,4142.857142857143
Other,500.0,1,1600000.0,3200.0
Other,1600.0,3,18000000.0,11250.0
Other,1140.0,2,4900000.0,4298.245614035088
Other,648.0,1,3400000.0,5246.913580246914
Other,1720.0,3,12600000.0,7325.581395348837
Other,825.0,2,3500000.0,4242.424242424242
Other,1080.0,2,6400000.0,5925.925925925926
Other,800.0,2,2900000.0,3625.0
Other,535.0,1,3500000.0,6542.056074766355
Other,1067.0,2,3399000.0,3185.5670103092784
Other,1152.0,2,4200000.0,3645.8333333333335
Other,1465.0,3,8800000.0,6006.825938566553
Other,1145.0,2,6300000.0,5502.183406113537
Other,3420.0,4,41000000.0,11988.30409356725
Other,680.0,2,6000000.0,8823.529411764706
Other,1450.0,3,7500000.0,5172.413793103448
Other,1738.0,3,11000000.0,6329.113924050633
Other,982.0,2,2500000.0,2545.8248472505093
Other,1275.0,2,10500000.0,8235.29411764706
Other,1119.0,3,4850000.0,4334.226988382485
Other,1355.0,3,5825000.0,4298.89298892989
Other,1095.0,2,5585000.0,5100.456621004566
Other,2320.0,3,16000000.0,6896.551724137931
Other,1237.0,3,7800000.0,6305.578011317704
Other,1840.0,2,9500000.0,5163.04347826087
Other,2400.0,4,8900000.0,3708.3333333333335
Other,1639.0,3,7789000.0,4752.2879804758995
Other,1160.0,2,7500000.0,6465.517241379311
Other,1294.0,3,5200000.0,4018.5471406491497
Other,1095.0,2,4500000.0,4109.58904109589
Other,1040.0,2,3684000.0000000005,3542.307692307693
Other,1325.0,3,4700000.0,3547.169811320755
Other,1108.0,2,4800000.0,4332.129963898917
Other,1155.0,2,6500000.0,5627.705627705628
Other,1500.0,3,6748999.999999999,4499.333333333333
Other,1060.0,2,4250000.0,4009.433962264151
Other,984.0,2,12500000.0,12703.252032520326
Other,1148.0,2,6900000.0,6010.452961672474
Other,1719.0,3,11000000.0,6399.069226294358
Other,1420.0,3,7000000.0,4929.577464788732
Other,3000.0,4,26400000.0,8800.0
Other,1398.0,3,5100000.0,3648.068669527897
Other,1320.0,2,9000000.0,6818.181818181818
Other,1285.0,3,4500000.0,3501.9455252918287
Other,1161.0,2,5900000.0,5081.82601205857
Other,1504.0,3,6700000.0,4454.787234042553
Other,1230.0,2,6800000.0,5528.455284552845
Other,1260.0,2,6200000.0,4920.6349206349205
Other,4560.0,4,43000000.0,9429.82456140351
Other,799.0,2,3500000.0,4380.475594493117
Other,2700.0,5,17000000.0,6296.2962962962965
Other,1077.0,2,3446000.0,3199.6285979572885
Other,3000.0,5,30000000.0,10000.0
Other,1560.0,3,12500000.0,8012.820512820513
Other,1290.0,3,4533000.0,3513.953488372093
Other,1245.0,2,12000000.0,9638.55421686747
Other,1485.0,3,11000000.0,7407.407407407408
Other,2400.0,4,8800000.0,3666.6666666666665
Other,1115.0,2,5000000.0,4484.304932735426
Other,1489.0,2,10100000.0,6783.075889858966
Other,2800.0,4,36500000.0,13035.714285714286
Other,3000.0,6,30000000.0,10000.0
Other,1903.0,3,16500000.0,8670.520231213874
Other,1200.0,2,3800000.0,3166.6666666666665
Other,2996.0,4,20000000.0,6675.567423230975
Other,3400.0,4,20000000.0,5882.35294117647
Other,1092.0,2,4300000.0,3937.7289377289376
Other,551.0,1,3000000.0,5444.64609800363
Other,1400.0,2,4480000.0,3200.0
Other,1780.0,3,10000000.0,5617.9775280898875
Other,1050.0,2,4950000.0,4714.285714285715
Other,1310.0,3,9000000.0,6870.229007633588
Other,900.0,2,2400000.0,2666.6666666666665
Other,1603.0,3,12500000.0,7797.878976918279
Other,2180.0,3,28500000.0,13073.394495412844
Other,450.0,1,3000000.0,6666.666666666667
Other,3000.0,4,30100000.0,10033.333333333334
Other,1160.0,2,4053000.0,3493.9655172413795
Other,1275.0,2,6900000.0,5411.764705882353
Other,1300.0,3,5100000.0,3923.076923076923
Other,1623.0,3,15500000.0,9550.215650030807
Other,1275.0,3,5500000.0,4313.725490196079
Other,900.0,1,5230000.0,5811.111111111111
Other,1075.0,2,4838000.0,4500.46511627907
Other,780.0,2,3100000.0,3974.358974358974
Other,1088.0,2,4350000.0,3998.1617647058824
Other,1194.0,2,4500000.0,3768.8442211055276
Other,1070.0,2,3299000.0,3083.177570093458
Other,1000.0,2,3100000.0,3100.0
Other,1200.0,2,11000000.0,9166.666666666666
Other,1400.0,3,7800000.0,5571.428571428572
Other,2648.0,3,23800000.0,8987.915407854985
Other,1455.0,3,4500000.0,3092.783505154639
Other,1475.0,3,8000000.0,5423.728813559322
Other,1721.0,3,9300000.0,5403.834979662986
Other,1480.0,3,7500000.0,5067.5675675675675
Other,2400.0,2,22800000.0,9500.0
Other,1163.0,2,6800000.0,5846.947549441101
Other,801.0,1,3364500.0000000005,4200.374531835207
Other,1300.0,3,8000000.0,6153.846153846154
Other,1540.0,3,6500000.0,4220.779220779221
Other,1215.0,3,4680000.0,3851.8518518518517
Other,2400.0,4,13500000.0,5625.0
Other,3300.0,10,45000000.0,13636.363636363636
Other,1040.0,2,7800000.0,7500.0
Other,1215.0,3,5000000.0,4115.22633744856
Other,975.0,2,4500000.0,4615.384615384615
Other,1907.0,3,20000000.0,10487.676979549029
Other,1330.0,2,8000000.0,6015.037593984963
Other,1320.0,3,9500000.0,7196.969696969697
Other,8000.0,5,55000000.0,6875.0
Other,4500.0,4,22500000.0,5000.0
Other,3500.0,3,50000000.0,14285.714285714286
Other,2200.0,4,15000000.0,6818.181818181818
Other,1092.0,3,9500000.0,8699.6336996337
Other,1100.0,3,5300000.0,4818.181818181818
Other,1170.0,2,5000000.0,4273.504273504273
Other,1075.0,2,5000000.0,4651.162790697675
Other,935.0,2,4590000.0,4909.090909090909
Other,1120.0,2,3600000.0,3214.285714285714
Other,1130.0,2,7500000.0,6637.168141592921
Other,1334.0,2,6200000.0,4647.67616191904
Other,966.0,2,5000000.0,5175.983436853002
Other,1630.0,3,13100000.0,8036.80981595092
Other,1050.0,1,4100000.0,3904.7619047619046
Other,1427.0,2,5200000.0,3644.008409250175
Other,3210.0,3,38000000.0,11838.006230529594
Other,5425.0,13,27500000.0,5069.124423963133
Other,1050.0,2,4800000.0,4571.428571428572
Other,900.0,2,4800000.0,5333.333333333333
Other,4041.0,4,34500000.0,8537.490720118782
Other,620.0,1,2500000.0,4032.2580645161293
Other,1210.0,2,7500000.0,6198.347107438017
Other,1180.0,2,4194000.0,3554.237288135593
Other,1430.0,3,7000000.0,4895.104895104895
Other,1950.0,3,9500000.0,4871.794871794872
Other,1130.0,2,6800000.0,6017.699115044248
Other,1245.0,2,6000000.0,4819.277108433735
Other,1390.0,3,5000000.0,3597.122302158273
Other,2750.0,3,27500000.0,10000.0
Other,1244.0,2,9500000.0,7636.655948553054
Other,1500.0,3,18000000.0,12000.0
Other,400.0,1,5000000.0,12500.0
Other,1100.0,2,5760000.0,5236.363636363636
Other,3100.0,5,16500000.0,5322.580645161291
Other,1675.0,3,6200000.0,3701.492537313433
Other,1190.0,2,5990000.0,5033.6134453781515
Other,1250.0,2,5500000.0,4400.0
Other,1450.0,2,9000000.0,6206.896551724138
Other,1275.0,2,4950000.0,3882.3529411764707
Other,10030.0,1,15000000.0,1495.5134596211367
Other,3600.0,4,22500000.0,6250.0
Other,2300.0,3,28000000.0,12173.91304347826
Other,3200.0,9,13000000.0,4062.5
Other,1900.0,3,9200000.0,4842.105263157895
Other,3900.0,3,25000000.0,6410.25641025641
Other,1400.0,2,16000000.0,11428.57142857143
Other,1715.0,3,9500000.0,5539.35860058309
Other,703.0,2,6000000.0,8534.850640113798
Other,1400.0,3,5600000.0,4000.0
Other,1270.0,3,5715000.0,4500.0
Other,600.0,1,2000000.0,3333.3333333333335
Other,4382.0,4,40000000.0,9128.251939753538
Other,1030.0,3,7725000.0,7500.0
Other,1254.0,3,7000000.0,5582.13716108453
Other,1293.0,2,8000000.0,6187.161639597834
Other,1050.0,2,3600000.0,3428.5714285714284
Other,1500.0,3,5600000.0,3733.3333333333335
Other,1000.0,2,6600000.0,6600.0
Other,1864.0,3,11500000.0,6169.527896995708
Other,1200.0,2,13500000.0,11250.0
Other,1950.0,3,8950000.0,4589.74358974359
Other,2400.0,4,15000000.0,6250.0
Other,1263.0,2,5150000.0,4077.593032462391
Other,4400.0,5,24000000.0,5454.545454545455
Other,1525.0,3,9148000.0,5998.688524590164
Other,975.0,2,6000000.0,6153.846153846154
Other,1220.0,2,5600000.0,4590.163934426229
Other,1500.0,1,8500000.0,5666.666666666667
Other,5000.0,4,30000000.0,6000.0
Other,1200.0,2,13800000.0,11500.0
Other,1100.0,2,6800000.0,6181.818181818182
Other,4000.0,6,46000000.0,11500.0
Other,1105.0,2,2818000.0,2550.2262443438913
Other,2950.0,4,25000000.0,8474.57627118644
Other,1464.0,3,11500000.0,7855.191256830601
Other,1385.0,3,9000000.0,6498.194945848375
Other,1205.0,2,4700000.0,3900.414937759336
Other,1070.0,2,3343000.0,3124.299065420561
Other,1070.0,2,5200000.0,4859.813084112149
Other,1415.0,2,12000000.0,8480.565371024735
Other,1750.0,3,5800000.0,3314.285714285714
Other,1537.0,3,8100000.0,5270.006506180872
Other,1255.0,3,6000000.0,4780.876494023904
Other,2400.0,3,18500000.0,7708.333333333333
Other,1170.0,2,4551000.0,3889.74358974359
Other,1080.0,2,3800000.0,3518.5185185185187
Other,1025.0,2,6500000.0,6341.463414634146
Other,1020.0,2,7000000.0,6862.745098039216
Other,1155.0,2,6900000.0,5974.025974025974
Other,2600.0,5,37000000.0,14230.76923076923
Other,2030.0,3,18200000.0,8965.51724137931
Other,1555.0,3,6700000.0,4308.681672025724
Other,2900.0,3,32500000.0,11206.896551724138
Other,2180.0,4,11500000.0,5275.229357798165
Other,1050.0,2,3500000.0,3333.3333333333335
Other,1610.0,3,8500000.0,5279.503105590062
Other,1500.0,2,14500000.0,9666.666666666666
Other,3150.0,4,13500000.0,4285.714285714285
Other,1255.0,2,5670000.0,4517.92828685259
Other,600.0,2,2950000.0,4916.666666666667
Other,2597.0,4,18900000.0,7277.628032345014
Other,1410.0,2,7300000.0,5177.304964539007
Other,1150.0,2,4200000.0,3652.1739130434785
Other,1170.0,2,5311000.0,4539.316239316239
Other,1201.0,2,6500000.0,5412.156536219817
Other,660.0,1,3000000.0,4545.454545454545
Other,1286.0,2,4000000.0,3110.419906687403
Other,950.0,2,6500000.0,6842.105263157895
Other,980.0,3,8000000.0,8163.265306122449
Other,1200.0,3,3500000.0,2916.6666666666665
Other,750.0,2,2000000.0,2666.6666666666665
Other,1535.0,3,7200000.0,4690.553745928339
Other,1265.0,2,6800000.0,5375.494071146245
Other,3500.0,4,15000000.0,4285.714285714285
Other,5400.0,4,25000000.0,4629.62962962963
Other,660.0,1,3500000.0,5303.030303030303
Other,1140.0,2,6000000.0,5263.1578947368425
Other,1458.0,3,8700000.0,5967.078189300411
Other,550.0,1,2700000.0,4909.090909090909
Other,1081.0,2,3900000.0,3607.7705827937093
Other,1178.0,2,8000000.0,6791.171477079796
Other,4000.0,7,15000000.0,3750.0
Other,2700.0,4,29500000.0,10925.925925925925
Other,1175.0,2,5286000.0,4498.723404255319
Other,1300.0,2,9500000.0,7307.692307692308
Other,936.0,1,5300000.0,5662.393162393162
Other,1277.0,2,9200000.0,7204.385277995301
Other,1600.0,2,16000000.0,10000.0
Other,1575.0,2,3111000.0,1975.2380952380952
Other,2400.0,5,15000000.0,6250.0
Other,1092.0,2,4900000.0,4487.179487179487
Other,827.0,2,3400000.0,4111.24546553809
Other,800.0,2,3200000.0,4000.0
Other,1055.0,2,4300000.0,4075.829383886256
Other,1839.0,3,16000000.0,8700.380641653072
Other,2760.0,5,14000000.0,5072.463768115942
Other,925.0,2,10000000.0,10810.81081081081
Other,650.0,1,5000000.0,7692.307692307692
Other,2260.0,2,9000000.0,3982.3008849557523
Other,720.0,1,3239000.0,4498.611111111111
Other,2400.0,6,7500000.0,3125.0
Other,1600.0,3,13000000.0,8125.0
Other,1296.0,2,7000000.0,5401.234567901234
Other,1125.0,2,5500000.0,4888.888888888889
Other,1194.0,2,5100000.0,4271.356783919598
Other,3000.0,5,17000000.0,5666.666666666667
Other,2200.0,4,22500000.0,10227.272727272728
Other,1300.0,2,6300000.0,4846.153846153846
Other,1626.6,3,13300000.0,8176.564613303824
Other,1007.0,2,4800000.0,4766.633565044687
Other,1348.0,2,10000000.0,7418.39762611276
Other,1298.0,2,6500000.0,5007.704160246533
Other,1350.0,4,17500000.0,12962.962962962964
Other,1312.0,3,5650000.0,4306.40243902439
Other,760.0,2,3850000.0,5065.789473684211
Other,1182.0,3,6010000.0,5084.602368866328
Other,1053.0,2,4629000.0,4396.011396011396
Other,1035.0,2,5279000.0,5100.48309178744
Other,1410.0,3,9000000.0,6382.978723404255
Other,1469.0,2,9914000.0,6748.8087134104835
Other,1460.0,3,8700000.0,5958.904109589041
Other,3000.0,3,26500000.0,8833.333333333334
Other,1200.0,3,12000000.0,10000.0
Other,967.0,2,4780000.0,4943.1230610134435
Other,1798.0,3,7300000.0,4060.066740823137
Other,2098.0,3,21000000.0,10009.532888465204
Other,2400.0,3,27000000.0,11250.0
Other,1800.0,3,19200000.0,10666.666666666666
Other,509.0,1,2000000.0,3929.2730844793714
Other,3535.0,4,21500000.0,6082.036775106082
Other,1800.0,4,8200000.0,4555.555555555556
Other,1397.0,3,5200000.0,3722.2619899785254
Other,2350.0,5,32500000.0,13829.787234042553
Other,2050.0,3,13500000.0,6585.365853658536
Other,2100.0,2,20000000.0,9523.809523809523
Other,1276.0,2,14600000.0,11442.006269592477
Other,1339.0,2,5356000.0,4000.0
Other,1305.0,2,5200000.0,3984.6743295019155
Other,1600.0,3,10000000.0,6250.0
Other,2100.0,4,28000000.0,13333.333333333334
Other,2300.0,3,6900000.0,3000.0
Other,2100.0,3,27000000.0,12857.142857142857
Other,850.0,2,4250000.0,5000.0
Other,1150.0,2,3900000.0,3391.304347826087
Other,3500.0,4,32000000.0,9142.857142857143
Other,1545.0,3,6500000.0,4207.119741100324
Other,1540.0,3,15000000.0,9740.25974025974
Other,3200.0,4,27000000.0,8437.5
Other,1165.0,2,6500000.0,5579.399141630901
Other,1200.0,2,4200000.0,3500.0
Other,1300.0,2,5800000.0,4461.538461538462
Other,1645.0,3,8700000.0,5288.753799392097
Other,2700.0,6,11000000.0,4074.074074074074
Other,1305.0,3,4568000.0,3500.383141762452
Other,1255.0,2,6500000.0,5179.282868525896
Other,800.0,2,9500000.0,11875.0
Other,1650.0,4,14000000.0,8484.848484848484
Other,1100.0,2,3850000.0,3500.0
Other,1936.0,3,13900000.0,7179.752066115702
Other,935.0,2,4000000.0,4278.07486631016
Other,1400.0,3,4043000.0,2887.8571428571427
Other,1200.0,1,6500000.0,5416.666666666667
Other,2045.0,3,10800000.0,5281.173594132029
Other,1410.0,3,5400000.0,3829.7872340425533
Other,1310.0,2,8800000.0,6717.557251908397
Other,2000.0,5,24000000.0,12000.0
Other,4500.0,4,34500000.0,7666.666666666667
Other,3155.0,3,31600000.0,10015.847860538826
Other,1441.0,2,11500000.0,7980.569049271339
Other,418.0,1,1700000.0,4066.9856459330144
Other,1500.0,3,20000000.0,13333.333333333334
Other,675.0,2,1350000.0,2000.0
Other,610.0,1,2800000.0,4590.163934426229
Other,2400.0,6,10700000.0,4458.333333333333
Other,1864.0,3,12000000.0,6437.768240343347
Other,950.0,2,5700000.0,6000.0
Other,985.0,2,4500000.0,4568.527918781726
Other,1100.0,2,6200000.0,5636.363636363636
Other,1530.0,4,8700000.0,5686.274509803921
Other,2400.0,4,10800000.0,4500.0
Other,3600.0,6,17000000.0,4722.222222222223
Other,1279.0,2,10000000.0,7818.608287724785
Other,1525.0,3,6863000.0,4500.327868852459
Other,900.0,2,2500000.0,2777.777777777778
Other,1200.0,4,3500000.0,2916.6666666666665
Other,1185.0,2,4266000.0,3600.0
Other,1600.0,3,12000000.0,7500.0
Other,1120.0,2,6000000.0,5357.142857142857
Other,5100.0,6,22500000.0,4411.764705882353
Other,1286.0,1,17000000.0,13219.284603421462
Other,1308.0,2,8600000.0,6574.923547400612
Other,2170.0,4,26500000.0,12211.981566820277
Other,1500.0,5,21000000.0,14000.0
Other,1347.0,3,5500000.0,4083.147735708983
Other,4000.0,7,9000000.0,2250.0
Other,1200.0,2,7800000.0,6500.0
Other,2180.0,3,27300000.0,12522.935779816513
Other,1449.0,3,7200000.0,4968.944099378882
Other,1100.0,2,3868000.0,3516.3636363636365
Other,3300.0,8,31000000.0,9393.939393939394
Other,1350.0,2,8950000.0,6629.62962962963
Other,2312.0,3,15600000.0,6747.404844290658
Other,1175.0,2,7000000.0,5957.446808510638
Other,1145.0,2,5100000.0,4454.14847161572
Other,1690.0,3,5000000.0,2958.579881656805
Other,1386.0,4,9300000.0,6709.95670995671
Other,1090.0,2,3200000.0,2935.7798165137615
Other,2400.0,3,5000000.0,2083.3333333333335
Other,2800.0,3,40000000.0,14285.714285714286
Other,1559.0,3,6200000.0,3976.9082745349583
Other,6652.0,4,51000000.0,7666.867107636801
Other,1060.0,2,5200000.0,4905.66037735849
Other,2500.0,3,30000000.0,12000.0
Other,1500.0,3,12000000.0,8000.0
Other,1700.0,4,5500000.0,3235.294117647059
Other,3150.0,4,18000000.0,5714.285714285715
Other,3520.0,5,46000000.0,13068.181818181818
Other,1330.0,3,6800000.0,5112.7819548872185
Other,927.0,2,3700000.0,3991.3700107874865
Other,760.0,2,3749000.0,4932.894736842105
Other,3800.0,6,39000000.0,10263.157894736842
Other,410.0,1,4800000.0,11707.317073170732
Other,880.0,2,9000000.0,10227.272727272728
Other,1250.0,3,4200000.0,3360.0
Other,1280.0,2,6848000.0,5350.0
Other,1065.0,3,7200000.0,6760.56338028169
Other,3200.0,3,14000000.0,4375.0
Other,1250.0,3,7713000.0,6170.4
Other,1475.0,3,7500000.0,5084.745762711865
Other,2100.0,4,21000000.0,10000.0
Other,1330.0,3,6500000.0,4887.2180451127815
Other,7000.0,6,56000000.0,8000.0
Other,1525.0,3,6500000.0,4262.295081967213
Other,1220.0,2,7200000.0,5901.639344262295
Other,1500.0,2,6000000.0,4000.0
Other,2500.0,3,6500000.0,2600.0
Other,1884.0,3,9500000.0,5042.462845010616
Other,4800.0,4,35000000.0,7291.666666666667
Other,1700.0,3,7400000.0,4352.941176470588
Other,1200.0,3,11000000.0,9166.666666666666
Other,1286.0,3,8000000.0,6220.839813374806
Other,1495.0,3,6300000.0,4214.046822742475
Other,1250.0,2,7500000.0,6000.0
Other,1230.0,2,5000000.0,4065.040650406504
Other,1275.0,2,5900000.0,4627.450980392156
Other,1040.0,2,3640000.0,3500.0
Other,648.0,1,4000000.0,6172.83950617284
Other,4209.0,4,60200000.0,14302.684723212164
Other,1320.0,3,5800000.0,4393.939393939394
Other,1480.0,3,7548000.0,5100.0
Other,500.0,1,1300000.0,2600.0
Other,2400.0,5,32500000.0,13541.666666666666
Other,1128.0,2,4840000.0,4290.780141843971
Other,1180.0,2,6500000.0,5508.474576271186
Other,1200.0,2,6000000.0,5000.0
Other,975.0,2,5500000.0,5641.025641025641
Other,1190.0,2,4200000.0,3529.4117647058824
Other,1275.0,2,5500000.0,4313.725490196079
Other,1115.0,2,11500000.0,10313.90134529148
Other,1170.0,2,3900000.0,3333.3333333333335
Other,1070.0,2,5000000.0,4672.897196261682
Other,1532.0,3,5975000.0,3900.1305483028723
Other,1150.0,2,4600000.0,4000.0
Other,1495.0,3,9000000.0,6020.066889632107
Other,1053.0,2,5100000.0,4843.304843304843
Other,1200.0,4,7500000.0,6250.0
Other,830.0,2,2600000.0,3132.5301204819275
Other,2750.0,6,20000000.0,7272.727272727273
Other,660.0,2,7600000.0,11515.151515151516
Other,1470.0,3,6000000.0,4081.6326530612246
Other,1275.0,2,7600000.0,5960.78431372549
Other,1602.0,3,5600000.0,3495.6304619225966
Other,793.0,1,4000000.0,5044.136191677176
Other,1555.0,3,7300000.0,4694.5337620578775
Other,1630.0,3,13000000.0,7975.460122699386
Other,1563.0,3,6300000.0,4030.7101727447216
Other,1344.0,4,8400000.0,6250.0
Other,3000.0,3,40000000.0,13333.333333333334
Other,1200.0,2,8200000.0,6833.333333333333
Other,1419.0,3,8500000.0,5990.133897110642
Other,1195.0,2,4240000.0,3548.1171548117154
Other,2020.0,3,27000000.0,13366.336633663366
Other,850.0,1,5000000.0,5882.35294117647
Other,933.0,2,5500000.0,5894.962486602358
Other,865.0,2,3300000.0,3815.0289017341042
Other,1145.0,3,6000000.0,5240.174672489083
Other,823.0,2,8000000.0,9720.534629404618
Other,1025.0,2,4800000.0,4682.926829268293
Other,750.0,2,4000000.0,5333.333333333333
Other,1300.0,3,4600000.0,3538.4615384615386
Other,2150.0,3,17000000.0,7906.976744186047
Other,2200.0,3,19000000.0,8636.363636363636
Other,1368.0,2,8700000.0,6359.649122807017
Other,1507.0,3,8000000.0,5308.560053085601
Other,1160.0,2,5700000.0,4913.793103448276
Other,1175.0,2,8300000.0,7063.829787234043
Other,6729.0,3,90000000.0,13374.944271065537
Other,893.0,2,3450000.0,3863.3818589025755
Other,1400.0,3,9800000.0,7000.0
Other,1138.0,2,3200000.0,2811.95079086116
Other,1410.0,3,4371000.0,3100.0
Other,1052.0,2,5200000.0,4942.9657794676805
Other,2240.0,3,30000000.0,13392.857142857143
Other,1300.0,3,4225000.0,3250.0
Other,1300.0,3,6000000.0,4615.384615384615
Other,1520.0,3,16500000.0,10855.263157894737
Other,1567.0,3,6200000.0,3956.6049776643267
Other,2360.0,4,18500000.0,7838.983050847458
Other,1760.0,3,9000000.0,5113.636363636364
Other,1100.0,2,5850000.0,5318.181818181818
Other,1236.0,2,5000000.0,4045.3074433656957
Other,600.0,2,7000000.0,11666.666666666666
Other,800.0,2,4500000.0,5625.0
Other,1200.0,4,12000000.0,10000.0
Other,1892.0,3,20000000.0,10570.824524312897
Other,1095.0,2,3900000.0,3561.6438356164385
Other,1200.0,3,5653000.0,4710.833333333333
Other,1681.0,3,6900000.0,4104.699583581201
Other,2100.0,5,14500000.0,6904.761904761905
Other,1269.0,2,9700000.0,7643.81402679275
Other,1025.0,2,3997999.9999999995,3900.4878048780483
Other,1353.0,3,11000000.0,8130.081300813008
Other,1200.0,2,6800000.0,5666.666666666667
Other,1250.0,3,7000000.0,5600.0
Other,1950.2,3,26100000.0,13383.242744333915
Other,2171.66,3,29800000.0,13722.221710580847
Other,900.0,2,4000000.0,4444.444444444444
Other,540.0,1,2200000.0,4074.074074074074
Other,1950.2,3,19300000.0,9896.420879909752
Other,1013.0,2,6000000.0,5923.000987166831
Other,2100.0,3,22000000.0,10476.190476190477
Other,1600.0,3,7700000.0,4812.5
Other,1190.0,2,4800000.0,4033.6134453781515
Other,1625.0,3,9500000.0,5846.153846153846
Other,1210.0,2,5300000.0,4380.165289256199
Other,930.0,2,5500000.0,5913.978494623656
Other,1053.0,2,4400000.0,4178.537511870845
Other,1325.0,3,5600000.0,4226.415094339623
Other,1169.0,2,5011000.0,4286.569717707443
Other,1274.0,2,9000000.0,7064.36420722135
Other,2400.0,4,18500000.0,7708.333333333333
Other,1070.0,2,3800000.0,3551.4018691588785
Other,1427.0,3,8500000.0,5956.552207428171
Other,2031.0,2,20000000.0,9847.365829640572
Other,2000.0,4,18000000.0,9000.0
Other,1062.0,2,5000000.0,4708.097928436911
Other,700.0,1,2550000.0,3642.8571428571427
Other,1200.0,2,11500000.0,9583.333333333334
Other,1650.0,5,20000000.0,12121.212121212122
Other,1150.0,2,9000000.0,7826.086956521739
Other,595.0,1,4000000.0,6722.689075630252
Other,3750.0,4,19000000.0,5066.666666666667
Other,5480.0,3,40000000.0,7299.270072992701
Other,1300.0,2,3300000.0,2538.4615384615386
Other,1250.0,3,5400000.0,4320.0
Other,1425.0,3,6500000.0,4561.403508771929
Other,3700.0,4,40000000.0,10810.81081081081
Other,1625.0,3,15000000.0,9230.76923076923
Other,1150.0,2,4700000.0,4086.9565217391305
Other,1515.0,3,8050000.0,5313.531353135313
Other,1115.0,3,3914000.0,3510.3139013452915
Other,2505.0,3,16500000.0,6586.826347305389
Other,1705.0,3,8696000.0,5100.2932551319645
Other,1650.0,3,13500000.0,8181.818181818182
Other,925.0,2,6800000.0,7351.351351351352
Other,1190.0,2,4641000.0,3900.0
Other,1750.0,3,10000000.0,5714.285714285715
Other,16335.0,4,14900000.0,912.1518212427303
Other,747.0,1,2700000.0,3614.4578313253014
Other,1113.0,2,5200000.0,4672.057502246182
Other,3500.0,6,11500000.0,3285.714285714286
Other,1720.0,3,9500000.0,5523.2558139534885
Other,500.0,1,5100000.0,10200.0
Other,850.0,2,4500000.0,5294.117647058823
Other,1020.0,2,5200000.0,5098.0392156862745
Other,1005.0,2,4000000.0,3980.0995024875624
Other,1290.0,2,7195000.0,5577.519379844961
Other,1650.0,3,14000000.0,8484.848484848484
Other,1220.0,2,5200000.0,4262.295081967213
Other,3150.0,4,15000000.0,4761.9047619047615
Other,2000.0,5,7500000.0,3750.0
Other,2559.0,1,5500000.0,2149.2770613520906
Other,720.0,1,2800000.0,3888.8888888888887
Other,1100.0,2,9000000.0,8181.818181818182
Other,1220.0,2,6000000.0,4918.0327868852455
Other,1500.0,3,5000000.0,3333.3333333333335
Other,5000.0,4,25000000.0,5000.0
Other,600.0,1,2280000.0,3800.0
Other,540.0,1,2400000.0,4444.444444444444
Other,1650.0,3,7800000.0,4727.272727272727
Other,1250.0,3,4400000.0,3520.0
Other,1154.0,2,5700000.0,4939.341421143848
Other,1057.0,2,4200000.0,3973.5099337748343
Other,980.0,2,3500000.0,3571.4285714285716
Other,1270.0,3,3556000.0,2800.0
Other,1286.0,2,15000000.0,11664.07465007776
Other,1432.0,3,7900000.0,5516.7597765363125
Other,3500.0,4,42500000.0,12142.857142857143
Other,3100.0,4,42500000.0,13709.677419354839
Other,1100.0,3,4500000.0,4090.909090909091
Other,1260.0,2,5500000.0,4365.079365079365
Other,600.0,1,2400000.0,4000.0
Other,1770.0,3,9900000.0,5593.220338983051
Other,1800.0,3,13000000.0,7222.222222222223
Other,1375.0,2,4500000.0,3272.7272727272725
Other,1570.0,3,9500000.0,6050.955414012738
Other,1270.0,2,17200000.0,13543.307086614173
Other,1145.0,2,4400000.0,3842.7947598253277
Other,2700.0,5,15000000.0,5555.555555555556
Other,3210.0,5,35300000.0,10996.884735202491
Other,1165.0,2,4500000.0,3862.6609442060085
Other,1340.0,3,4700000.0,3507.4626865671644
Other,1684.0,3,8600000.0,5106.88836104513
Other,1686.0,3,7700000.0,4567.022538552787
Other,1654.0,3,8200000.0,4957.678355501814
Other,1950.0,3,13200000.0,6769.2307692307695
Other,1600.0,3,10200000.0,6375.0
Other,3290.0,3,46000000.0,13981.76291793313
Other,1088.0,2,4600000.0,4227.941176470588
Other,1800.0,6,10100000.0,5611.111111111111
Other,1100.0,2,6500000.0,5909.090909090909
Other,1035.0,2,5500000.0,5314.009661835748
Other,600.0,2,7200000.0,12000.0
Other,450.0,1,2000000.0,4444.444444444444
Other,1495.0,3,5233000.0,3500.334448160535
Other,1719.0,3,9500000.0,5526.468877254218
Other,1162.0,2,4800000.0,4130.808950086059
Other,540.0,1,2250000.0,4166.666666666667
Other,970.0,2,4500000.0,4639.1752577319585
Other,1084.0,2,5100000.0,4704.79704797048
Other,1360.0,3,7300000.0,5367.64705882353
Other,1182.0,2,6400000.0,5414.551607445009
Other,1350.0,3,12000000.0,8888.888888888889
Other,2292.0,3,28500000.0,12434.554973821989
Other,1945.0,3,13500000.0,6940.874035989717
Other,2710.0,4,14200000.0,5239.852398523985
Other,1075.0,2,5800000.0,5395.3488372093025
Other,1410.0,3,6800000.0,4822.695035460993
Other,1786.0,3,7998999.999999999,4478.723404255318
Other,1369.0,3,7200000.0,5259.313367421476
Other,1418.0,2,6200000.0,4372.3554301833565
Other,1035.0,2,6000000.0,5797.101449275362
Other,1232.0,2,9428000.0,7652.597402597403
Other,980.0,2,4100000.0,4183.673469387755
Other,6652.0,4,66000000.0,9921.828021647625
Other,1307.0,2,5900000.0,4514.154552410099
Other,1215.0,3,4986000.0,4103.7037037037035
Other,1025.0,2,4304000.0,4199.024390243902
Other,2700.0,4,23000000.0,8518.518518518518
Other,1125.0,2,4600000.0,4088.8888888888887
Other,6688.0,4,70000000.0,10466.507177033493
Other,1830.0,3,9500000.0,5191.256830601093
Other,2872.0,4,18300000.0,6371.866295264624
Other,1486.0,3,6500000.0,4374.158815612383
Other,4600.0,9,15000000.0,3260.8695652173915
Other,1100.0,2,6408000.0,5825.454545454545
Other,1975.0,3,9000000.0,4556.962025316456
Other,1600.0,2,9000000.0,5625.0
Other,530.0,1,1800000.0,3396.2264150943397
Other,1010.0,2,4100000.0,4059.4059405940593
Other,1800.0,6,14000000.0,7777.777777777777
Other,1012.0,2,6200000.0,6126.482213438735
Other,1090.0,2,5500000.0,5045.871559633028
Other,1490.0,3,14000000.0,9395.973154362417
Other,1330.0,2,5600000.0,4210.526315789473
Other,1650.0,2,13000000.0,7878.787878787879
Other,745.0,2,3600000.0,4832.214765100671
Other,1155.0,2,6400000.0,5541.1255411255415
Other,1508.0,3,7700000.0,5106.100795755968
Other,1800.0,1,20000000.0,11111.111111111111
Other,1095.0,2,5700000.0,5205.479452054795
Other,1440.0,3,6393000.0,4439.583333333333
Other,1075.0,2,4800000.0,4465.116279069767
Other,3600.0,4,40000000.0,11111.111111111111
Padmanabhanagar,1736.0,4,19000000.0,10944.700460829494
Padmanabhanagar,1020.0,2,6300000.0,6176.470588235294
Padmanabhanagar,1176.0,2,6200000.0,5272.108843537415
Padmanabhanagar,3680.0,5,44000000.0,11956.521739130434
Padmanabhanagar,1258.0,2,11500000.0,9141.494435612083
Padmanabhanagar,1708.0,3,9050000.0,5298.594847775175
Padmanabhanagar,1100.0,2,6500000.0,5909.090909090909
Padmanabhanagar,3400.0,4,21000000.0,6176.470588235294
Padmanabhanagar,1500.0,3,20000000.0,13333.333333333334
Padmanabhanagar,1531.0,3,7500000.0,4898.758981058132
Padmanabhanagar,1400.0,3,6500000.0,4642.857142857143
Padmanabhanagar,1360.0,3,7500000.0,5514.705882352941
Padmanabhanagar,4500.0,3,36000000.0,8000.0
Padmanabhanagar,1200.0,2,6000000.0,5000.0
Padmanabhanagar,1710.0,3,9063000.0,5300.0
Padmanabhanagar,1000.0,2,9000000.0,9000.0
Padmanabhanagar,1067.0,2,5200000.0,4873.477038425492
Padmanabhanagar,1250.0,3,7000000.0,5600.0
Padmanabhanagar,1150.0,2,4500000.0,3913.0434782608695
Padmanabhanagar,1350.0,3,7155000.0,5300.0
Padmanabhanagar,1100.0,2,6000000.0,5454.545454545455
Padmanabhanagar,2051.0,3,18000000.0,8776.206728425159
Padmanabhanagar,2051.0,3,17000000.0,8288.639687957095
Padmanabhanagar,1150.0,2,5000000.0,4347.826086956522
Padmanabhanagar,3000.0,4,35000000.0,11666.666666666666
Padmanabhanagar,4689.0,4,48800000.0,10407.336319044573
Pai Layout,1006.0,2,3500000.0,3479.1252485089462
Pai Layout,1550.0,3,9000000.0,5806.451612903225
Pai Layout,1050.0,2,4000000.0,3809.5238095238096
Pai Layout,1400.0,3,6700000.0,4785.714285714285
Pai Layout,1100.0,2,5000000.0,4545.454545454545
Pai Layout,1255.0,2,8000000.0,6374.501992031873
Pai Layout,1075.0,2,3500000.0,3255.813953488372
Pai Layout,1400.0,2,5750000.0,4107.142857142857
Pai Layout,1175.0,2,6000000.0,5106.382978723404
Pai Layout,810.0,2,3450000.0,4259.259259259259
Pai Layout,1000.0,2,3400000.0,3400.0
Pai Layout,1000.0,2,4200000.0,4200.0
Pai Layout,3800.0,6,17500000.0,4605.263157894737
Pai Layout,1068.0,2,4800000.0,4494.38202247191
Pai Layout,1510.0,3,6500000.0,4304.635761589404
Pai Layout,1500.0,3,5800000.0,3866.6666666666665
Pai Layout,1600.0,3,6500000.0,4062.5
Panathur,1359.0,2,8700000.0,6401.766004415011
Panathur,1438.0,2,10000000.0,6954.102920723227
Panathur,1688.0,3,11800000.0,6990.521327014218
Panathur,1695.0,3,9000000.0,5309.734513274337
Panathur,1315.0,3,5480000.0,4167.300380228137
Panathur,1198.0,2,7700000.0,6427.378964941569
Panathur,1085.0,2,3600000.0,3317.9723502304146
Panathur,1180.0,2,7000000.0,5932.203389830508
Panathur,1193.0,2,8600000.0,7208.717518860017
Panathur,1546.0,3,9900000.0,6403.622250970246
Panathur,1195.0,2,8400000.0,7029.28870292887
Panathur,1370.0,3,6150000.0,4489.051094890511
Panathur,1370.0,3,7500000.0,5474.4525547445255
Panathur,1000.0,2,6530000.0,6530.0
Panathur,1315.0,3,5910000.0,4494.296577946768
Panathur,1109.0,2,6300000.0,5680.793507664563
Panathur,1000.0,2,6800000.0,6800.0
Panathur,1199.0,2,8500000.0,7089.241034195163
Panathur,1255.0,2,7900000.0,6294.820717131474
Panathur,1205.0,2,6290000.0,5219.9170124481325
Panathur,1210.0,2,8500000.0,7024.793388429752
Panathur,1198.0,2,8200000.0,6844.741235392321
Panathur,1199.0,2,8600000.0,7172.643869891576
Panathur,1235.0,2,6500000.0,5263.1578947368425
Panathur,1370.0,3,5480000.0,4000.0
Panathur,1597.0,3,6712000.0,4202.880400751409
Panathur,1580.0,3,7189000.0,4550.0
Panathur,1198.0,2,8626000.0,7200.33388981636
Panathur,1210.0,2,8000000.0,6611.570247933884
Panathur,1140.0,2,5120000.0,4491.228070175439
Panathur,1210.0,2,7700000.0,6363.636363636364
Panathur,1000.0,2,4000000.0,4000.0
Panathur,661.0,1,4000000.0,6051.437216338881
Panathur,1040.0,2,4160000.0,4000.0
Panathur,1713.0,3,12000000.0,7005.253940455342
Panathur,1210.0,2,7800000.0,6446.280991735537
Panathur,1861.0,3,9200000.0,4943.5787211176785
Panathur,1050.0,2,6000000.0,5714.285714285715
Panathur,1398.0,2,9700000.0,6938.483547925608
Panathur,1065.0,2,5800000.0,5446.0093896713615
Panathur,1007.0,2,6400000.0,6355.511420059583
Panathur,1210.0,2,7793000.000000001,6440.495867768595
Panathur,1230.0,2,8000000.0,6504.065040650406
Panathur,1125.0,2,4500000.0,4000.0
Panathur,980.0,2,5700000.0,5816.326530612245
Panathur,1586.0,3,12500000.0,7881.462799495586
Panathur,1075.0,2,6000000.0,5581.395348837209
Panathur,1210.0,2,6900000.0,5702.479338842975
Panathur,1343.0,2,7600000.0,5658.972449739389
Pattandur Agrahara,1550.0,3,8000000.0,5161.290322580645
Pattandur Agrahara,1025.0,2,4450000.0,4341.463414634146
Pattandur Agrahara,1767.0,3,9800000.0,5546.1233729485
Pattandur Agrahara,1247.0,2,5980000.0,4795.50922213312
Pattandur Agrahara,875.0,2,3300000.0,3771.4285714285716
Pattandur Agrahara,900.0,2,4200000.0,4666.666666666667
Pattandur Agrahara,1302.0,2,6600000.0,5069.124423963133
Pattandur Agrahara,797.0,2,3200000.0,4015.056461731493
Pattandur Agrahara,1247.0,2,6235000.0,5000.0
Pattandur Agrahara,1350.0,2,6800000.0,5037.037037037037
Poorna Pragna Layout,920.0,2,3954999.9999999995,4298.91304347826
Poorna Pragna Layout,1475.0,3,5899000.0,3999.322033898305
Poorna Pragna Layout,1270.0,3,5079000.0,3999.212598425197
Poorna Pragna Layout,1160.0,2,4639000.0,3999.137931034483
Poorna Pragna Layout,965.0,2,4800000.0,4974.093264248705
Poorna Pragna Layout,1355.0,3,5825000.0,4298.89298892989
Poorna Pragna Layout,1355.0,3,5827000.0,4300.369003690037
Poorna Pragna Layout,960.0,2,5000000.0,5208.333333333333
Prithvi Layout,2028.0,4,16200000.0,7988.165680473373
Prithvi Layout,1352.0,2,8750000.0,6471.89349112426
Prithvi Layout,1190.0,2,6800000.0,5714.285714285715
Prithvi Layout,1352.0,2,8500000.0,6286.98224852071
Prithvi Layout,1352.0,2,7500000.0,5547.337278106509
Prithvi Layout,2273.0,3,22000000.0,9678.838539375274
Prithvi Layout,1620.0,3,6500000.0,4012.3456790123455
Prithvi Layout,1352.0,2,9300000.0,6878.698224852071
Prithvi Layout,2273.0,3,19200000.0,8446.986361636604
Prithvi Layout,1352.0,2,7200000.0,5325.443786982249
Prithvi Layout,2100.0,3,12500000.0,5952.380952380952
Prithvi Layout,4040.0,4,50000000.0,12376.237623762376
R.T. Nagar,1500.0,4,7000000.0,4666.666666666667
R.T. Nagar,1200.0,2,12000000.0,10000.0
R.T. Nagar,1560.0,3,8500000.0,5448.717948717948
R.T. Nagar,1040.0,2,4600000.0,4423.076923076923
R.T. Nagar,1200.0,2,4500000.0,3750.0
R.T. Nagar,2000.0,4,32000000.0,16000.0
R.T. Nagar,1235.0,2,6500000.0,5263.1578947368425
R.T. Nagar,800.0,2,17000000.0,21250.0
R.T. Nagar,2400.0,5,45000000.0,18750.0
R.T. Nagar,1140.0,3,13000000.0,11403.508771929824
R.T. Nagar,970.0,2,5500000.0,5670.103092783505
R.T. Nagar,1560.0,3,12500000.0,8012.820512820513
R.T. Nagar,1200.0,2,6000000.0,5000.0
R.T. Nagar,1380.0,3,5000000.0,3623.1884057971015
R.T. Nagar,1680.0,3,7200000.0,4285.714285714285
R.T. Nagar,1400.0,3,7800000.0,5571.428571428572
R.T. Nagar,1200.0,3,14000000.0,11666.666666666666
R.T. Nagar,2800.0,4,40000000.0,14285.714285714286
R.T. Nagar,1100.0,2,12500000.0,11363.636363636364
R.T. Nagar,1150.0,2,7200000.0,6260.869565217391
R.T. Nagar,1500.0,2,23000000.0,15333.333333333334
R.T. Nagar,1500.0,4,18500000.0,12333.333333333334
R.T. Nagar,3600.0,9,16500000.0,4583.333333333333
R.T. Nagar,2400.0,3,34800000.0,14500.0
R.T. Nagar,1080.0,2,4800000.0,4444.444444444444
R.T. Nagar,1500.0,2,4500000.0,3000.0
R.T. Nagar,1325.0,2,5200000.0,3924.5283018867926
R.T. Nagar,1800.0,4,12000000.0,6666.666666666667
R.T. Nagar,1300.0,3,14500000.0,11153.846153846154
R.T. Nagar,1500.0,3,7000000.0,4666.666666666667
R.T. Nagar,1100.0,2,8500000.0,7727.272727272727
R.T. Nagar,1667.0,3,13000000.0,7798.440311937612
Rachenahalli,1050.0,2,5207000.0,4959.047619047619
Rachenahalli,1530.0,3,7450000.0,4869.281045751634
Rachenahalli,1050.0,2,5550000.0,5285.714285714285
Rachenahalli,996.0,2,6700000.0,6726.907630522089
Rachenahalli,680.0,1,4400000.0,6470.588235294118
Rachenahalli,1530.0,3,7440000.000000001,4862.745098039216
Rachenahalli,1050.0,2,5350000.0,5095.238095238095
Rachenahalli,1530.0,3,7439000.0,4862.091503267974
Rachenahalli,1220.0,2,5950000.0,4877.049180327869
Rachenahalli,1050.0,2,5250000.0,5000.0
Rachenahalli,1550.0,3,7350000.0,4741.935483870968
Rachenahalli,1204.0,2,3850000.0,3197.6744186046512
Rachenahalli,2721.0,3,11300000.0,4152.884968761485
Rachenahalli,1224.0,2,3920000.0000000005,3202.614379084968
Rachenahalli,1050.0,2,5210000.0,4961.9047619047615
Rachenahalli,440.0,1,2800000.0,6363.636363636364
Rachenahalli,1113.0,2,5500000.0,4941.599281221923
Rachenahalli,3657.0,4,22000000.0,6015.859994531036
Rachenahalli,1550.0,3,7450000.0,4806.451612903225
Rachenahalli,680.0,1,3264000.0,4800.0
Rachenahalli,680.0,1,4600000.0,6764.705882352941
Rachenahalli,1550.0,3,7250000.0,4677.419354838709
Rachenahalli,690.0,1,3979999.9999999995,5768.115942028985
Rachenahalli,1200.0,2,5000000.0,4166.666666666667
Rachenahalli,1050.0,2,4725000.0,4500.0
Rachenahalli,1100.0,2,6800000.0,6181.818181818182
Rachenahalli,985.0,2,4997000.0,5073.096446700508
Rachenahalli,1050.0,2,5208000.0,4960.0
Rachenahalli,2710.0,3,17000000.0,6273.062730627306
Rachenahalli,1200.0,2,4650000.0,3875.0
Rachenahalli,1856.0,3,10600000.0,5711.206896551724
Rachenahalli,1167.0,2,3750000.0,3213.367609254499
Rachenahalli,985.0,2,5017000.0,5093.401015228426
Rachenahalli,925.0,2,3700000.0,4000.0
Rachenahalli,2600.0,3,16000000.0,6153.846153846154
Rachenahalli,1756.0,3,11000000.0,6264.236902050114
Rachenahalli,1550.0,3,6850000.0,4419.354838709677
Rachenahalli,1050.0,2,5271000.0,5020.0
Raja Rajeshwari Nagar,1540.0,3,6000000.0,3896.103896103896
Raja Rajeshwari Nagar,1693.0,3,5739000.0,3389.84051978736
Raja Rajeshwari Nagar,1295.0,2,4390000.0,3389.96138996139
Raja Rajeshwari Nagar,1145.0,2,4579000.0,3999.126637554585
Raja Rajeshwari Nagar,1419.0,2,4810000.0,3389.7110641296686
Raja Rajeshwari Nagar,1295.0,2,5547000.0,4283.397683397683
Raja Rajeshwari Nagar,1133.0,2,4907000.0,4330.979699911739
Raja Rajeshwari Nagar,1090.0,2,4200000.0,3853.211009174312
Raja Rajeshwari Nagar,1260.0,2,6739000.0,5348.412698412699
Raja Rajeshwari Nagar,1141.0,2,3854999.9999999995,3378.6152497808935
Raja Rajeshwari Nagar,1140.0,2,4939000.0,4332.456140350877
Raja Rajeshwari Nagar,1303.0,2,5579000.0,4281.657712970069
Raja Rajeshwari Nagar,600.0,1,2200000.0,3666.6666666666665
Raja Rajeshwari Nagar,1278.0,3,5376000.0,4206.572769953052
Raja Rajeshwari Nagar,500.0,1,2500000.0,5000.0
Raja Rajeshwari Nagar,1143.0,2,3865000.0,3381.4523184601926
Raja Rajeshwari Nagar,1610.0,3,7400000.0,4596.273291925466
Raja Rajeshwari Nagar,1105.0,2,6500000.0,5882.35294117647
Raja Rajeshwari Nagar,1258.0,2,6353000.0,5050.079491255962
Raja Rajeshwari Nagar,1128.0,2,3824000.0,3390.0709219858154
Raja Rajeshwari Nagar,1157.0,2,5380000.0,4649.956784788245
Raja Rajeshwari Nagar,1185.0,2,4739000.0,3999.15611814346
Raja Rajeshwari Nagar,1530.0,3,5700000.0,3725.4901960784314
Raja Rajeshwari Nagar,1530.0,3,6120000.0,4000.0
Raja Rajeshwari Nagar,1030.0,2,5000000.0,4854.368932038835
Raja Rajeshwari Nagar,1144.0,2,3854999.9999999995,3369.7552447552443
Raja Rajeshwari Nagar,1196.0,2,5151000.0,4306.8561872909695
Raja Rajeshwari Nagar,1570.0,3,8800000.0,5605.095541401274
Raja Rajeshwari Nagar,1168.0,2,6100000.0,5222.602739726028
Raja Rajeshwari Nagar,1306.0,2,5591000.0,4281.010719754977
Raja Rajeshwari Nagar,1608.0,3,6798000.0,4227.611940298508
Raja Rajeshwari Nagar,1530.0,3,5187000.0,3390.1960784313724
Raja Rajeshwari Nagar,1575.0,3,7800000.0,4952.380952380952
Raja Rajeshwari Nagar,1200.0,2,3500000.0,2916.6666666666665
Raja Rajeshwari Nagar,1151.0,2,3902000.0000000005,3390.095569070374
Raja Rajeshwari Nagar,1570.0,3,6500000.0,4140.127388535032
Raja Rajeshwari Nagar,1580.0,3,5356000.0,3389.8734177215188
Raja Rajeshwari Nagar,1196.0,2,5115000.0,4276.755852842809
Raja Rajeshwari Nagar,1419.0,2,4800000.0,3382.663847780127
Raja Rajeshwari Nagar,1560.0,3,6240000.0,4000.0
Raja Rajeshwari Nagar,1295.0,2,7000000.0,5405.405405405405
Raja Rajeshwari Nagar,648.0,1,3175000.0,4899.691358024691
Raja Rajeshwari Nagar,1100.0,2,5500000.0,5000.0
Raja Rajeshwari Nagar,1140.0,2,3854999.9999999995,3381.578947368421
Raja Rajeshwari Nagar,1090.0,2,4359000.0,3999.0825688073396
Raja Rajeshwari Nagar,1530.0,3,5177000.0,3383.6601307189544
Raja Rajeshwari Nagar,1023.0,2,4200000.0,4105.571847507332
Raja Rajeshwari Nagar,1070.0,2,5000000.0,4672.897196261682
Raja Rajeshwari Nagar,1510.0,3,5900000.0,3907.2847682119204
Raja Rajeshwari Nagar,4800.0,8,22500000.0,4687.5
Raja Rajeshwari Nagar,1128.0,2,4879000.0,4325.354609929078
Raja Rajeshwari Nagar,1267.0,2,4285000.0,3382.004735595896
Raja Rajeshwari Nagar,550.0,1,2100000.0,3818.181818181818
Raja Rajeshwari Nagar,1120.0,2,3795000.0000000005,3388.3928571428573
Raja Rajeshwari Nagar,1608.0,2,8500000.0,5286.0696517412935
Raja Rajeshwari Nagar,1210.0,2,4500000.0,3719.00826446281
Raja Rajeshwari Nagar,1240.0,2,5327000.0,4295.967741935484
Raja Rajeshwari Nagar,1395.0,3,7200000.0,5161.290322580645
Raja Rajeshwari Nagar,1165.0,2,4500000.0,3862.6609442060085
Raja Rajeshwari Nagar,1288.0,3,7000000.0,5434.782608695652
Raja Rajeshwari Nagar,1120.0,2,3797000.0,3390.1785714285716
Raja Rajeshwari Nagar,1140.0,2,3865000.0,3390.3508771929824
Raja Rajeshwari Nagar,1095.0,2,3833000.0,3500.4566210045664
Raja Rajeshwari Nagar,1420.0,3,6000000.0,4225.352112676056
Raja Rajeshwari Nagar,1303.0,2,4417000.0,3389.869531849578
Raja Rajeshwari Nagar,1185.0,2,4017000.0,3389.8734177215188
Raja Rajeshwari Nagar,1140.0,2,4927000.0,4321.929824561404
Raja Rajeshwari Nagar,1430.0,3,5000000.0,3496.5034965034965
Raja Rajeshwari Nagar,1235.0,2,7500000.0,6072.8744939271255
Raja Rajeshwari Nagar,1280.0,3,5760000.0,4500.0
Raja Rajeshwari Nagar,1162.0,2,6500000.0,5593.803786574871
Raja Rajeshwari Nagar,1133.0,2,3840999.9999999995,3390.114739629302
Raja Rajeshwari Nagar,1151.0,2,4900000.0,4257.167680278019
Raja Rajeshwari Nagar,1267.0,2,5435000.0,4289.6606156274665
Raja Rajeshwari Nagar,1550.0,3,5245000.0,3383.8709677419356
Raja Rajeshwari Nagar,1100.0,2,5000000.0,4545.454545454545
Raja Rajeshwari Nagar,1751.0,3,7200000.0,4111.936036550543
Raja Rajeshwari Nagar,1306.0,2,4417000.0,3382.08269525268
Raja Rajeshwari Nagar,1196.0,2,4044000.0,3381.2709030100336
Raja Rajeshwari Nagar,1178.0,2,7500000.0,6366.723259762309
Raja Rajeshwari Nagar,3000.0,3,6000000.0,2000.0
Raja Rajeshwari Nagar,1128.0,2,4000000.0,3546.099290780142
Raja Rajeshwari Nagar,1151.0,2,3900000.0,3388.3579496090356
Raja Rajeshwari Nagar,1375.0,3,5499000.0,3999.2727272727275
Raja Rajeshwari Nagar,1525.0,3,9913000.0,6500.327868852459
Raja Rajeshwari Nagar,1060.0,2,4800000.0,4528.301886792453
Raja Rajeshwari Nagar,3900.0,6,19500000.0,5000.0
Raja Rajeshwari Nagar,1400.0,3,4800000.0,3428.5714285714284
Raja Rajeshwari Nagar,1170.0,2,5000000.0,4273.504273504273
Raja Rajeshwari Nagar,1625.0,3,5400000.0,3323.076923076923
Raja Rajeshwari Nagar,1185.0,2,5115000.0,4316.455696202532
Raja Rajeshwari Nagar,1255.0,2,5387000.0,4292.4302788844625
Raja Rajeshwari Nagar,1419.0,2,6042000.0,4257.928118393234
Raja Rajeshwari Nagar,1693.0,3,7138000.0,4216.184288245718
Raja Rajeshwari Nagar,3600.0,9,24000000.0,6666.666666666667
Raja Rajeshwari Nagar,1196.0,2,4054000.0,3389.632107023411
Raja Rajeshwari Nagar,1630.0,3,6065000.0,3720.8588957055213
Raja Rajeshwari Nagar,1531.0,3,5177000.0,3381.4500326583934
Raja Rajeshwari Nagar,1160.0,2,7000000.0,6034.482758620689
Raja Rajeshwari Nagar,1133.0,2,3836999.9999999995,3386.5842894969105
Raja Rajeshwari Nagar,1140.0,2,4870000.0,4271.929824561404
Raja Rajeshwari Nagar,1133.0,2,4000000.0,3530.45013239188
Raja Rajeshwari Nagar,1510.0,3,5500000.0,3642.384105960265
Raja Rajeshwari Nagar,1550.0,3,8680000.0,5600.0
Raja Rajeshwari Nagar,1400.0,2,4500000.0,3214.285714285714
Raja Rajeshwari Nagar,1110.0,2,5200000.0,4684.684684684685
Raja Rajeshwari Nagar,1580.0,3,8373999.999999999,5299.999999999999
Raja Rajeshwari Nagar,1608.0,3,5451000.0,3389.9253731343283
Raja Rajeshwari Nagar,1640.0,3,8680000.0,5292.682926829269
Raja Rajeshwari Nagar,1500.0,3,5104000.0,3402.6666666666665
Raja Rajeshwari Nagar,1279.0,3,5376000.0,4203.283815480844
Raja Rajeshwari Nagar,1240.0,2,4054000.0,3269.3548387096776
Raja Rajeshwari Nagar,1090.0,2,5700000.0,5229.357798165138
Raja Rajeshwari Nagar,1240.0,2,4204000.0,3390.3225806451615
Raja Rajeshwari Nagar,1757.0,3,9800000.0,5577.689243027889
Raja Rajeshwari Nagar,1530.0,3,6400000.0,4183.006535947712
Raja Rajeshwari Nagar,1587.0,3,7380000.0,4650.283553875236
Raja Rajeshwari Nagar,1529.0,3,5177000.0,3385.8731196860695
Raja Rajeshwari Nagar,1450.0,3,6700000.0,4620.689655172414
Raja Rajeshwari Nagar,945.0,2,4500000.0,4761.9047619047615
Raja Rajeshwari Nagar,1303.0,2,5578000.0,4280.890253261704
Raja Rajeshwari Nagar,3450.0,8,22500000.0,6521.739130434783
Raja Rajeshwari Nagar,1700.0,3,8600000.0,5058.823529411765
Raja Rajeshwari Nagar,1270.0,2,6200000.0,4881.889763779527
Raja Rajeshwari Nagar,1250.0,2,6800000.0,5440.0
Raja Rajeshwari Nagar,1260.0,3,6200000.0,4920.6349206349205
Raja Rajeshwari Nagar,1580.0,3,6684999.999999999,4231.012658227847
Raja Rajeshwari Nagar,1050.0,2,3700000.0,3523.809523809524
Raja Rajeshwari Nagar,1021.0,3,5900000.0,5778.648383937317
Raja Rajeshwari Nagar,1500.0,3,8800000.0,5866.666666666667
Raja Rajeshwari Nagar,1168.0,2,6600000.0,5650.684931506849
Raja Rajeshwari Nagar,1400.0,3,8600000.0,6142.857142857143
Raja Rajeshwari Nagar,1157.0,2,6500000.0,5617.9775280898875
Raja Rajeshwari Nagar,1206.0,2,4070000.0000000005,3374.7927031509125
Raja Rajeshwari Nagar,1000.0,2,5000000.0,5000.0
Raja Rajeshwari Nagar,1485.0,3,6300000.0,4242.424242424242
Raja Rajeshwari Nagar,1335.0,3,5600000.0,4194.756554307116
Raja Rajeshwari Nagar,1571.0,3,5312000.0,3381.285805219605
Raja Rajeshwari Nagar,1255.0,2,4254000.0,3389.641434262948
Raja Rajeshwari Nagar,1530.0,3,6486000.0,4239.21568627451
Raja Rajeshwari Nagar,1850.0,3,9800000.0,5297.2972972972975
Raja Rajeshwari Nagar,1140.0,2,4400000.0,3859.6491228070176
Raja Rajeshwari Nagar,6000.0,8,21500000.0,3583.3333333333335
Raja Rajeshwari Nagar,1140.0,2,3900000.0,3421.0526315789475
Raja Rajeshwari Nagar,510.0,1,2200000.0,4313.725490196079
Raja Rajeshwari Nagar,1187.0,2,4014000.0,3381.6343723673126
Raja Rajeshwari Nagar,1141.0,2,6000000.0,5258.545135845749
Rajaji Nagar,3300.0,4,60000000.0,18181.81818181818
Rajaji Nagar,1640.0,3,22900000.0,13963.414634146342
Rajaji Nagar,2390.0,3,41500000.0,17364.016736401674
Rajaji Nagar,2390.0,3,41000000.0,17154.81171548117
Rajaji Nagar,12000.0,7,220000000.0,18333.333333333332
Rajaji Nagar,1725.0,3,20000000.0,11594.202898550724
Rajaji Nagar,1357.0,2,11500000.0,8474.57627118644
Rajaji Nagar,1621.0,3,13000000.0,8019.740900678594
Rajaji Nagar,3516.0,4,54000000.0,15358.361774744028
Rajaji Nagar,1640.0,3,22300000.0,13597.560975609756
Rajaji Nagar,3526.0,4,49200000.0,13953.488372093023
Rajaji Nagar,1800.0,6,32400000.0,18000.0
Rajaji Nagar,3526.0,4,55800000.0,15825.2977878616
Rajaji Nagar,3539.5,4,42450000.0,11993.21938126854
Rajaji Nagar,2849.0,5,30000000.0,10530.01053001053
Rajaji Nagar,1800.0,3,26000000.0,14444.444444444445
Rajaji Nagar,3100.0,4,57000000.0,18387.09677419355
Rajaji Nagar,1640.0,3,24100000.0,14695.121951219513
Rajaji Nagar,1370.0,2,17000000.0,12408.759124087592
Rajaji Nagar,1216.0,2,9716000.0,7990.131578947368
Rajaji Nagar,2409.0,3,36000000.0,14943.960149439601
Rajaji Nagar,3436.0,4,47500000.0,13824.214202561117
Rajaji Nagar,1718.0,2,28800000.0,16763.678696158324
Rajaji Nagar,2386.0,3,33400000.0,13998.323554065382
Rajaji Nagar,3436.0,4,50000000.0,14551.804423748545
Rajaji Nagar,1200.0,2,15000000.0,12500.0
Rajaji Nagar,1160.0,2,16300000.0,14051.724137931034
Rajaji Nagar,5000.0,4,37500000.0,7500.0
Rajaji Nagar,1222.0,2,11200000.0,9165.302782324059
Rajaji Nagar,1263.0,2,10700000.0,8471.892319873317
Rajaji Nagar,660.0,1,7500000.0,11363.636363636364
Rajaji Nagar,1538.0,5,30000000.0,19505.85175552666
Rajaji Nagar,1440.0,2,17000000.0,11805.555555555555
Rajaji Nagar,2448.0,3,40000000.0,16339.869281045752
Rajaji Nagar,1440.0,2,18500000.0,12847.222222222223
Rajaji Nagar,1640.0,3,23000000.0,14024.390243902439
Rajaji Nagar,2648.0,4,25150000.0,9497.73413897281
Rajaji Nagar,3730.0,4,37000000.0,9919.571045576407
Rajaji Nagar,1800.0,3,25000000.0,13888.888888888889
Rajaji Nagar,3100.0,4,55000000.0,17741.935483870966
Rajaji Nagar,3526.0,4,59800000.0,16959.727736812252
Rajaji Nagar,1357.0,2,13000000.0,9579.955784819454
Rajaji Nagar,2300.0,3,36900000.0,16043.478260869566
Rajaji Nagar,1640.0,3,22000000.0,13414.634146341463
Rajaji Nagar,2500.0,3,35000000.0,14000.0
Rajaji Nagar,7500.0,5,170000000.0,22666.666666666668
Rajaji Nagar,1615.0,3,17500000.0,10835.913312693498
Rajaji Nagar,1776.0,3,19000000.0,10698.198198198199
Rajaji Nagar,2559.0,3,40300000.0,15748.339194998047
Rajaji Nagar,1763.0,2,26200000.0,14861.032331253546
Rajaji Nagar,1613.0,3,15000000.0,9299.442033477992
Rajaji Nagar,1380.0,3,13000000.0,9420.289855072464
Rajaji Nagar,2400.0,5,32000000.0,13333.333333333334
Rajaji Nagar,1210.0,3,8100000.0,6694.214876033057
Rajaji Nagar,1800.0,3,24000000.0,13333.333333333334
Rajaji Nagar,2533.0,3,42500000.0,16778.523489932886
Rajaji Nagar,720.0,2,6500000.0,9027.777777777777
Rajaji Nagar,3000.0,6,25000000.0,8333.333333333334
Rajaji Nagar,1268.0,2,12700000.0,10015.77287066246
Rajaji Nagar,2450.0,3,33000000.0,13469.387755102041
Rajaji Nagar,1640.0,3,26200000.0,15975.609756097561
Rajaji Nagar,1600.0,4,14000000.0,8750.0
Rajaji Nagar,1200.0,2,20000000.0,16666.666666666668
Rajaji Nagar,3900.0,6,26000000.0,6666.666666666667
Rajaji Nagar,2367.0,3,37500000.0,15842.839036755386
Rajaji Nagar,2440.0,4,41500000.0,17008.196721311477
Rajaji Nagar,6500.0,4,140000000.0,21538.46153846154
Rajaji Nagar,1640.0,3,25100000.0,15304.878048780487
Rajaji Nagar,2733.0,4,25900000.0,9476.765459202341
Rajaji Nagar,1056.0,2,25000000.0,23674.242424242424
Rajaji Nagar,1500.0,3,9900000.0,6600.0
Rajaji Nagar,1640.0,3,26800000.0,16341.463414634147
Rajaji Nagar,1621.0,3,12400000.0,7649.599012954966
Rajaji Nagar,1222.0,2,9800000.0,8019.639934533551
Rajaji Nagar,7514.0,5,150000000.0,19962.736225712004
Rajaji Nagar,2367.0,3,34000000.0,14364.17405999155
Rajaji Nagar,1555.0,3,12500000.0,8038.585209003216
Rajaji Nagar,1720.0,3,22400000.0,13023.255813953489
Rajaji Nagar,3600.0,5,51000000.0,14166.666666666666
Rajaji Nagar,1350.0,4,23000000.0,17037.037037037036
Rajaji Nagar,1376.0,2,12400000.0,9011.627906976744
Rajaji Nagar,1700.0,3,20000000.0,11764.70588235294
Rajaji Nagar,1200.0,2,7000000.0,5833.333333333333
Rajaji Nagar,1357.0,2,12300000.0,9064.112011790714
Rajaji Nagar,1260.0,2,11300000.0,8968.253968253968
Rajaji Nagar,2300.0,3,24000000.0,10434.782608695652
Rajaji Nagar,2400.0,5,40800000.0,17000.0
Rajaji Nagar,2500.0,3,34000000.0,13600.0
Rajaji Nagar,2390.0,3,37200000.0,15564.853556485356
Rajaji Nagar,2415.0,3,39900000.0,16521.739130434784
Rajaji Nagar,1718.0,2,27500000.0,16006.9848661234
Rajaji Nagar,1763.0,2,24000000.0,13613.159387407828
Rajaji Nagar,2367.0,3,32000000.0,13519.22264469793
Rajaji Nagar,2409.0,3,39500000.0,16396.84516396845
Rajaji Nagar,1224.0,2,10500000.0,8578.43137254902
Rajaji Nagar,2500.0,5,65000000.0,26000.0
Rajaji Nagar,1314.0,2,22500000.0,17123.287671232876
Rajaji Nagar,1440.0,2,16500000.0,11458.333333333334
Rajaji Nagar,1640.0,3,24500000.0,14939.024390243903
Rajiv Nagar,1867.0,3,16000000.0,8569.89823245849
Rajiv Nagar,1690.0,3,12500000.0,7396.449704142012
Rajiv Nagar,1263.0,2,9332000.0,7388.756927949327
Rajiv Nagar,2340.0,4,14800000.0,6324.786324786325
Rajiv Nagar,2340.0,4,12900000.0,5512.820512820513
Rajiv Nagar,1030.0,2,4650000.0,4514.563106796117
Rajiv Nagar,1330.0,2,9300000.0,6992.481203007519
Rajiv Nagar,1309.0,2,8000000.0,6111.535523300229
Rajiv Nagar,2340.0,4,14500000.0,6196.581196581196
Rajiv Nagar,2330.0,4,17500000.0,7510.729613733905
Rajiv Nagar,972.0,2,4300000.0,4423.868312757201
Rajiv Nagar,2340.0,4,16000000.0,6837.606837606838
Ramagondanahalli,1151.0,2,4877000.0,4237.185056472633
Ramagondanahalli,1251.0,2,4700000.0,3756.994404476419
Ramagondanahalli,1235.0,2,5204000.0,4213.765182186235
Ramagondanahalli,1610.0,3,11100000.0,6894.409937888198
Ramagondanahalli,540.0,1,3000000.0,5555.555555555556
Ramagondanahalli,1635.0,3,6200000.0,3792.0489296636088
Ramagondanahalli,1235.0,2,4680000.0,3789.4736842105262
Ramagondanahalli,1215.0,2,5126000.0,4218.930041152264
Ramagondanahalli,2257.0,3,15700000.0,6956.136464333185
Ramagondanahalli,1251.0,2,4740000.0,3788.968824940048
Ramagondanahalli,1610.0,3,11500000.0,7142.857142857143
Ramagondanahalli,920.0,2,6500000.0,7065.217391304348
Ramagondanahalli,1215.0,2,4550000.0,3744.855967078189
Ramagondanahalli,2800.0,4,15500000.0,5535.714285714285
Ramagondanahalli,1253.0,2,5266000.0,4202.713487629689
Ramagondanahalli,1295.0,2,9500000.0,7335.907335907336
Ramagondanahalli,1151.0,2,5050000.0,4387.489139878367
Ramagondanahalli,1235.0,2,4930000.0,3991.902834008097
Ramagondanahalli,2257.0,3,15900000.0,7044.749667700487
Ramagondanahalli,1451.0,3,6044000.0,4165.40317022743
Ramagondanahalli,1910.0,3,14200000.0,7434.55497382199
Ramagondanahalli,1215.0,2,4610000.0,3794.238683127572
Ramagondanahalli,1475.0,3,6300000.0,4271.186440677966
Ramagondanahalli,1251.0,2,5000000.0,3996.802557953637
Ramagondanahalli,1151.0,2,4360000.0,3788.010425716768
Ramagondanahalli,1635.0,3,6100000.0,3730.886850152905
Ramagondanahalli,1251.0,2,5300000.0,4236.610711430855
Ramagondanahalli,845.0,2,4582000.0,5422.485207100592
Ramagondanahalli,1910.0,3,15000000.0,7853.4031413612565
Ramagondanahalli,1738.0,3,7600000.0,4372.8423475258915
Ramagondanahalli,2040.0,3,11400000.0,5588.235294117647
Ramagondanahalli,3350.0,3,15000000.0,4477.611940298508
Ramagondanahalli,1251.0,2,4600000.0,3677.0583533173462
Ramagondanahalli,1635.0,3,5700000.0,3486.238532110092
Ramagondanahalli,1151.0,2,4600000.0,3996.524761077324
Ramagondanahalli,1610.0,3,11200000.0,6956.521739130435
Ramagondanahalli,1200.0,3,5610000.0,4675.0
Ramagondanahalli,2787.0,4,22000000.0,7893.792608539648
Ramagondanahalli,1475.0,3,5500000.0,3728.813559322034
Ramagondanahalli,1125.0,2,7500000.0,6666.666666666667
Ramagondanahalli,1151.0,2,4250000.0,3692.44135534318
Ramagondanahalli,2257.0,3,15500000.0,6867.523260965884
Ramagondanahalli,1500.0,3,10000000.0,6666.666666666667
Ramagondanahalli,1680.0,3,6800000.0,4047.6190476190477
Ramagondanahalli,1910.0,3,13100000.0,6858.638743455497
Ramamurthy Nagar,3700.0,4,22500000.0,6081.081081081081
Ramamurthy Nagar,3500.0,5,15000000.0,4285.714285714285
Ramamurthy Nagar,1050.0,2,3700000.0,3523.809523809524
Ramamurthy Nagar,1040.0,2,5000000.0,4807.692307692308
Ramamurthy Nagar,1600.0,3,7500000.0,4687.5
Ramamurthy Nagar,1200.0,2,7200000.0,6000.0
Ramamurthy Nagar,360.0,1,2600000.0,7222.222222222223
Ramamurthy Nagar,950.0,2,5079000.0,5346.315789473684
Ramamurthy Nagar,1200.0,3,6600000.0,5500.0
Ramamurthy Nagar,1525.0,3,10000000.0,6557.377049180328
Ramamurthy Nagar,1200.0,2,8000000.0,6666.666666666667
Ramamurthy Nagar,1200.0,2,4200000.0,3500.0
Ramamurthy Nagar,1515.0,3,6500000.0,4290.42904290429
Ramamurthy Nagar,1355.0,3,4000000.0,2952.029520295203
Ramamurthy Nagar,1100.0,2,6800000.0,6181.818181818182
Ramamurthy Nagar,1185.0,2,4550000.0,3839.662447257384
Ramamurthy Nagar,1170.0,2,4680000.0,4000.0
Ramamurthy Nagar,1150.0,2,5100000.0,4434.782608695652
Ramamurthy Nagar,1200.0,2,4800000.0,4000.0
Ramamurthy Nagar,3600.0,3,15000000.0,4166.666666666667
Ramamurthy Nagar,600.0,2,4500000.0,7500.0
Ramamurthy Nagar,1110.0,2,6500000.0,5855.855855855856
Ramamurthy Nagar,1410.0,3,5640000.0,4000.0
Ramamurthy Nagar,2560.0,4,7500000.0,2929.6875
Ramamurthy Nagar,1200.0,2,7800000.0,6500.0
Ramamurthy Nagar,1000.0,3,4100000.0,4100.0
Ramamurthy Nagar,600.0,1,4300000.0,7166.666666666667
Ramamurthy Nagar,1006.0,2,5700000.0,5666.003976143141
Ramamurthy Nagar,1200.0,2,7600000.0,6333.333333333333
Ramamurthy Nagar,1300.0,3,5200000.0,4000.0
Ramamurthy Nagar,700.0,2,3300000.0,4714.285714285715
Ramamurthy Nagar,1125.0,2,4700000.0,4177.777777777777
Ramamurthy Nagar,1000.0,2,6200000.0,6200.0
Ramamurthy Nagar,1334.0,2,6700000.0,5022.488755622189
Ramamurthy Nagar,1200.0,2,4600000.0,3833.3333333333335
Ramamurthy Nagar,1200.0,2,5790000.0,4825.0
Ramamurthy Nagar,1305.0,3,6000000.0,4597.701149425287
Ramamurthy Nagar,1360.0,2,4500000.0,3308.823529411765
Ramamurthy Nagar,1170.0,2,4400000.0,3760.6837606837607
Ramamurthy Nagar,2200.0,4,13000000.0,5909.090909090909
Ramamurthy Nagar,1286.0,1,4800000.0,3732.5038880248835
Ramamurthy Nagar,1900.0,4,18500000.0,9736.842105263158
Ramamurthy Nagar,1050.0,2,5166000.0,4920.0
Ramamurthy Nagar,2916.0,4,23000000.0,7887.517146776406
Ramamurthy Nagar,2316.0,3,12500000.0,5397.2366148531955
Ramamurthy Nagar,1101.0,2,5000000.0,4541.326067211626
Ramamurthy Nagar,1150.0,2,4000000.0,3478.2608695652175
Ramamurthy Nagar,1350.0,3,3900000.0,2888.8888888888887
Ramamurthy Nagar,1208.0,3,4350000.0,3600.9933774834435
Ramamurthy Nagar,1050.0,2,3779999.9999999995,3599.9999999999995
Ramamurthy Nagar,935.0,2,3900000.0,4171.122994652406
Ramamurthy Nagar,1200.0,2,6800000.0,5666.666666666667
Ramamurthy Nagar,540.0,1,3500000.0,6481.481481481482
Ramamurthy Nagar,960.0,2,3500000.0,3645.8333333333335
Rayasandra,1314.0,3,6300000.0,4794.520547945205
Rayasandra,1373.0,3,7200000.0,5243.991260014566
Rayasandra,1639.0,3,8300000.0,5064.063453325199
Rayasandra,1065.0,2,4495000.0,4220.657276995305
Rayasandra,1708.0,3,7500000.0,4391.100702576113
Rayasandra,1199.0,3,4850000.0,4045.0375312760634
Rayasandra,1577.0,3,6700000.0,4248.57324032974
Rayasandra,1253.0,2,5700000.0,4549.082202713487
Rayasandra,583.0,1,2690000.0,4614.065180102916
Rayasandra,1198.0,2,5400000.0,4507.512520868114
Rayasandra,1555.0,3,7517000.0,4834.083601286174
Rayasandra,1458.0,3,6000000.0,4115.22633744856
Rayasandra,1179.0,3,5500000.0,4664.970313825275
Rayasandra,1601.0,3,7000000.0,4372.2673329169265
Rayasandra,1708.0,4,7600000.0,4449.648711943794
Rayasandra,470.0,1,2100000.0,4468.085106382979
Rayasandra,3600.0,5,14500000.0,4027.777777777778
Rayasandra,1357.0,3,5900000.0,4347.826086956522
Sadashiva Nagar,3761.0,3,66000000.0,17548.524328636002
Sadashiva Nagar,2780.0,4,48000000.0,17266.187050359713
Sadashiva Nagar,2720.0,4,48500000.0,17830.882352941175
Sadashiva Nagar,3000.0,3,40000000.0,13333.333333333334
Sadashiva Nagar,3761.0,3,65000000.0,17282.637596383942
Sadashiva Nagar,3850.0,3,65000000.0,16883.116883116883
Sadashiva Nagar,3500.0,4,70000000.0,20000.0
Sadashiva Nagar,7500.0,5,150000000.0,20000.0
Sahakara Nagar,2830.0,4,19500000.0,6890.459363957597
Sahakara Nagar,1500.0,3,9500000.0,6333.333333333333
Sahakara Nagar,1100.0,2,5600000.0,5090.909090909091
Sahakara Nagar,1219.0,2,4800000.0,3937.653814602133
Sahakara Nagar,1200.0,4,13000000.0,10833.333333333334
Sahakara Nagar,1100.0,3,7500000.0,6818.181818181818
Sahakara Nagar,1655.0,3,11500000.0,6948.640483383686
Sahakara Nagar,1150.0,2,5400000.0,4695.652173913043
Sahakara Nagar,1270.0,2,6984999.999999999,5499.999999999999
Sahakara Nagar,960.0,2,5600000.0,5833.333333333333
Sahakara Nagar,1048.0,2,5000000.0,4770.992366412213
Sahakara Nagar,1160.0,2,5500000.0,4741.379310344828
Sahakara Nagar,1200.0,3,7500000.0,6250.0
Sahakara Nagar,2500.0,4,20000000.0,8000.0
Sahakara Nagar,1914.0,3,17900000.0,9352.142110762801
Sahakara Nagar,1500.0,3,12500000.0,8333.333333333334
Sahakara Nagar,1100.0,2,5500000.0,5000.0
Sahakara Nagar,1914.0,3,14900000.0,7784.743991640544
Sahakara Nagar,1000.0,2,6000000.0,6000.0
Sahakara Nagar,1200.0,2,13600000.0,11333.333333333334
Sahakara Nagar,2200.0,3,9800000.0,4454.545454545455
Sahakara Nagar,1175.0,2,4900000.0,4170.212765957447
Sahakara Nagar,1370.0,3,9000000.0,6569.343065693431
Sahakara Nagar,2400.0,3,27000000.0,11250.0
Sahakara Nagar,1180.0,2,7200000.0,6101.6949152542375
Sahakara Nagar,1200.0,2,6000000.0,5000.0
Sahakara Nagar,1032.0,2,4500000.0,4360.46511627907
Sahakara Nagar,1200.0,2,4600000.0,3833.3333333333335
Sahakara Nagar,1270.0,2,9600000.0,7559.055118110236
Sahakara Nagar,1201.0,2,8000000.0,6661.1157368859285
Sahakara Nagar,1200.0,2,5400000.0,4500.0
Sahakara Nagar,1291.0,2,7230000.0,5600.309837335399
Sanjay nagar,1000.0,2,7000000.0,7000.0
Sanjay nagar,1100.0,2,9800000.0,8909.09090909091
Sanjay nagar,1150.0,2,7220000.0,6278.260869565217
Sanjay nagar,1800.0,3,18000000.0,10000.0
Sanjay nagar,630.0,2,3500000.0,5555.555555555556
Sanjay nagar,3300.0,5,25000000.0,7575.757575757576
Sanjay nagar,965.0,1,3200000.0,3316.062176165803
Sanjay nagar,1900.0,3,18000000.0,9473.684210526315
Sanjay nagar,1575.0,2,9000000.0,5714.285714285715
Sanjay nagar,1450.0,3,7500000.0,5172.413793103448
Sanjay nagar,1200.0,3,7600000.0,6333.333333333333
Sanjay nagar,2400.0,3,31000000.0,12916.666666666666
Sanjay nagar,2700.0,4,35000000.0,12962.962962962964
Sanjay nagar,960.0,2,5500000.0,5729.166666666667
Sanjay nagar,1050.0,2,5900000.0,5619.047619047619
Sanjay nagar,1150.0,2,7000000.0,6086.95652173913
Sanjay nagar,1500.0,3,15000000.0,10000.0
Sanjay nagar,1180.0,2,8000000.0,6779.661016949152
Sarakki Nagar,2121.0,3,25300000.0,11928.335690711929
Sarakki Nagar,2289.0,3,26000000.0,11358.671909130624
Sarakki Nagar,2500.0,3,32500000.0,13000.0
Sarakki Nagar,2145.0,3,27000000.0,12587.412587412588
Sarakki Nagar,1200.0,3,12800000.0,10666.666666666666
Sarakki Nagar,924.0,2,7623000.0,8250.0
Sarakki Nagar,2663.0,3,33800000.0,12692.452121667293
Sarakki Nagar,1840.0,3,17500000.0,9510.869565217392
Sarakki Nagar,3131.0,4,34900000.0,11146.598530820824
Sarakki Nagar,2400.0,4,35800000.0,14916.666666666666
Sarakki Nagar,3126.0,4,34500000.0,11036.468330134358
Sarakki Nagar,3124.0,4,34900000.0,11171.574903969271
Sarjapur,2250.0,3,14800000.0,6577.777777777777
Sarjapur,1600.0,3,7500000.0,4687.5
Sarjapur,1242.5,2,4349000.0,3500.201207243461
Sarjapur,913.0,2,3200000.0,3504.9288061336256
Sarjapur,1128.0,2,6000000.0,5319.148936170212
Sarjapur,1185.0,2,4700000.0,3966.2447257383965
Sarjapur,4360.0,5,9000000.0,2064.2201834862385
Sarjapur,900.0,3,4200000.0,4666.666666666667
Sarjapur,649.5,1,1753500.0,2699.7690531177827
Sarjapur,1020.0,2,3500000.0,3431.372549019608
Sarjapur,1195.0,2,4200000.0,3514.644351464435
Sarjapur,1240.0,2,4400000.0,3548.3870967741937
Sarjapur,1550.0,4,6500000.0,4193.548387096775
Sarjapur,1286.0,3,7600000.0,5909.797822706066
Sarjapur,950.0,2,3250000.0,3421.0526315789475
Sarjapur,1285.0,3,6800000.0,5291.828793774319
Sarjapur,1525.0,3,4800000.0,3147.5409836065573
Sarjapur,925.0,2,2500000.0,2702.7027027027025
Sarjapur,3190.0,4,16000000.0,5015.673981191223
Sarjapur,1215.0,2,4000000.0,3292.1810699588477
Sarjapur,2540.0,4,11500000.0,4527.55905511811
Sarjapur,1200.0,3,7800000.0,6500.0
Sarjapur,1000.0,2,3000000.0,3000.0
Sarjapur,1157.0,2,4000000.0,3457.216940363008
Sarjapur,2238.0,3,14000000.0,6255.585344057194
Sarjapur,2020.0,3,8500000.0,4207.920792079208
Sarjapur,2885.0,4,18500000.0,6412.478336221837
Sarjapur,1500.0,2,3000000.0,2000.0
Sarjapur,1917.0,4,6000000.0,3129.8904538341158
Sarjapur,2400.0,3,19000000.0,7916.666666666667
Sarjapur,1240.0,2,4430000.0,3572.5806451612902
Sarjapur,625.0,1,1900000.0,3040.0
Sarjapur,2585.5,4,13950000.0,5395.4747631019145
Sarjapur,940.0,2,2538000.0,2700.0
Sarjapur,2100.0,4,12500000.0,5952.380952380952
Sarjapur,913.0,2,3600000.0,3943.0449069003284
Sarjapur,1404.0,3,5335000.0,3799.8575498575497
Sarjapur,1830.0,3,8800000.0,4808.743169398907
Sarjapur,1364.0,3,5600000.0,4105.571847507332
Sarjapur,1124.0,2,3035000.0,2700.1779359430607
Sarjapur,1044.0,2,3200000.0,3065.1340996168583
Sarjapur,650.0,1,1987000.0,3056.923076923077
Sarjapur,1175.0,2,4200000.0,3574.468085106383
Sarjapur,1240.0,2,4310000.0,3475.8064516129034
Sarjapur,1170.0,3,3540999.9999999995,3026.495726495726
Sarjapur,1032.0,2,4200000.0,4069.767441860465
Sarjapur,2302.5,4,8059000.0,3500.108577633008
Sarjapur,1044.0,2,3400000.0,3256.704980842912
Sarjapur,1200.0,3,7613000.0,6344.166666666667
Sarjapur,1200.0,2,6200000.0,5166.666666666667
Sarjapur,900.0,2,2798000.0,3108.8888888888887
Sarjapur,2970.0,4,13000000.0,4377.104377104377
Sarjapur,1205.0,2,2900000.0,2406.639004149378
Sarjapur,850.0,2,3200000.0,3764.705882352941
Sarjapur,1175.0,2,4168000.0,3547.2340425531916
Sarjapur,1575.0,3,5500000.0,3492.063492063492
Sarjapur,920.0,2,3300000.0,3586.9565217391305
Sarjapur,1445.0,3,5000000.0,3460.2076124567475
Sarjapur,1150.0,2,4100000.0,3565.217391304348
Sarjapur,1200.0,2,4260000.0,3550.0
Sarjapur,1333.0,3,5000000.0,3750.9377344336085
Sarjapur,1044.0,2,3600000.0,3448.2758620689656
Sarjapur,950.0,2,3500000.0,3684.2105263157896
Sarjapur,2585.5,4,11500000.0,4447.882421195127
Sarjapur,2172.0,3,10000000.0,4604.051565377532
Sarjapur,633.0,1,1709000.0,2699.8420221169035
Sarjapur,1500.0,3,9500000.0,6333.333333333333
Sarjapur,1451.0,2,8700000.0,5995.864920744314
Sarjapur,2400.0,4,14000000.0,5833.333333333333
Sarjapur,1525.0,3,6800000.0,4459.016393442623
Sarjapur,1095.0,2,4500000.0,4109.58904109589
Sarjapur,1425.0,3,5700000.0,4000.0
Sarjapur  Road,1254.0,3,3800000.0,3030.3030303030305
Sarjapur  Road,2497.0,3,14000000.0,5606.728073688426
Sarjapur  Road,1787.0,3,9829000.0,5500.279798545048
Sarjapur  Road,1787.0,3,12500000.0,6994.963626189144
Sarjapur  Road,984.0,2,4428000.0,4500.0
Sarjapur  Road,1025.0,2,3600000.0,3512.1951219512193
Sarjapur  Road,1035.0,2,4920000.0,4753.623188405797
Sarjapur  Road,1863.0,4,10400000.0,5582.393988191089
Sarjapur  Road,1000.0,2,6700000.0,6700.0
Sarjapur  Road,1670.0,3,5700000.0,3413.1736526946106
Sarjapur  Road,1346.0,2,7403000.0,5500.0
Sarjapur  Road,1195.0,2,7000000.0,5857.740585774059
Sarjapur  Road,1550.0,3,10000000.0,6451.612903225807
Sarjapur  Road,2100.0,3,12500000.0,5952.380952380952
Sarjapur  Road,2230.0,4,22500000.0,10089.686098654709
Sarjapur  Road,1800.0,2,3418500.0,1899.1666666666667
Sarjapur  Road,1249.0,3,4471000.0,3579.663730984788
Sarjapur  Road,1210.0,2,5800000.0,4793.388429752066
Sarjapur  Road,1691.0,3,11300000.0,6682.436428149024
Sarjapur  Road,1278.0,2,9500000.0,7433.489827856025
Sarjapur  Road,2238.0,3,14000000.0,6255.585344057194
Sarjapur  Road,1800.0,3,11000000.0,6111.111111111111
Sarjapur  Road,1115.0,2,5000000.0,4484.304932735426
Sarjapur  Road,1403.0,3,5500000.0,3920.1710620099784
Sarjapur  Road,1346.0,2,6192000.0,4600.297176820208
Sarjapur  Road,710.0,1,2700000.0,3802.8169014084506
Sarjapur  Road,3335.0,4,30000000.0,8995.502248875562
Sarjapur  Road,1403.0,3,5163000.0,3679.9714896650034
Sarjapur  Road,1984.0,3,14600000.0,7358.870967741936
Sarjapur  Road,1035.0,2,4500000.0,4347.826086956522
Sarjapur  Road,1128.0,2,5900000.0,5230.49645390071
Sarjapur  Road,1495.0,3,6400000.0,4280.936454849499
Sarjapur  Road,1700.0,3,11000000.0,6470.588235294118
Sarjapur  Road,1157.0,3,7500000.0,6482.281763180639
Sarjapur  Road,1282.0,2,7200000.0,5616.224648985959
Sarjapur  Road,615.0,1,1783500.0,2900.0
Sarjapur  Road,4111.0,4,31000000.0,7540.744344441741
Sarjapur  Road,3430.0,4,22850000.0,6661.807580174927
Sarjapur  Road,3900.0,4,30000000.0,7692.307692307692
Sarjapur  Road,1300.0,2,6000000.0,4615.384615384615
Sarjapur  Road,1000.0,2,4000000.0,4000.0
Sarjapur  Road,1050.0,2,6200000.0,5904.761904761905
Sarjapur  Road,1700.0,3,13500000.0,7941.176470588235
Sarjapur  Road,1691.0,3,11900000.0,7037.25606150207
Sarjapur  Road,1846.0,3,14000000.0,7583.965330444204
Sarjapur  Road,1200.0,3,9500000.0,7916.666666666667
Sarjapur  Road,1117.0,2,2999000.0,2684.870188003581
Sarjapur  Road,1929.0,3,10300000.0,5339.554173146708
Sarjapur  Road,1155.0,2,5800000.0,5021.645021645022
Sarjapur  Road,1215.0,2,11000000.0,9053.497942386832
Sarjapur  Road,1819.0,3,10000000.0,5497.526113249038
Sarjapur  Road,1845.0,3,11000000.0,5962.059620596206
Sarjapur  Road,1233.0,2,7765000.000000001,6297.6480129764805
Sarjapur  Road,1525.0,3,6000000.0,3934.4262295081967
Sarjapur  Road,4395.0,4,24200000.0,5506.257110352673
Sarjapur  Road,1220.0,3,5600000.0,4590.163934426229
Sarjapur  Road,3750.0,4,29000000.0,7733.333333333333
Sarjapur  Road,1428.0,3,6600000.0,4621.848739495798
Sarjapur  Road,1680.0,3,11200000.0,6666.666666666667
Sarjapur  Road,1255.0,2,9200000.0,7330.677290836654
Sarjapur  Road,1380.0,3,5200000.0,3768.1159420289855
Sarjapur  Road,1220.0,3,5800000.0,4754.098360655737
Sarjapur  Road,1311.0,2,7800000.0,5949.656750572082
Sarjapur  Road,1145.0,2,7500000.0,6550.218340611354
Sarjapur  Road,1800.0,2,2878500.0,1599.1666666666667
Sarjapur  Road,1300.0,3,7000000.0,5384.615384615385
Sarjapur  Road,1390.0,2,6200000.0,4460.431654676259
Sarjapur  Road,1725.0,3,9000000.0,5217.391304347826
Sarjapur  Road,1476.0,3,9894000.0,6703.252032520325
Sarjapur  Road,2180.0,3,17000000.0,7798.165137614679
Sarjapur  Road,1084.0,2,5500000.0,5073.8007380073805
Sarjapur  Road,1220.0,3,6200000.0,5081.9672131147545
Sarjapur  Road,1750.0,3,11000000.0,6285.714285714285
Sarjapur  Road,1888.0,3,9500000.0,5031.779661016949
Sarjapur  Road,1300.0,3,6000000.0,4615.384615384615
Sarjapur  Road,1200.0,3,7000000.0,5833.333333333333
Sarjapur  Road,2600.0,3,20000000.0,7692.307692307692
Sarjapur  Road,5965.0,5,38500000.0,6454.316848281643
Sarjapur  Road,685.0,1,4000000.0,5839.41605839416
Sarjapur  Road,944.0,2,3500000.0,3707.6271186440677
Sarjapur  Road,915.0,2,3800000.0,4153.005464480874
Sarjapur  Road,2720.0,3,21000000.0,7720.588235294118
Sarjapur  Road,858.0,2,3157000.0,3679.4871794871797
Sarjapur  Road,1241.0,2,8200000.0,6607.57453666398
Sarjapur  Road,984.0,2,4591000.0,4665.650406504065
Sarjapur  Road,1400.0,2,6800000.0,4857.142857142857
Sarjapur  Road,3785.0,4,28000000.0,7397.622192866578
Sarjapur  Road,835.0,1,4695000.0,5622.754491017964
Sarjapur  Road,2900.0,3,28500000.0,9827.586206896553
Sarjapur  Road,1280.0,2,7600000.0,5937.5
Sarjapur  Road,1145.0,2,4950000.0,4323.144104803493
Sarjapur  Road,1470.0,3,6200000.0,4217.687074829932
Sarjapur  Road,1263.0,2,7800000.0,6175.771971496437
Sarjapur  Road,1691.0,3,9800000.0,5795.38734476641
Sarjapur  Road,3416.5,4,14300000.0,4185.570027806234
Sarjapur  Road,1350.0,3,3997000.0,2960.740740740741
Sarjapur  Road,1308.0,2,8300000.0,6345.565749235474
Sarjapur  Road,1592.0,3,9100000.0,5716.08040201005
Sarjapur  Road,1016.0,2,4500000.0,4429.133858267716
Sarjapur  Road,1150.0,2,7700000.0,6695.652173913043
Sarjapur  Road,1965.0,3,12000000.0,6106.8702290076335
Sarjapur  Road,2275.0,3,18000000.0,7912.087912087912
Sarjapur  Road,1680.0,3,16000000.0,9523.809523809523
Sarjapur  Road,985.0,2,4900000.0,4974.619289340101
Sarjapur  Road,1418.0,2,7800000.0,5500.705218617772
Sarjapur  Road,1200.0,2,9300000.0,7750.0
Sarjapur  Road,1586.0,3,7000000.0,4413.619167717528
Sarjapur  Road,1260.0,2,5300000.0,4206.349206349207
Sarjapur  Road,1115.0,2,6000000.0,5381.165919282511
Sarjapur  Road,1525.0,3,8700000.0,5704.918032786885
Sarjapur  Road,1346.0,2,7131999.999999999,5298.662704309063
Sarjapur  Road,3905.0,5,29000000.0,7426.376440460947
Sarjapur  Road,915.0,2,3700000.0,4043.7158469945357
Sarjapur  Road,715.0,1,2900000.0,4055.944055944056
Sarjapur  Road,1230.0,2,9450000.0,7682.926829268293
Sarjapur  Road,1043.0,2,3950000.0,3787.152444870566
Sarjapur  Road,1750.0,3,9900000.0,5657.142857142857
Sarjapur  Road,1145.0,2,6200000.0,5414.847161572053
Sarjapur  Road,1500.0,3,8800000.0,5866.666666666667
Sarjapur  Road,1190.0,2,5000000.0,4201.680672268908
Sarjapur  Road,1846.0,3,14500000.0,7854.821235102925
Sarjapur  Road,1846.0,3,15500000.0,8396.533044420368
Sarjapur  Road,1067.0,2,6000000.0,5623.242736644798
Sarjapur  Road,3200.0,5,14000000.0,4375.0
Sarjapur  Road,2383.0,4,21500000.0,9022.24087284935
Sarjapur  Road,1700.0,3,9500000.0,5588.235294117647
Sarjapur  Road,2145.0,3,19000000.0,8857.808857808857
Sarjapur  Road,1230.0,2,6500000.0,5284.552845528456
Sarjapur  Road,1178.0,2,4043000.0,3432.088285229202
Sarjapur  Road,1939.0,3,9800000.0,5054.151624548736
Sarjapur  Road,2556.0,3,16900000.0,6611.89358372457
Sarjapur  Road,1278.0,2,9000000.0,7042.2535211267605
Sarjapur  Road,975.0,2,2827500.0,2900.0
Sarjapur  Road,2180.0,3,24000000.0,11009.174311926605
Sarjapur  Road,1305.0,2,9900000.0,7586.206896551724
Sarjapur  Road,1755.0,3,12200000.0,6951.5669515669515
Sarjapur  Road,1040.0,2,3700000.0,3557.6923076923076
Sarjapur  Road,1374.0,3,5100000.0,3711.7903930131006
Sarjapur  Road,1000.0,2,3850000.0,3850.0
Sarjapur  Road,4334.0,4,33800000.0,7798.800184586987
Sarjapur  Road,1173.0,3,4575000.0,3900.2557544757033
Sarjapur  Road,3930.0,5,32900000.0,8371.501272264632
Sarjapur  Road,1120.0,2,5000000.0,4464.285714285715
Sarjapur  Road,1530.0,3,6000000.0,3921.5686274509803
Sarjapur  Road,1700.0,3,9350000.0,5500.0
Sarjapur  Road,1403.0,3,5600000.0,3991.4468995010693
Sarjapur  Road,1060.0,2,5500000.0,5188.679245283019
Sarjapur  Road,1455.0,3,9800000.0,6735.395189003437
Sarjapur  Road,1405.0,3,4887000.0,3478.291814946619
Sarjapur  Road,1850.0,3,14000000.0,7567.5675675675675
Sarjapur  Road,950.0,1,3990000.0,4200.0
Sarjapur  Road,1826.0,3,13000000.0,7119.386637458927
Sarjapur  Road,2600.0,4,9800000.0,3769.230769230769
Sarjapur  Road,1660.0,3,11600000.0,6987.951807228916
Sarjapur  Road,1700.0,3,10800000.0,6352.941176470588
Sarjapur  Road,1272.5,3,4072000.0,3200.0
Sarjapur  Road,1539.0,3,8500000.0,5523.066926575699
Sarjapur  Road,1489.0,3,8200000.0,5507.051712558764
Sarjapur  Road,1550.0,3,6975000.0,4500.0
Sarjapur  Road,539.0,1,4500000.0,8348.794063079777
Sarjapur  Road,1186.0,3,4000000.0,3372.681281618887
Sarjapur  Road,1200.0,2,7500000.0,6250.0
Sarjapur  Road,2145.0,3,18000000.0,8391.608391608392
Sarjapur  Road,1308.0,2,5886000.0,4500.0
Sarjapur  Road,1320.0,2,11500000.0,8712.121212121212
Sarjapur  Road,920.0,2,4000000.0,4347.826086956522
Sarjapur  Road,3044.0,3,18300000.0,6011.826544021025
Sarjapur  Road,1163.0,3,6200000.0,5331.04041272571
Sarjapur  Road,3004.0,3,15800000.0,5259.65379494008
Sarjapur  Road,1877.0,3,15000000.0,7991.475759190197
Sarjapur  Road,1115.0,2,4300000.0,3856.5022421524664
Sarjapur  Road,1229.0,2,7000000.0,5695.6875508543535
Sarjapur  Road,1044.0,2,3477000.0000000005,3330.459770114943
Sarjapur  Road,1342.0,2,7000000.0,5216.095380029807
Sarjapur  Road,1711.0,3,11000000.0,6428.988895382817
Sarjapur  Road,1484.0,3,6500000.0,4380.053908355795
Sarjapur  Road,1220.0,3,5700000.0,4672.131147540984
Sarjapur  Road,1050.0,2,6350000.0,6047.619047619048
Sarjapur  Road,1350.0,2,10200000.0,7555.555555555556
Sarjapur  Road,2990.0,4,24000000.0,8026.755852842809
Sarjapur  Road,1035.0,2,4900000.0,4734.299516908212
Sarjapur  Road,1457.0,3,8500000.0,5833.905284831846
Sarjapur  Road,1685.0,3,13500000.0,8011.86943620178
Sarjapur  Road,1350.0,2,6800000.0,5037.037037037037
Sarjapur  Road,1157.0,3,5399000.0,4666.3785652549695
Sarjapur  Road,3800.0,4,32500000.0,8552.631578947368
Sarjapur  Road,1385.0,3,5500000.0,3971.1191335740073
Sarjapur  Road,1700.0,3,7990000.000000001,4700.000000000001
Sarjapur  Road,984.0,2,5500000.0,5589.430894308943
Sarjapur  Road,914.0,2,3200000.0,3501.09409190372
Sarjapur  Road,1864.0,4,10500000.0,5633.0472103004295
Sarjapur  Road,1157.0,3,5784000.0,4999.1356957649095
Sarjapur  Road,1150.0,2,3679999.9999999995,3199.9999999999995
Sarjapur  Road,3385.5,4,14200000.0,4194.358292718948
Sarjapur  Road,1320.0,2,10000000.0,7575.757575757576
Sarjapur  Road,1984.0,3,14500000.0,7308.467741935484
Sarjapur  Road,1773.5,3,8512500.0,4799.830842965886
Sarjapur  Road,1800.0,4,9000000.0,5000.0
Sarjapur  Road,3692.0,5,34000000.0,9209.100758396533
Sarjapur  Road,7800.0,5,38500000.0,4935.897435897436
Sarjapur  Road,1550.0,3,8900000.0,5741.935483870968
Sarjapur  Road,1150.0,2,4400000.0,3826.086956521739
Sarjapur  Road,1900.0,3,18000000.0,9473.684210526315
Sarjapur  Road,2425.0,4,20100000.0,8288.659793814433
Sarjapur  Road,1400.0,3,5500000.0,3928.5714285714284
Sarjapur  Road,2070.0,3,16000000.0,7729.468599033817
Sarjapur  Road,1435.0,3,9000000.0,6271.777003484321
Sarjapur  Road,1194.0,2,5100000.0,4271.356783919598
Sarjapur  Road,1262.0,2,6700000.0,5309.033280507131
Sarjapur  Road,1693.0,3,12500000.0,7383.343177790904
Sarjapur  Road,1826.0,3,12500000.0,6845.564074479737
Sarjapur  Road,1060.0,2,5000000.0,4716.981132075472
Sarjapur  Road,2750.0,4,24000000.0,8727.272727272728
Sarjapur  Road,1830.0,3,11900000.0,6502.732240437159
Sarjapur  Road,1700.0,3,19400000.0,11411.764705882353
Sarjapur  Road,1929.0,3,10100000.0,5235.873509590461
Sarjapur  Road,1525.0,3,6500000.0,4262.295081967213
Sarjapur  Road,2900.0,4,24000000.0,8275.862068965518
Sarjapur  Road,1059.0,2,6800000.0,6421.152030217186
Sarjapur  Road,1577.0,3,6500000.0,4121.750158528852
Sarjapur  Road,1157.0,3,7400000.0,6395.851339671564
Sarjapur  Road,1700.0,3,11800000.0,6941.176470588235
Sarjapur  Road,1691.0,3,12000000.0,7096.392667060911
Sarjapur  Road,1770.0,3,18000000.0,10169.49152542373
Sarjapur  Road,1308.0,2,7500000.0,5733.94495412844
Sarjapur  Road,2650.0,3,26000000.0,9811.32075471698
Sarjapur  Road,1580.0,3,12500000.0,7911.392405063291
Sarjapur  Road,1797.0,3,9500000.0,5286.588759042849
Sarjapur  Road,1763.25,3,9800000.0,5557.918616191691
Sarjapur  Road,1550.0,3,9800000.0,6322.580645161291
Sarjapur  Road,534.0,1,1964999.9999999998,3679.775280898876
Sarjapur  Road,1450.0,3,7500000.0,5172.413793103448
Sarjapur  Road,984.0,2,5900000.0,5995.934959349594
Sarjapur  Road,1489.0,3,8800000.0,5910.006715916723
Sarjapur  Road,1104.0,2,3422000.0,3099.6376811594205
Sarjapur  Road,702.0,1,5200000.0,7407.407407407408
Sarjapur  Road,1242.0,2,7500000.0,6038.647342995169
Sarjapur  Road,2275.0,3,18500000.0,8131.868131868132
Sarjapur  Road,3200.0,4,35000000.0,10937.5
Sarjapur  Road,2100.0,3,13500000.0,6428.571428571428
Sarjapur  Road,3335.0,4,29000000.0,8695.652173913044
Sarjapur  Road,3009.0,3,33100000.0,11000.33233632436
Sarjapur  Road,1862.0,3,11000000.0,5907.626208378088
Sarjapur  Road,2275.0,3,17500000.0,7692.307692307692
Sarjapur  Road,1314.0,2,11000000.0,8371.38508371385
Sarjapur  Road,1787.0,3,11600000.0,6491.326245103525
Sarjapur  Road,1691.0,3,9301000.0,5500.295683027794
Sarjapur  Road,1028.0,2,5600000.0,5447.470817120623
Sarjapur  Road,3005.0,4,27500000.0,9151.414309484193
Sarjapur  Road,1181.0,3,6500000.0,5503.81033022862
Sarjapur  Road,1691.0,3,10000000.0,5913.660555884092
Sarjapur  Road,1026.0,2,6055000.0,5901.559454191033
Sarjapur  Road,1350.0,2,8500000.0,6296.2962962962965
Sarjapur  Road,1157.0,3,7200000.0,6222.990492653414
Sarjapur  Road,1019.0,2,6200000.0,6084.396467124632
Sarjapur  Road,3418.0,4,23500000.0,6875.365710942071
Sarjapur  Road,691.0,1,3110000.0,4500.723589001447
Sarjapur  Road,994.0,2,4500000.0,4527.162977867203
Sarjapur  Road,3913.0,4,17600000.0,4497.827753641707
Sarjapur  Road,1130.0,2,5500000.0,4867.256637168141
Sarjapur  Road,1881.0,3,14500000.0,7708.665603402445
Sarjapur  Road,2275.0,3,18200000.0,8000.0
Sarjapur  Road,980.0,2,2500000.0,2551.0204081632655
Sarjapur  Road,970.0,2,3600000.0,3711.340206185567
Sarjapur  Road,1346.0,2,6738000.0,5005.94353640416
Sarjapur  Road,1045.0,2,4215000.0,4033.492822966507
Sarjapur  Road,2880.0,4,21100000.0,7326.388888888889
Sarjapur  Road,3418.0,4,22200000.0,6495.026331187829
Sarjapur  Road,675.0,1,2700000.0,4000.0
Sarjapur  Road,1773.5,3,10292000.0,5803.213983648154
Sarjapur  Road,10000.0,5,97500000.0,9750.0
Sarjapur  Road,3930.0,4,33000000.0,8396.946564885497
Sarjapur  Road,1335.0,2,9500000.0,7116.104868913858
Sarjapur  Road,1525.0,3,6300000.0,4131.147540983607
Sarjapur  Road,1680.0,3,12600000.0,7500.0
Sarjapur  Road,1222.0,3,6800000.0,5564.648117839607
Sarjapur  Road,3420.0,4,22500000.0,6578.9473684210525
Sarjapur  Road,1510.0,3,11000000.0,7284.76821192053
Sarjapur  Road,1242.0,2,7800000.0,6280.193236714976
Sarjapur  Road,1665.0,3,7493000.000000001,4500.3003003003005
Sarjapur  Road,1129.0,2,6900000.0,6111.603188662533
Sarjapur  Road,1180.0,3,4500000.0,3813.5593220338983
Sarjapur  Road,1034.0,2,3800000.0,3675.0483558994197
Sarjapur  Road,1113.0,2,4450000.0,3998.2030548068283
Sarjapur  Road,1879.0,3,15500000.0,8249.068653539116
Sarjapur  Road,2425.0,4,17500000.0,7216.494845360825
Sarjapur  Road,1323.0,2,7400000.0,5593.348450491308
Sarjapur  Road,2500.0,4,22500000.0,9000.0
Sarjapur  Road,2289.0,3,17800000.0,7776.321537789428
Sarjapur  Road,1505.0,3,6000000.0,3986.7109634551493
Sarjapur  Road,1314.0,3,7044000.0,5360.730593607306
Sarjapur  Road,2100.0,3,13000000.0,6190.476190476191
Sarjapur  Road,702.0,1,3579999.9999999995,5099.715099715099
Sarjapur  Road,1240.0,4,11000000.0,8870.967741935483
Sarjapur  Road,1320.0,2,11000000.0,8333.333333333334
Sarjapur  Road,1200.0,3,4400000.0,3666.6666666666665
Sarjapur  Road,1800.0,3,12800000.0,7111.111111111111
Sarjapur  Road,2275.0,3,18700000.0,8219.78021978022
Sarjapur  Road,1270.0,3,5400000.0,4251.968503937008
Sarjapur  Road,1026.0,2,6080000.0,5925.925925925926
Sarjapur  Road,1025.0,2,4550000.0,4439.024390243902
Sarjapur  Road,1216.0,2,7000000.0,5756.578947368421
Sarjapur  Road,1814.0,3,6300000.0,3472.9878721058435
Sarjapur  Road,1112.0,2,6200000.0,5575.5395683453235
Sarjapur  Road,1273.0,2,6000000.0,4713.275726630008
Sarjapur  Road,1157.0,3,6900000.0,5963.699222126188
Sarjapur  Road,1150.0,2,4850000.0,4217.391304347826
Sarjapur  Road,1205.0,2,3700000.0,3070.539419087137
Sarjapur  Road,1600.0,3,12000000.0,7500.0
Sarjapur  Road,1370.0,2,7000000.0,5109.489051094891
Sarjapur  Road,475.0,1,2600000.0,5473.684210526316
Sarjapur  Road,1197.0,2,5686000.0,4750.208855472013
Sarjapur  Road,3040.0,4,13500000.0,4440.789473684211
Sarjapur  Road,1857.0,3,15500000.0,8346.795907377491
Sarjapur  Road,1750.0,4,18500000.0,10571.42857142857
Sarjapur  Road,1194.0,2,5700000.0,4773.869346733668
Sarjapur  Road,984.0,2,4575000.0,4649.390243902439
Sarjapur  Road,1347.0,3,4400000.0,3266.5181885671864
Sarjapur  Road,1105.0,2,4000000.0,3619.9095022624433
Sarjapur  Road,1140.0,2,4000000.0,3508.7719298245615
Sarjapur  Road,1346.0,2,6961000.0,5171.619613670134
Sarjapur  Road,2089.0,3,14800000.0,7084.729535662997
Sarjapur  Road,1612.0,3,9838000.0,6102.977667493797
Sarjapur  Road,1290.0,2,8800000.0,6821.705426356589
Sarjapur  Road,1371.0,2,8600000.0,6272.793581327498
Sarjapur  Road,2140.0,3,13900000.0,6495.327102803738
Sarjapur  Road,1044.0,2,5500000.0,5268.199233716475
Sarjapur  Road,1600.0,3,8500000.0,5312.5
Sarjapur  Road,2180.0,3,18000000.0,8256.880733944954
Sarjapur  Road,2206.0,3,18000000.0,8159.564823209429
Sarjapur  Road,1309.0,2,6950000.0,5309.396485867074
Sarjapur  Road,1250.0,4,13500000.0,10800.0
Sarjapur  Road,1367.0,2,8000000.0,5852.231163130944
Sarjapur  Road,1565.0,3,7800000.0,4984.025559105431
Sarjapur  Road,1984.0,3,14800000.0,7459.677419354839
Sarjapur  Road,1035.0,2,4700000.0,4541.062801932367
Sarjapur  Road,1112.0,2,5800000.0,5215.827338129497
Sarjapur  Road,1340.0,2,7500000.0,5597.014925373134
Sarjapur  Road,3500.0,3,27500000.0,7857.142857142857
Sarjapur  Road,1850.0,3,8900000.0,4810.810810810811
Sarjapur  Road,2758.0,4,24000000.0,8701.95794053662
Sarjapur  Road,1132.0,2,7000000.0,6183.745583038869
Sarjapur  Road,1380.0,3,5500000.0,3985.5072463768115
Sarjapur  Road,4050.0,4,45000000.0,11111.111111111111
Sarjapur  Road,2425.0,4,19500000.0,8041.237113402062
Sarjapura - Attibele Road,1330.0,3,4800000.0,3609.0225563909776
Sarjapura - Attibele Road,1329.0,3,4595000.0,3457.486832204665
Sarjapura - Attibele Road,829.0,2,2280000.0,2750.301568154403
Sarjapura - Attibele Road,2400.0,3,8500000.0,3541.6666666666665
Sarjapura - Attibele Road,1033.0,2,2841000.0,2750.242013552759
Sarjapura - Attibele Road,1676.0,3,5200000.0,3102.6252983293557
Sarjapura - Attibele Road,1308.0,2,3700000.0,2828.7461773700306
Sarjapura - Attibele Road,1073.0,2,3177000.0,2960.857409133271
Sarjapura - Attibele Road,1330.0,3,4900000.0,3684.2105263157896
Sarjapura - Attibele Road,1090.0,2,3700000.0,3394.4954128440368
Sarjapura - Attibele Road,1126.0,2,3600000.0,3197.158081705151
Sarjapura - Attibele Road,740.0,1,2365000.0,3195.945945945946
Sarjapura - Attibele Road,1555.0,3,5200000.0,3344.051446945338
Sector 2 HSR Layout,1296.0,2,7500000.0,5787.037037037037
Sector 2 HSR Layout,1450.0,3,13500000.0,9310.344827586207
Sector 2 HSR Layout,794.0,1,6000000.0,7556.675062972292
Sector 2 HSR Layout,1143.0,2,6500000.0,5686.789151356081
Sector 2 HSR Layout,794.0,1,6500000.0,8186.39798488665
Sector 2 HSR Layout,1146.0,2,5500000.0,4799.301919720768
Sector 2 HSR Layout,1600.0,3,7000000.0,4375.0
Sector 2 HSR Layout,1665.0,3,11000000.0,6606.606606606607
Sector 2 HSR Layout,1512.0,3,8000000.0,5291.005291005291
Sector 2 HSR Layout,1332.0,2,10100000.0,7582.582582582582
Sector 2 HSR Layout,1515.0,3,6900000.0,4554.455445544554
Sector 2 HSR Layout,1600.0,3,9000000.0,5625.0
Sector 2 HSR Layout,1095.0,2,8541000.0,7800.0
Sector 2 HSR Layout,1231.0,2,6600000.0,5361.494719740049
Sector 7 HSR Layout,3000.0,4,27500000.0,9166.666666666666
Sector 7 HSR Layout,1163.0,2,9886000.0,8500.42992261393
Sector 7 HSR Layout,1760.0,3,14500000.0,8238.636363636364
Sector 7 HSR Layout,3900.0,3,30000000.0,7692.307692307692
Sector 7 HSR Layout,1342.0,2,11500000.0,8569.29955290611
Sector 7 HSR Layout,1760.0,3,16000000.0,9090.90909090909
Sector 7 HSR Layout,1760.0,3,14200000.0,8068.181818181818
Sector 7 HSR Layout,2400.0,3,19500000.0,8125.0
Sector 7 HSR Layout,1760.0,3,18500000.0,10511.363636363636
Sector 7 HSR Layout,1162.0,2,9877000.0,8500.0
Seegehalli,901.0,2,3514000.0,3900.110987791343
Seegehalli,1150.0,3,4290000.0,3730.4347826086955
Seegehalli,800.0,2,5000000.0,6250.0
Seegehalli,1525.0,3,6500000.0,4262.295081967213
Seegehalli,1118.0,2,3750000.0,3354.2039355992843
Seegehalli,1200.0,3,6200000.0,5166.666666666667
Seegehalli,1155.0,2,7200000.0,6233.766233766234
Seegehalli,1830.0,3,8200000.0,4480.87431693989
Seegehalli,4000.0,3,23500000.0,5875.0
Seegehalli,3000.0,4,15000000.0,5000.0
Seegehalli,2800.0,4,14000000.0,5000.0
Seegehalli,1096.0,2,4100000.0,3740.875912408759
Seegehalli,1420.0,3,4600000.0,3239.43661971831
Seegehalli,920.0,2,2700000.0,2934.782608695652
Seegehalli,1553.0,3,6800000.0,4378.62202189311
Seegehalli,1639.0,3,12000000.0,7321.537522879805
Seegehalli,3000.0,3,23500000.0,7833.333333333333
Seegehalli,1134.0,2,4500000.0,3968.253968253968
Seegehalli,1683.0,3,8000000.0,4753.416518122401
Seegehalli,2400.0,3,24000000.0,10000.0
Seegehalli,1176.0,2,5000000.0,4251.700680272109
Seegehalli,3000.0,3,24000000.0,8000.0
Shampura,2650.0,4,15000000.0,5660.377358490566
Shampura,1200.0,2,5300000.0,4416.666666666667
Shampura,700.0,2,3500000.0,5000.0
Shampura,1400.0,3,7000000.0,5000.0
Shampura,1475.0,3,7800000.0,5288.135593220339
Shampura,1700.0,3,7500000.0,4411.764705882353
Shampura,1187.0,2,4200000.0,3538.3319292333613
Shampura,2800.0,7,9500000.0,3392.8571428571427
Shivaji Nagar,850.0,2,5500000.0,6470.588235294118
Shivaji Nagar,1554.0,2,13000000.0,8365.508365508365
Shivaji Nagar,2200.0,2,11000000.0,5000.0
Shivaji Nagar,3820.0,1,30600000.0,8010.471204188481
Shivaji Nagar,1300.0,3,17000000.0,13076.923076923076
Shivaji Nagar,703.0,2,4950000.0,7041.251778093883
Shivaji Nagar,1460.0,3,9000000.0,6164.3835616438355
Shivaji Nagar,2176.0,3,34800000.0,15992.64705882353
Shivaji Nagar,600.0,2,6500000.0,10833.333333333334
Shivaji Nagar,1226.0,3,6000000.0,4893.964110929854
Singasandra,1010.0,2,2950000.0,2920.792079207921
Singasandra,1440.0,3,6500000.0,4513.888888888889
Singasandra,1030.0,2,5500000.0,5339.805825242718
Singasandra,3850.0,4,19500000.0,5064.935064935065
Singasandra,600.0,2,3650000.0,6083.333333333333
Singasandra,1100.0,2,5200000.0,4727.272727272727
Singasandra,1306.0,3,5800000.0,4441.04134762634
Singasandra,3366.0,4,12000000.0,3565.0623885918003
Singasandra,1300.0,2,6500000.0,5000.0
Singasandra,3126.0,4,12000000.0,3838.7715930902114
Singasandra,1464.0,3,5600000.0,3825.136612021858
Singasandra,1010.0,2,4000000.0,3960.3960396039606
Singasandra,1375.0,2,5800000.0,4218.181818181818
Singasandra,1120.0,2,6000000.0,5357.142857142857
Singasandra,1099.0,2,3750000.0,3412.1929026387625
Singasandra,1510.0,3,7500000.0,4966.887417218543
Singasandra,1179.0,2,5600000.0,4749.787955894826
Singasandra,1416.0,2,6700000.0,4731.6384180790965
Singasandra,1476.0,3,7300000.0,4945.79945799458
Singasandra,1139.7,2,4500000.0,3948.407475651487
Singasandra,1465.0,2,6000000.0,4095.563139931741
Singasandra,1653.0,3,8500000.0,5142.165759225651
Somasundara Palya,1600.0,3,6400000.0,4000.0
Somasundara Palya,1255.0,2,6700000.0,5338.645418326693
Somasundara Palya,1448.0,2,6800000.0,4696.132596685083
Somasundara Palya,1570.0,3,6800000.0,4331.210191082802
Somasundara Palya,1178.0,2,7300000.0,6196.9439728353145
Somasundara Palya,1260.0,2,6000000.0,4761.9047619047615
Somasundara Palya,1174.0,2,7400000.0,6303.236797274276
Somasundara Palya,1033.0,2,4800000.0,4646.660212971927
Somasundara Palya,1575.0,3,6310000.0,4006.3492063492063
Somasundara Palya,1329.0,2,7000000.0,5267.11813393529
Somasundara Palya,2372.0,3,14000000.0,5902.192242833053
Somasundara Palya,1178.0,2,7800000.0,6621.392190152801
Somasundara Palya,1185.0,2,7000000.0,5907.172995780591
Somasundara Palya,1575.0,3,6800000.0,4317.460317460317
Somasundara Palya,1600.0,3,6800000.0,4250.0
Somasundara Palya,1200.0,2,7500000.0,6250.0
Somasundara Palya,1600.0,3,6900000.0,4312.5
Somasundara Palya,2400.0,4,14000000.0,5833.333333333333
Somasundara Palya,1275.0,3,5200000.0,4078.4313725490197
Somasundara Palya,1650.0,3,9500000.0,5757.575757575758
Somasundara Palya,1186.0,2,7200000.0,6070.826306913997
Somasundara Palya,1186.0,2,7600000.0,6408.0944350758855
Somasundara Palya,1650.0,3,12600000.0,7636.363636363636
Somasundara Palya,1140.0,2,4600000.0,4035.0877192982457
Somasundara Palya,1185.0,2,7500000.0,6329.113924050633
Somasundara Palya,1571.0,3,6300000.0,4010.1845957988544
Somasundara Palya,2300.0,3,7000000.0,3043.478260869565
Sompura,825.0,2,3300000.0,4000.0
Sompura,1025.0,3,4800000.0,4682.926829268293
Sompura,1025.0,3,3700000.0,3609.756097560976
Sompura,1020.0,2,4100000.0,4019.607843137255
Sompura,1090.0,2,2800000.0,2568.8073394495414
Sompura,1275.0,3,5900000.0,4627.450980392156
Sompura,1126.0,2,3900000.0,3463.587921847247
Sompura,825.0,2,3200000.0,3878.787878787879
Sompura,1350.0,3,6500000.0,4814.814814814815
Sompura,1360.0,3,4500000.0,3308.823529411765
Sompura,1350.0,3,4700000.0,3481.4814814814813
Sompura,2150.0,4,8500000.0,3953.4883720930234
Sonnenahalli,1415.0,3,5500000.0,3886.9257950530036
Sonnenahalli,896.0,2,4375000.0,4882.8125
Sonnenahalli,1268.0,2,7300000.0,5757.097791798107
Sonnenahalli,1120.0,2,4300000.0,3839.285714285714
Sonnenahalli,1100.0,2,4400000.0,4000.0
Sonnenahalli,1011.0,2,5053000.0,4998.021760633037
Sonnenahalli,1157.0,2,4200000.0,3630.077787381158
Sonnenahalli,605.0,1,4000000.0,6611.570247933884
Sonnenahalli,614.5,1,3071500.0,4998.372660699756
Sonnenahalli,1310.0,3,4600000.0,3511.4503816793895
Sonnenahalli,1484.0,3,7418000.000000001,4998.652291105122
Sonnenahalli,1610.0,3,8048000.0,4998.757763975155
Sonnenahalli,1059.0,2,6200000.0,5854.579792256846
Sonnenahalli,1268.0,3,7500000.0,5914.826498422713
Sonnenahalli,1415.0,3,6500000.0,4593.639575971732
Sonnenahalli,1268.0,2,5800000.0,4574.132492113565
Sonnenahalli,1340.0,3,4200000.0,3134.3283582089553
Sonnenahalli,1268.0,2,5600000.0,4416.403785488959
Sonnenahalli,1011.0,2,5900000.0,5835.806132542038
Sonnenahalli,605.0,1,3024000.0,4998.347107438017
Sonnenahalli,1484.0,3,7500000.0,5053.908355795148
Sonnenahalli,1550.0,3,5000000.0,3225.8064516129034
Subramanyapura,929.0,2,5017000.0,5400.4305705059205
Subramanyapura,1200.0,2,5200000.0,4333.333333333333
Subramanyapura,975.0,2,6500000.0,6666.666666666667
Subramanyapura,975.0,2,5800000.0,5948.717948717948
Subramanyapura,1277.0,2,5500000.0,4306.969459671104
Subramanyapura,985.0,2,5800000.0,5888.324873096447
Subramanyapura,1245.0,3,6800000.0,5461.847389558233
Subramanyapura,1313.0,2,7300000.0,5559.786747905559
Subramanyapura,1130.0,3,4519000.0,3999.1150442477874
Subramanyapura,1313.0,2,6650000.0,5064.737242955065
Subramanyapura,1255.0,3,7900000.0,6294.820717131474
Subramanyapura,1050.0,2,4100000.0,3904.7619047619046
Subramanyapura,1330.0,3,7200000.0,5413.533834586467
Subramanyapura,929.0,2,4800000.0,5166.846071044133
Subramanyapura,975.0,2,6300000.0,6461.538461538462
Subramanyapura,950.0,2,5500000.0,5789.473684210527
Subramanyapura,1223.0,3,4281000.0,3500.408830744072
Subramanyapura,929.0,2,5600000.0,6027.9870828848225
Subramanyapura,1800.0,3,9000000.0,5000.0
Subramanyapura,1260.0,3,7600000.0,6031.746031746032
Subramanyapura,1278.0,3,5900000.0,4616.588419405321
Subramanyapura,958.0,2,3449000.0,3600.2087682672236
Subramanyapura,1400.0,3,5500000.0,3928.5714285714284
Subramanyapura,958.0,2,3353000.0,3500.0
Subramanyapura,960.0,2,5500000.0,5729.166666666667
Subramanyapura,1260.0,3,7300000.0,5793.650793650793
Subramanyapura,1278.0,3,6271000.0,4906.885758998435
Subramanyapura,1278.0,3,7000000.0,5477.308294209703
Subramanyapura,929.0,2,4900000.0,5274.48869752422
Subramanyapura,1260.0,3,7500000.0,5952.380952380952
Subramanyapura,1000.0,2,4500000.0,4500.0
Subramanyapura,1260.0,3,8000000.0,6349.206349206349
Subramanyapura,2495.0,3,13000000.0,5210.420841683367
Subramanyapura,929.0,2,5100000.0,5489.773950484392
Subramanyapura,1880.0,3,11000000.0,5851.063829787234
Subramanyapura,1800.0,3,8000000.0,4444.444444444444
Subramanyapura,985.0,2,6250000.0,6345.177664974619
Sultan Palaya,1700.0,3,12000000.0,7058.823529411765
Sultan Palaya,1100.0,2,4000000.0,3636.3636363636365
Sultan Palaya,1800.0,6,17500000.0,9722.222222222223
Sultan Palaya,1100.0,2,4500000.0,4090.909090909091
Sultan Palaya,900.0,2,4500000.0,5000.0
Sultan Palaya,870.0,2,6500000.0,7471.264367816092
Sultan Palaya,1765.0,3,8000000.0,4532.57790368272
Sultan Palaya,1713.0,3,12500000.0,7297.139521307648
Sultan Palaya,1009.0,2,6500000.0,6442.021803766105
Sultan Palaya,5000.0,4,32500000.0,6500.0
Sultan Palaya,1070.0,2,4900000.0,4579.439252336449
Sultan Palaya,2200.0,4,8000000.0,3636.3636363636365
TC Palaya,1475.0,3,9800000.0,6644.067796610169
TC Palaya,1200.0,2,6000000.0,5000.0
TC Palaya,1200.0,3,6600000.0,5500.0
TC Palaya,1600.0,3,6500000.0,4062.5
TC Palaya,1350.0,3,7500000.0,5555.555555555556
TC Palaya,1240.0,2,6000000.0,4838.709677419355
TC Palaya,1500.0,3,10000000.0,6666.666666666667
TC Palaya,1200.0,2,6500000.0,5416.666666666667
TC Palaya,1200.0,2,7000000.0,5833.333333333333
TC Palaya,2100.0,4,5000000.0,2380.9523809523807
TC Palaya,900.0,2,5500000.0,6111.111111111111
TC Palaya,1200.0,3,6650000.0,5541.666666666667
TC Palaya,4800.0,4,30200000.0,6291.666666666667
TC Palaya,1000.0,2,6400000.0,6400.0
TC Palaya,1100.0,3,5000000.0,4545.454545454545
TC Palaya,1200.0,2,6600000.0,5500.0
TC Palaya,1500.0,3,12000000.0,8000.0
TC Palaya,1500.0,3,8300000.0,5533.333333333333
TC Palaya,1350.0,3,6000000.0,4444.444444444444
TC Palaya,1500.0,2,7500000.0,5000.0
TC Palaya,1000.0,2,7000000.0,7000.0
TC Palaya,1100.0,2,6500000.0,5909.090909090909
TC Palaya,1800.0,2,8000000.0,4444.444444444444
TC Palaya,1350.0,1,5500000.0,4074.074074074074
TC Palaya,2000.0,3,7600000.0,3800.0
TC Palaya,1082.0,2,6400000.0,5914.972273567468
TC Palaya,1995.0,3,10000000.0,5012.5313283208025
TC Palaya,1152.0,2,5500000.0,4774.305555555556
TC Palaya,1126.0,2,3940000.0,3499.1119005328596
TC Palaya,1330.0,3,4656000.0,3500.751879699248
Talaghattapura,1868.0,3,13100000.0,7012.847965738758
Talaghattapura,1090.0,2,2724000.0,2499.0825688073396
Talaghattapura,2038.5,3,12000000.0,5886.681383370125
Talaghattapura,2106.0,3,12600000.0,5982.9059829059825
Talaghattapura,2254.0,3,17000000.0,7542.147293700089
Talaghattapura,1223.0,3,4281000.0,3500.408830744072
Talaghattapura,1868.0,3,12100000.0,6477.516059957174
Talaghattapura,1150.0,2,2800000.0,2434.782608695652
Talaghattapura,1868.0,3,13500000.0,7226.980728051391
Talaghattapura,1856.0,3,13500000.0,7273.706896551724
Talaghattapura,1868.0,3,12000000.0,6423.982869379015
Talaghattapura,1804.0,3,11500000.0,6374.7228381374725
Talaghattapura,951.0,2,3043000.0,3199.789695057834
Talaghattapura,2254.0,3,15300000.0,6787.93256433008
Talaghattapura,2106.0,3,14800000.0,7027.540360873694
Talaghattapura,921.0,2,2947000.0,3199.782844733985
Talaghattapura,1257.0,3,4022000.0,3199.6817820206843
Talaghattapura,2273.0,3,15900000.0,6995.160580730312
Talaghattapura,2099.0,3,14700000.0,7003.334921391139
Talaghattapura,1040.0,2,3328000.0,3200.0
Talaghattapura,1100.0,2,5000000.0,4545.454545454545
Talaghattapura,1372.0,3,4390000.0,3199.708454810496
Talaghattapura,1100.0,2,4949000.0,4499.090909090909
Talaghattapura,1100.0,2,3200000.0,2909.090909090909
Talaghattapura,1575.0,3,8000000.0,5079.3650793650795
Talaghattapura,2273.0,3,14500000.0,6379.234491860977
Talaghattapura,1175.0,2,6200000.0,5276.595744680851
Talaghattapura,1804.0,3,12700000.0,7039.911308203991
Talaghattapura,1062.0,2,4248000.0,4000.0
Talaghattapura,3554.0,3,34000000.0,9566.685424873382
Talaghattapura,2038.5,3,12200000.0,5984.792739759627
Talaghattapura,1800.0,3,8400000.0,4666.666666666667
Talaghattapura,2265.0,3,15900000.0,7019.867549668874
Talaghattapura,2099.0,3,13400000.0,6383.992377322535
Thanisandra,1296.0,2,8000000.0,6172.83950617284
Thanisandra,1436.0,3,7475000.0,5205.431754874652
Thanisandra,1427.0,3,12000000.0,8409.250175192712
Thanisandra,1735.0,3,13500000.0,7780.979827089337
Thanisandra,2050.0,3,14500000.0,7073.170731707317
Thanisandra,2144.0,3,14500000.0,6763.059701492537
Thanisandra,3000.0,4,12000000.0,4000.0
Thanisandra,1075.0,2,4580000.0,4260.46511627907
Thanisandra,1702.0,3,13000000.0,7638.07285546416
Thanisandra,1185.0,2,4351000.0,3671.7299578059074
Thanisandra,1296.0,2,8300000.0,6404.320987654321
Thanisandra,1185.0,2,4260000.0,3594.9367088607596
Thanisandra,1114.0,2,3900000.0,3500.8976660682224
Thanisandra,1142.5,2,4341500.0,3800.0
Thanisandra,1825.0,3,10000000.0,5479.45205479452
Thanisandra,2144.0,3,13500000.0,6296.641791044776
Thanisandra,1240.0,3,6200000.0,5000.0
Thanisandra,1100.0,2,3800000.0,3454.5454545454545
Thanisandra,1093.0,2,7000000.0,6404.391582799634
Thanisandra,971.5,2,3643500.0,3750.386001029336
Thanisandra,1265.0,3,7900000.0,6245.059288537549
Thanisandra,1651.0,3,9738000.0,5898.24348879467
Thanisandra,1430.0,3,5146000.0,3598.6013986013986
Thanisandra,1265.0,2,8500000.0,6719.367588932806
Thanisandra,1185.0,2,4210000.0,3552.7426160337554
Thanisandra,776.5,1,4814500.0,6200.257566001288
Thanisandra,1564.0,3,10100000.0,6457.800511508952
Thanisandra,1430.0,3,5600000.0,3916.083916083916
Thanisandra,1183.0,2,5856000.0,4950.126796280642
Thanisandra,1847.0,3,12300000.0,6659.447753113156
Thanisandra,1800.0,3,9000000.0,5000.0
Thanisandra,1697.0,3,11400000.0,6717.737183264585
Thanisandra,2650.0,4,24000000.0,9056.603773584906
Thanisandra,1185.0,2,4300000.0,3628.6919831223627
Thanisandra,1050.0,2,4500000.0,4285.714285714285
Thanisandra,3500.0,6,16000000.0,4571.428571428572
Thanisandra,1573.0,3,9500000.0,6039.4151303242215
Thanisandra,1917.0,3,12200000.0,6364.110589462703
Thanisandra,693.0,1,3429999.9999999995,4949.494949494949
Thanisandra,1098.0,2,6800000.0,6193.078324225865
Thanisandra,760.0,1,5030000.0,6618.421052631579
Thanisandra,1111.0,2,5000000.0,4500.450045004501
Thanisandra,1185.5,2,5868000.0,4949.810206663855
Thanisandra,2002.0,3,11200000.0,5594.4055944055945
Thanisandra,1634.0,3,7800000.0,4773.561811505508
Thanisandra,1445.0,3,4031000.0,2789.61937716263
Thanisandra,2000.0,3,9900000.0,4950.0
Thanisandra,1050.0,2,4600000.0,4380.952380952381
Thanisandra,1588.0,3,7555000.0,4757.556675062972
Thanisandra,1697.0,3,11500000.0,6776.664702416028
Thanisandra,1220.0,2,4392000.0,3600.0
Thanisandra,1380.0,1,6210000.0,4500.0
Thanisandra,923.0,1,6084000.0,6591.549295774648
Thanisandra,1743.0,3,9325000.0,5349.971313826735
Thanisandra,923.0,1,4569000.0,4950.162513542795
Thanisandra,1183.0,2,5974000.0,5049.873203719358
Thanisandra,3216.0,4,22600000.0,7027.363184079602
Thanisandra,1296.0,2,7200000.0,5555.555555555556
Thanisandra,1020.0,2,4450000.0,4362.745098039216
Thanisandra,1430.0,3,5160000.0,3608.3916083916083
Thanisandra,1874.0,3,13000000.0,6937.033084311633
Thanisandra,1698.0,3,10200000.0,6007.067137809187
Thanisandra,1411.0,3,9304000.0,6593.905031892275
Thanisandra,1996.0,3,13500000.0,6763.527054108216
Thanisandra,1801.0,3,11500000.0,6385.341476957246
Thanisandra,1678.0,3,12500000.0,7449.344457687724
Thanisandra,1265.0,2,8200000.0,6482.213438735178
Thanisandra,1100.0,2,4800000.0,4363.636363636364
Thanisandra,1917.0,3,11300000.0,5894.627021387585
Thanisandra,662.0,1,4200000.0,6344.410876132931
Thanisandra,2100.0,4,9500000.0,4523.809523809524
Thanisandra,1948.0,3,13000000.0,6673.511293634497
Thanisandra,1690.0,3,12500000.0,7396.449704142012
Thanisandra,1200.0,2,4600000.0,3833.3333333333335
Thanisandra,1430.0,3,5411000.0,3783.916083916084
Thanisandra,1922.0,3,10600000.0,5515.088449531738
Thanisandra,965.0,2,6700000.0,6943.00518134715
Thanisandra,1140.0,2,3600000.0,3157.8947368421054
Thanisandra,1098.0,2,7400000.0,6739.526411657559
Thanisandra,1437.0,2,7113000.0,4949.895615866389
Thanisandra,1795.0,3,14000000.0,7799.442896935933
Thanisandra,1146.0,2,3800000.0,3315.8813263525303
Thanisandra,1564.0,3,10400000.0,6649.616368286445
Thanisandra,1230.0,2,4400000.0,3577.2357723577234
Thanisandra,1220.0,2,4460000.0,3655.7377049180327
Thanisandra,1241.0,3,6100000.0,4915.390813859791
Thanisandra,1853.0,3,6486000.0,3500.2698327037238
Thanisandra,1200.0,3,6500000.0,5416.666666666667
Thanisandra,1430.0,3,5450000.0,3811.188811188811
Thanisandra,1732.0,3,8573000.0,4949.769053117783
Thanisandra,1917.0,3,10000000.0,5216.484089723526
Thanisandra,1250.0,2,5400000.0,4320.0
Thanisandra,2127.0,3,13500000.0,6346.967559943582
Thanisandra,2336.5,3,11589000.0,4959.982880376631
Thanisandra,1265.0,2,4660000.0,3683.794466403162
Thanisandra,1276.0,2,7500000.0,5877.742946708464
Thanisandra,2259.0,4,13500000.0,5976.095617529881
Thanisandra,1265.0,2,7800000.0,6166.00790513834
Thanisandra,1148.0,2,4350000.0,3789.198606271777
Thanisandra,2172.0,3,7602000.0,3500.0
Thanisandra,934.0,2,5500000.0,5888.650963597431
Thanisandra,1185.0,2,4400000.0,3713.0801687763715
Thanisandra,1056.0,2,6800000.0,6439.393939393939
Thanisandra,1595.0,3,11000000.0,6896.551724137931
Thanisandra,1411.0,3,9315000.0,6601.700921332388
Thanisandra,1039.0,2,3950000.0,3801.732435033686
Thanisandra,1220.0,2,4200000.0,3442.622950819672
Thanisandra,1450.0,2,5700000.0,3931.0344827586205
Thanisandra,1093.0,2,6809999.999999999,6230.558096980786
Thanisandra,1430.0,3,5148000.0,3600.0
Thanisandra,1370.0,3,6100000.0,4452.554744525547
Thanisandra,1093.0,2,7200000.0,6587.374199451052
Thanisandra,1140.0,2,3900000.0,3421.0526315789475
Thanisandra,1200.0,2,5350000.0,4458.333333333333
Thanisandra,1698.0,3,10700000.0,6301.531213191991
Thanisandra,2293.0,3,8026000.000000001,3500.2180549498476
Thanisandra,1564.0,3,10500000.0,6713.5549872122765
Thanisandra,1265.0,2,8300000.0,6561.264822134387
Thanisandra,2280.0,3,18400000.0,8070.175438596491
Thanisandra,784.0,1,3528499.9999999995,4500.6377551020405
Thanisandra,965.0,2,5600000.0,5803.108808290155
Thanisandra,1546.0,3,9500000.0,6144.890038809832
Thanisandra,1795.0,3,15000000.0,8356.545961002785
Thanisandra,777.0,1,3853499.9999999995,4959.459459459459
Thanisandra,1430.0,3,5400000.0,3776.2237762237764
Thanisandra,1697.0,3,11000000.0,6482.027106658809
Thanisandra,1492.0,3,8800000.0,5898.123324396783
Thanisandra,2072.0,3,12200000.0,5888.030888030888
Thanisandra,1595.0,3,12000000.0,7523.510971786834
Thanisandra,1880.0,3,12000000.0,6382.978723404255
Thanisandra,760.0,1,5000000.0,6578.9473684210525
Thanisandra,1200.0,2,6000000.0,5000.0
Thanisandra,1800.0,3,12500000.0,6944.444444444444
Thanisandra,933.0,1,5800000.0,6216.505894962486
Thanisandra,1917.0,3,11000000.0,5738.132498695879
Thanisandra,1996.0,3,12300000.0,6162.324649298597
Thanisandra,1183.0,2,7725000.0,6530.0084530853765
Thanisandra,1491.0,3,8800000.0,5902.079141515761
Thanisandra,1881.0,3,9500000.0,5050.50505050505
Thanisandra,662.0,1,2900000.0,4380.664652567976
Thanisandra,1564.0,3,10000000.0,6393.861892583121
Thanisandra,663.0,1,4610000.0,6953.242835595776
Thanisandra,662.0,1,4500000.0,6797.583081570997
Thanisandra,1573.0,3,9800000.0,6230.1335028607755
Thanisandra,1262.0,3,8300000.0,6576.862123613312
Thanisandra,1056.0,2,6500000.0,6155.30303030303
Thanisandra,1131.0,2,5597500.0,4949.160035366932
Thanisandra,1702.0,3,11500000.0,6756.756756756757
Thanisandra,1343.0,2,7500000.0,5584.512285927029
Thanisandra,1935.0,3,12200000.0,6304.909560723514
Thanisandra,933.0,2,5500000.0,5894.962486602358
Thanisandra,1100.0,2,4200000.0,3818.181818181818
Thanisandra,1183.0,2,7730000.0,6534.234995773458
Thanisandra,1185.0,2,4200000.0,3544.3037974683543
Thanisandra,662.0,1,3800000.0,5740.181268882176
Thanisandra,1265.0,2,7200000.0,5691.699604743083
Thanisandra,1595.0,3,10500000.0,6583.0721003134795
Thanisandra,1185.0,2,4267000.0,3600.84388185654
Thanisandra,1185.0,2,4366000.0,3684.3881856540083
Thanisandra,1241.0,3,6500000.0,5237.711522965351
Thanisandra,580.0,1,2750000.0,4741.379310344828
Thanisandra,2087.0,3,13900000.0,6660.277910876856
Thanisandra,2050.0,3,15000000.0,7317.073170731707
Thanisandra,1340.0,2,6633000.0,4950.0
Thanisandra,1098.0,2,7100000.0,6466.302367941712
Thanisandra,1411.0,3,9325000.0,6608.788093550674
Thanisandra,1262.0,3,6500000.0,5150.5546751188585
Thanisandra,1234.0,2,5100000.0,4132.90113452188
Thanisandra,1225.0,2,3700000.0,3020.408163265306
Thanisandra,1732.0,3,11200000.0,6466.512702078522
Thanisandra,933.0,2,6600000.0,7073.954983922829
Thanisandra,933.0,1,6100000.0,6538.049303322615
Thanisandra,1702.0,3,10700000.0,6286.721504112808
Thanisandra,1188.0,2,3900000.0,3282.8282828282827
Thanisandra,747.0,1,3435499.9999999995,4599.062918340026
Thanisandra,2030.0,3,12500000.0,6157.635467980295
Thanisandra,1140.0,2,5900000.0,5175.438596491228
Thanisandra,663.0,1,4600000.0,6938.15987933635
Thanisandra,1411.0,3,10000000.0,7087.172218284904
Thanisandra,1702.0,3,12000000.0,7050.5287896592245
Thanisandra,1185.0,2,4500000.0,3797.46835443038
Thanisandra,1948.0,4,12900000.0,6622.17659137577
Thanisandra,3600.0,8,12500000.0,3472.222222222222
Thanisandra,1573.0,3,9000000.0,5721.551176096631
Thanisandra,1056.0,2,7000000.0,6628.787878787879
Thanisandra,1220.0,2,4600000.0,3770.4918032786886
Thanisandra,1460.0,2,3850000.0,2636.986301369863
Thanisandra,1719.0,3,13500000.0,7853.4031413612565
Thanisandra,1595.0,3,9600000.0,6018.808777429467
Thanisandra,1698.0,3,12500000.0,7361.601884570083
Thanisandra,1226.0,2,6500000.0,5301.794453507341
Thanisandra,1188.0,2,3600000.0,3030.3030303030305
Thanisandra,1056.0,2,7500000.0,7102.272727272727
Thanisandra,1245.0,2,8305000.0,6670.682730923695
Thanisandra,2695.0,4,18800000.0,6975.881261595548
Thanisandra,1185.0,2,4350000.0,3670.8860759493673
Thanisandra,1261.0,3,8000000.0,6344.171292624901
Thanisandra,1884.0,3,11700000.0,6210.1910828025475
Thanisandra,965.0,2,5400000.0,5595.854922279793
Thanisandra,1930.0,3,12200000.0,6321.243523316062
Thanisandra,777.0,1,3846000.0,4949.80694980695
Thanisandra,2019.0,3,7067000.0,3500.2476473501733
Thanisandra,1241.0,3,6800000.0,5479.45205479452
Thanisandra,2999.97,6,11000000.0,3666.703333700004
Thanisandra,1930.0,3,12000000.0,6217.616580310881
Thanisandra,760.0,1,5040000.0,6631.578947368421
Thanisandra,663.0,1,3282000.0,4950.226244343891
Thanisandra,1260.0,2,4550000.0,3611.1111111111113
Thanisandra,1806.0,3,11600000.0,6423.034330011074
Thanisandra,3671.0,4,22000000.0,5992.917461182239
Thanisandra,1573.0,3,11500000.0,7310.870947234584
Thanisandra,1110.0,2,4650000.0,4189.189189189189
Thanisandra,1305.0,2,9000000.0,6896.551724137931
Thanisandra,1100.0,2,3600000.0,3272.7272727272725
Thanisandra,1965.0,3,12500000.0,6361.323155216285
Thanisandra,1694.0,3,12500000.0,7378.984651711924
Thanisandra,1573.0,3,10000000.0,6357.279084551812
Thanisandra,1533.0,3,7588500.000000001,4950.097847358122
Thanisandra,2259.0,4,11200000.0,4957.9459938025675
Thanisandra,1917.0,4,13000000.0,6781.429316640584
Thanisandra,1226.0,2,6559000.0,5349.918433931484
Thigalarapalya,3122.0,4,23000000.0,7367.072389493914
Thigalarapalya,2072.0,3,14200000.0,6853.281853281854
Thigalarapalya,1297.0,2,10300000.0,7941.403238242097
Thigalarapalya,1418.0,2,9500000.0,6699.576868829337
Thigalarapalya,3122.0,4,23500000.0,7527.226137091608
Thigalarapalya,3122.0,4,24500000.0,7847.533632286995
Thigalarapalya,2072.0,3,15000000.0,7239.382239382239
Thigalarapalya,1418.0,2,10300000.0,7263.7517630465445
Thigalarapalya,1418.0,2,10100000.0,7122.708039492242
Thigalarapalya,1165.0,2,9500000.0,8154.50643776824
Thigalarapalya,1418.0,2,10400000.0,7334.273624823695
Thigalarapalya,2072.0,3,13900000.0,6708.494208494209
Thigalarapalya,3122.0,4,22500000.0,7206.91864189622
Thigalarapalya,2912.0,4,21000000.0,7211.538461538462
Thigalarapalya,2072.0,3,15900000.0,7673.745173745174
Thigalarapalya,2072.0,3,14700000.0,7094.594594594595
Thigalarapalya,1418.0,2,10600000.0,7475.317348377997
Thigalarapalya,2215.0,3,15600000.0,7042.889390519187
Thigalarapalya,3122.0,4,23700000.0,7591.287636130685
Thigalarapalya,1418.0,2,10500000.0,7404.795486600846
Thigalarapalya,2215.0,3,16000000.0,7223.476297968397
Thigalarapalya,2072.0,3,15500000.0,7480.694980694981
Thigalarapalya,1830.0,3,15000000.0,8196.72131147541
Thigalarapalya,1830.0,3,13500000.0,7377.049180327869
Thigalarapalya,2072.0,3,16000000.0,7722.007722007722
Thigalarapalya,2215.0,3,15000000.0,6772.009029345372
Thigalarapalya,1245.0,2,10000000.0,8032.128514056225
Thigalarapalya,2215.0,3,15400000.0,6952.5959367945825
Thigalarapalya,2072.0,3,15200000.0,7335.907335907336
Thigalarapalya,2072.0,3,15300000.0,7384.169884169884
Thigalarapalya,2072.0,3,15700000.0,7577.220077220078
Thigalarapalya,3362.0,4,24900000.0,7406.305770374777
Thigalarapalya,1830.0,3,13300000.0,7267.75956284153
Thigalarapalya,4190.0,4,32500000.0,7756.563245823389
Thigalarapalya,2215.0,3,15700000.0,7088.03611738149
Thigalarapalya,2072.0,3,15100000.0,7287.644787644787
Thigalarapalya,4303.0,4,30000000.0,6971.880083662561
Thigalarapalya,1400.0,2,10500000.0,7500.0
Thigalarapalya,2215.0,3,16200000.0,7313.769751693002
Thigalarapalya,3122.0,4,25000000.0,8007.687379884689
Thigalarapalya,1297.0,2,9800000.0,7555.898226676947
Thigalarapalya,2215.0,3,15200000.0,6862.302483069978
Thubarahalli,3800.0,4,23900000.0,6289.473684210527
Thubarahalli,1200.0,2,7800000.0,6500.0
Thubarahalli,1128.0,2,7500000.0,6648.936170212766
Thubarahalli,1185.0,2,6500000.0,5485.232067510548
Thubarahalli,1626.0,3,12000000.0,7380.073800738008
Thubarahalli,975.0,2,5500000.0,5641.025641025641
Thubarahalli,1330.0,2,7500000.0,5639.097744360903
Thubarahalli,1085.0,2,7000000.0,6451.612903225807
Thubarahalli,1216.0,2,8000000.0,6578.9473684210525
Thubarahalli,1200.0,2,7900000.0,6583.333333333333
Thubarahalli,1200.0,2,8000000.0,6666.666666666667
Thubarahalli,1200.0,2,7955000.0,6629.166666666667
Thubarahalli,1200.0,2,4700000.0,3916.6666666666665
Thubarahalli,1540.0,3,9000000.0,5844.1558441558445
Thubarahalli,2625.0,3,17500000.0,6666.666666666667
Thubarahalli,1418.0,3,6500000.0,4583.921015514809
Thubarahalli,975.0,2,5000000.0,5128.205128205128
Thubarahalli,1242.0,3,5100000.0,4106.280193236715
Thubarahalli,1885.0,3,8552000.0,4536.870026525199
Thubarahalli,3408.0,4,14500000.0,4254.694835680752
Thubarahalli,1584.0,3,10100000.0,6376.262626262626
Thyagaraja Nagar,800.0,1,10000000.0,12500.0
Thyagaraja Nagar,2000.0,5,14500000.0,7250.0
Thyagaraja Nagar,660.0,1,9500000.0,14393.939393939394
Thyagaraja Nagar,3000.0,7,18000000.0,6000.0
Thyagaraja Nagar,1270.0,3,9525000.0,7500.0
Thyagaraja Nagar,1040.0,2,6800000.0,6538.461538461538
Thyagaraja Nagar,1675.0,1,24100000.0,14388.059701492537
Tindlu,1500.0,3,8700000.0,5800.0
Tindlu,7500.0,7,40000000.0,5333.333333333333
Tindlu,1357.0,3,6500000.0,4789.977892409727
Tindlu,1180.0,2,5200000.0,4406.779661016949
Tindlu,1370.07,3,6500000.0,4744.283138817725
Tindlu,1165.0,2,5980000.0,5133.0472103004295
Tindlu,1050.0,2,5500000.0,5238.0952380952385
Tindlu,1100.0,2,5500000.0,5000.0
Tumkur Road,1500.0,3,9500000.0,6333.333333333333
Tumkur Road,1779.0,3,11200000.0,6295.6717256885895
Tumkur Road,1586.0,3,10000000.0,6305.170239596469
Tumkur Road,1098.0,2,7200000.0,6557.377049180328
Tumkur Road,1354.0,3,9000000.0,6646.971935007386
Tumkur Road,1240.0,3,8400000.0,6774.193548387097
Tumkur Road,700.0,1,3009000.0,4298.571428571428
Tumkur Road,1239.0,2,8200000.0,6618.240516545601
Tumkur Road,1246.0,2,8200000.0,6581.0593900481545
Tumkur Road,1343.5,3,5776000.0,4299.218459248233
Tumkur Road,1137.5,2,4890500.0,4299.340659340659
Tumkur Road,1500.0,3,10000000.0,6666.666666666667
Tumkur Road,1789.0,3,9800000.0,5477.920626048071
Tumkur Road,1250.0,2,3300000.0,2640.0
Tumkur Road,1459.0,3,11000000.0,7539.410555174777
Tumkur Road,1416.0,3,9400000.0,6638.418079096045
Tumkur Road,1027.0,2,6000000.0,5842.259006815969
Tumkur Road,1027.0,2,6862000.0,6681.596884128529
Tumkur Road,1459.0,3,9500000.0,6511.3091158327625
Tumkur Road,992.0,2,6000000.0,6048.387096774193
Tumkur Road,1066.0,2,5250000.0,4924.953095684803
Tumkur Road,4800.0,5,15000000.0,3125.0
Tumkur Road,728.5,1,3131500.0,4298.558682223747
Tumkur Road,708.0,2,3200000.0,4519.774011299435
Tumkur Road,1240.0,3,7900000.0,6370.967741935484
Tumkur Road,1441.0,3,9500000.0,6592.64399722415
Tumkur Road,1240.0,3,8300000.0,6693.548387096775
Tumkur Road,1035.0,2,3900000.0,3768.1159420289855
Tumkur Road,1027.0,2,6700000.0,6523.855890944498
Tumkur Road,1060.0,3,5830000.0,5500.0
Tumkur Road,992.0,2,7000000.0,7056.451612903225
Tumkur Road,1354.0,3,8586000.0,6341.211225997045
Ulsoor,2135.0,3,21500000.0,10070.257611241217
Ulsoor,2700.0,3,45000000.0,16666.666666666668
Ulsoor,1275.0,2,12000000.0,9411.764705882353
Ulsoor,1020.0,3,11000000.0,10784.313725490196
Ulsoor,1200.0,2,6000000.0,5000.0
Ulsoor,1180.0,2,10000000.0,8474.57627118644
Ulsoor,1340.0,3,9000000.0,6716.417910447762
Ulsoor,1500.0,3,12500000.0,8333.333333333334
Ulsoor,2000.0,3,18500000.0,9250.0
Ulsoor,1255.0,2,12000000.0,9561.752988047809
Ulsoor,3500.0,4,13800000.0,3942.8571428571427
Ulsoor,1685.0,3,18500000.0,10979.228486646884
Ulsoor,2500.0,4,17000000.0,6800.0
Ulsoor,2135.0,3,17000000.0,7962.529274004683
Ulsoor,1160.0,2,13000000.0,11206.896551724138
Uttarahalli,1440.0,3,6200000.0,4305.555555555556
Uttarahalli,1143.0,2,4500000.0,3937.0078740157483
Uttarahalli,1020.0,2,4500000.0,4411.764705882353
Uttarahalli,1286.0,2,6300000.0,4898.9113530326595
Uttarahalli,1101.0,2,4500000.0,4087.193460490463
Uttarahalli,1345.0,2,6700000.0,4981.412639405205
Uttarahalli,1540.0,3,4000000.0,2597.4025974025976
Uttarahalli,1135.0,3,3972999.9999999995,3500.440528634361
Uttarahalli,1540.0,3,5000000.0,3246.753246753247
Uttarahalli,1175.0,2,4700000.0,4000.0
Uttarahalli,1390.0,3,6255000.0,4500.0
Uttarahalli,1330.0,3,5600000.0,4210.526315789473
Uttarahalli,1008.0,2,4500000.0,4464.285714285715
Uttarahalli,1390.0,3,6047000.0,4350.359712230216
Uttarahalli,1617.0,3,6668000.000000001,4123.685837971553
Uttarahalli,1150.0,2,4900000.0,4260.869565217391
Uttarahalli,1200.0,2,4400000.0,3666.6666666666665
Uttarahalli,1385.0,3,4848000.0,3500.361010830325
Uttarahalli,1330.0,3,4655000.0,3500.0
Uttarahalli,882.0,2,3000000.0,3401.360544217687
Uttarahalli,993.0,2,3971000.0,3998.9929506545823
Uttarahalli,1045.0,2,4500000.0,4306.2200956937795
Uttarahalli,850.0,2,3793000.0,4462.35294117647
Uttarahalli,1330.0,3,4700000.0,3533.8345864661655
Uttarahalli,3600.0,6,12000000.0,3333.3333333333335
Uttarahalli,1788.0,3,9834000.0,5500.0
Uttarahalli,1345.0,3,5700000.0,4237.918215613383
Uttarahalli,1089.0,2,4355000.0,3999.0817263544536
Uttarahalli,1279.0,2,4800000.0,3752.9319781078966
Uttarahalli,1845.0,3,6827000.0,3700.271002710027
Uttarahalli,1425.0,3,6400000.0,4491.228070175439
Uttarahalli,1155.0,2,4042000.0,3499.5670995670994
Uttarahalli,1050.0,2,4200000.0,4000.0
Uttarahalli,1300.0,3,5500000.0,4230.7692307692305
Uttarahalli,1250.0,3,5500000.0,4400.0
Uttarahalli,1700.0,3,8800000.0,5176.470588235294
Uttarahalli,1200.0,3,5000000.0,4166.666666666667
Uttarahalli,1085.0,2,4300000.0,3963.1336405529955
Uttarahalli,1350.0,3,5300000.0,3925.925925925926
Uttarahalli,1689.28,3,9120000.0,5398.74976321273
Uttarahalli,1137.0,2,6300000.0,5540.8970976253295
Uttarahalli,1315.0,3,7400000.0,5627.376425855513
Uttarahalli,1215.0,3,5285000.0,4349.794238683127
Uttarahalli,1312.5,3,5119000.0,3900.190476190476
Uttarahalli,1325.0,2,5300000.0,4000.0
Uttarahalli,1300.0,3,6000000.0,4615.384615384615
Uttarahalli,850.0,2,3500000.0,4117.64705882353
Uttarahalli,1627.86,3,8800000.0,5405.87028368533
Uttarahalli,1490.0,3,5960000.0,4000.0
Uttarahalli,1360.0,3,6120000.0,4500.0
Uttarahalli,661.0,1,3600000.0,5446.293494704993
Uttarahalli,1134.0,2,4536000.0,4000.0
Uttarahalli,1350.0,3,4724000.0,3499.259259259259
Uttarahalli,1320.0,3,5544000.0,4200.0
Uttarahalli,1390.0,3,6116000.0,4400.0
Uttarahalli,1090.0,2,4500000.0,4128.440366972477
Uttarahalli,1123.0,2,4800000.0,4274.2653606411395
Uttarahalli,1329.0,3,5600000.0,4213.694507148231
Uttarahalli,938.0,2,3500000.0,3731.3432835820895
Uttarahalli,1345.0,3,4700000.0,3494.4237918215613
Uttarahalli,1285.0,3,4498000.0,3500.3891050583657
Uttarahalli,1100.0,2,4500000.0,4090.909090909091
Uttarahalli,1125.0,2,4700000.0,4177.777777777777
Uttarahalli,1300.0,3,4700000.0,3615.3846153846152
Uttarahalli,1685.0,3,8500000.0,5044.510385756676
Uttarahalli,1180.0,2,4129999.9999999995,3499.9999999999995
Uttarahalli,1380.0,2,4200000.0,3043.478260869565
Uttarahalli,1737.0,3,9500000.0,5469.199769717904
Uttarahalli,1160.0,2,4500000.0,3879.310344827586
Uttarahalli,1280.0,3,6000000.0,4687.5
Uttarahalli,1480.0,3,5800000.0,3918.9189189189187
Uttarahalli,1190.0,2,5355000.0,4500.0
Uttarahalli,1330.0,3,5700000.0,4285.714285714285
Uttarahalli,1560.0,3,7400000.0,4743.589743589743
Uttarahalli,1250.0,3,5000000.0,4000.0
Uttarahalli,1125.0,2,4800000.0,4266.666666666667
Uttarahalli,1255.0,3,5019000.0,3999.203187250996
Uttarahalli,1160.0,2,4060000.0,3500.0
Uttarahalli,1330.0,3,3990000.0,3000.0
Uttarahalli,1065.0,2,4259000.0,3999.06103286385
Uttarahalli,1075.0,2,4676000.0,4349.767441860465
Uttarahalli,1155.0,2,4060000.0,3515.151515151515
Uttarahalli,1065.0,3,4259000.0,3999.06103286385
Uttarahalli,1360.0,3,4759000.0,3499.264705882353
Uttarahalli,1590.0,3,5800000.0,3647.7987421383646
Uttarahalli,1002.0,2,4008000.0,4000.0
Uttarahalli,1075.0,2,4000000.0,3720.9302325581393
Uttarahalli,1580.0,3,6000000.0,3797.46835443038
Uttarahalli,1155.0,2,4043000.0,3500.4329004329006
Uttarahalli,1650.0,3,5000000.0,3030.3030303030305
Uttarahalli,1025.0,2,3588000.0000000005,3500.4878048780492
Uttarahalli,1125.0,2,4765000.0,4235.555555555556
Uttarahalli,1300.0,2,5500000.0,4230.7692307692305
Uttarahalli,980.0,2,4500000.0,4591.836734693878
Uttarahalli,1525.0,3,6282000.0,4119.3442622950815
Uttarahalli,1265.0,3,6500000.0,5138.339920948617
Uttarahalli,1590.0,3,5700000.0,3584.9056603773583
Uttarahalli,1213.0,2,4800000.0,3957.131079967024
Uttarahalli,1475.0,3,5900000.0,4000.0
Uttarahalli,900.0,2,3500000.0,3888.8888888888887
Uttarahalli,1065.0,2,4260000.0,4000.0
Uttarahalli,1270.0,3,5525000.0,4350.393700787402
Uttarahalli,1107.0,2,4500000.0,4065.040650406504
Uttarahalli,1200.0,2,5500000.0,4583.333333333333
Uttarahalli,1330.0,3,4645000.0,3492.4812030075186
Uttarahalli,1460.0,3,7600000.0,5205.479452054795
Uttarahalli,1500.0,3,6800000.0,4533.333333333333
Uttarahalli,1120.0,2,5000000.0,4464.285714285715
Uttarahalli,1150.0,2,4600000.0,4000.0
Uttarahalli,1330.0,3,5800000.0,4360.902255639097
Uttarahalli,4500.0,4,15000000.0,3333.3333333333335
Uttarahalli,1000.0,2,5200000.0,5200.0
Uttarahalli,1037.0,2,3600000.0,3471.552555448409
Uttarahalli,1245.0,3,4358000.0,3500.401606425703
Uttarahalli,1000.0,2,3950000.0,3950.0
Uttarahalli,1125.0,2,4500000.0,4000.0
Uttarahalli,1308.0,3,5300000.0,4051.987767584098
Uttarahalli,1160.0,2,4058000.0,3498.2758620689656
Uttarahalli,1123.0,2,6000000.0,5342.831700801425
Uttarahalli,1000.0,2,3500000.0,3500.0
Uttarahalli,1165.0,2,4209000.0,3612.8755364806866
Uttarahalli,1260.0,2,5500000.0,4365.079365079365
Uttarahalli,1284.0,2,5336000.0,4155.763239875389
Uttarahalli,1150.0,2,4599000.0,3999.1304347826085
Uttarahalli,1290.0,3,5612000.0,4350.387596899225
Uttarahalli,1328.0,3,5600000.0,4216.8674698795185
Uttarahalli,1040.0,2,3640000.0,3500.0
Varthur,1160.0,2,4400000.0,3793.103448275862
Varthur,1091.0,2,3490000.0,3198.9000916590285
Varthur,1385.0,2,8000000.0,5776.173285198556
Varthur,1000.0,1,7000000.0,7000.0
Varthur,1535.0,3,6598999.999999999,4299.022801302931
Varthur,1024.0,2,4200000.0,4101.5625
Varthur,1125.0,2,4000000.0,3555.5555555555557
Varthur,1012.0,2,6650000.0,6571.146245059289
Varthur,1320.0,4,11000000.0,8333.333333333334
Varthur,1112.0,2,4000000.0,3597.122302158273
Varthur,2145.0,3,17500000.0,8158.508158508159
Varthur,1055.0,2,4535000.0,4298.578199052133
Varthur,1280.0,2,6500000.0,5078.125
Varthur,977.0,2,3600000.0,3684.74923234391
Varthur,1091.0,2,3200000.0,2933.0889092575617
Varthur,1250.0,3,7100000.0,5680.0
Varthur,1200.0,3,9800000.0,8166.666666666667
Varthur,1200.0,3,6775000.0,5645.833333333333
Varthur,1665.0,3,5300000.0,3183.1831831831832
Varthur,1111.0,2,4188000.0000000005,3769.57695769577
Varthur,1097.0,2,3382000.0,3082.9535095715587
Varthur,4500.0,4,30000000.0,6666.666666666667
Varthur,1140.0,2,5550000.0,4868.421052631579
Varthur,1012.0,2,5900000.0,5830.0395256917
Varthur,1600.0,4,11200000.0,7000.0
Varthur,1140.0,2,3990000.0,3500.0
Varthur,1090.0,2,4800000.0,4403.6697247706425
Varthur,1450.0,3,7100000.0,4896.551724137931
Varthur,1210.0,2,6000000.0,4958.677685950413
Varthur,1070.0,2,4600000.0,4299.065420560748
Varthur,1360.0,3,8500000.0,6250.0
Varthur,1083.0,2,2800000.0,2585.410895660203
Varthur,965.0,2,3400000.0,3523.316062176166
Varthur,1120.0,2,4424000.0,3950.0
Varthur,2145.0,3,16500000.0,7692.307692307692
Varthur,1395.0,3,7900000.0,5663.082437275985
Varthur,1085.0,2,4500000.0,4147.465437788019
Varthur,1250.0,2,4700000.0,3760.0
Varthur,1200.0,3,6838000.0,5698.333333333333
Varthur,1520.0,3,6100000.0,4013.157894736842
Varthur,1155.0,2,6000000.0,5194.805194805195
Varthur,1035.0,2,6000000.0,5797.101449275362
Varthur,1100.0,2,7200000.0,6545.454545454545
Varthur,1091.0,2,3382000.0,3099.908340971586
Varthur,1155.0,2,3900000.0,3376.6233766233768
Varthur,1180.0,2,5500000.0,4661.016949152542
Varthur,1520.0,3,6000000.0,3947.3684210526317
Varthur,1738.0,2,5735000.0,3299.7698504027617
Varthur,986.0,2,3000000.0,3042.5963488843813
Varthur,1045.0,2,4065000.0,3889.9521531100477
Varthur,674.0,2,1989999.9999999998,2952.522255192878
Varthur,1615.0,3,6943000.000000001,4299.071207430341
Varthur,1210.0,2,6415000.000000001,5301.652892561984
Varthur,1737.0,3,5732000.0,3299.9424294761084
Varthur,1402.0,2,9500000.0,6776.034236804565
Varthur,1105.0,2,3800000.0,3438.914027149321
Varthur,2145.0,3,17000000.0,7925.407925407925
Varthur,1560.0,3,9000000.0,5769.2307692307695
Varthur,1760.0,2,8500000.0,4829.545454545455
Varthur,1210.0,2,5400000.0,4462.809917355372
Varthur,986.0,2,3100000.0,3144.0162271805275
Varthur,1600.0,3,6320000.0,3950.0
Varthur,1000.0,2,6500000.0,6500.0
Varthur,2160.0,3,17000000.0,7870.37037037037
Varthur,1665.0,3,7158000.0,4299.0990990990995
Varthur Road,1083.0,2,6175000.0,5701.754385964912
Varthur Road,2760.0,4,15500000.0,5615.942028985507
Varthur Road,900.0,2,2700000.0,3000.0
Varthur Road,1655.0,3,11500000.0,6948.640483383686
Varthur Road,1300.0,4,7500000.0,5769.2307692307695
Varthur Road,805.5,2,1932999.9999999998,2399.7517070142767
Varthur Road,1277.0,2,5900000.0,4620.203602192639
Varthur Road,1247.0,3,5800000.0,4651.162790697675
Varthur Road,1050.0,2,4270000.0,4066.6666666666665
Varthur Road,1255.0,2,5276000.0,4203.98406374502
Varthur Road,1033.0,3,3047000.0,2949.6611810261375
Varthur Road,1033.0,2,3200000.0,3097.773475314618
Varthur Road,552.5,1,1326000.0,2400.0
Varthur Road,1140.0,2,4911000.0,4307.894736842105
Varthur Road,850.0,2,2540000.0,2988.235294117647
Vasanthapura,1400.0,3,6000000.0,4285.714285714285
Vasanthapura,1022.0,2,4000000.0,3913.894324853229
Vasanthapura,1135.0,2,3972999.9999999995,3500.440528634361
Vasanthapura,995.0,2,3482000.0,3499.497487437186
Vasanthapura,1050.0,2,4700000.0,4476.190476190476
Vasanthapura,940.0,2,4000000.0,4255.31914893617
Vasanthapura,1500.0,2,6500000.0,4333.333333333333
Vasanthapura,1037.0,2,3628000.0,3498.553519768563
Vasanthapura,978.0,2,3422000.0,3498.9775051124743
Vidyaranyapura,1440.0,2,9500000.0,6597.222222222223
Vidyaranyapura,1062.0,2,3800000.0,3578.154425612053
Vidyaranyapura,1200.0,2,5500000.0,4583.333333333333
Vidyaranyapura,1200.0,4,9000000.0,7500.0
Vidyaranyapura,1485.0,3,6700000.0,4511.784511784512
Vidyaranyapura,1060.0,2,5500000.0,5188.679245283019
Vidyaranyapura,1100.0,2,5400000.0,4909.090909090909
Vidyaranyapura,4700.0,9,13000000.0,2765.9574468085107
Vidyaranyapura,1440.0,3,7000000.0,4861.111111111111
Vidyaranyapura,1000.0,2,3500000.0,3500.0
Vidyaranyapura,1560.0,3,6800000.0,4358.974358974359
Vidyaranyapura,1120.0,2,7000000.0,6250.0
Vidyaranyapura,945.0,2,4000000.0,4232.804232804233
Vidyaranyapura,1200.0,3,6500000.0,5416.666666666667
Vidyaranyapura,1200.0,2,5200000.0,4333.333333333333
Vidyaranyapura,2640.0,5,22500000.0,8522.727272727272
Vidyaranyapura,1175.0,2,3500000.0,2978.723404255319
Vidyaranyapura,1050.0,2,5000000.0,4761.9047619047615
Vidyaranyapura,1188.0,2,5000000.0,4208.754208754209
Vidyaranyapura,1100.0,3,7500000.0,6818.181818181818
Vidyaranyapura,1100.0,3,7200000.0,6545.454545454545
Vidyaranyapura,2400.0,4,13500000.0,5625.0
Vidyaranyapura,1100.0,2,4100000.0,3727.2727272727275
Vidyaranyapura,1200.0,2,6050000.0,5041.666666666667
Vidyaranyapura,1200.0,2,4200000.0,3500.0
Vijayanagar,1704.0,3,11000000.0,6455.399061032864
Vijayanagar,1933.0,3,12900000.0,6673.564407656492
Vijayanagar,1500.0,3,7550000.0,5033.333333333333
Vijayanagar,1450.0,3,10000000.0,6896.551724137931
Vijayanagar,1580.0,3,13400000.0,8481.012658227848
Vijayanagar,1826.0,3,12100000.0,6626.506024096386
Vijayanagar,1739.0,3,11600000.0,6670.500287521564
Vijayanagar,1490.0,3,10000000.0,6711.4093959731545
Vijayanagar,1180.0,2,6500000.0,5508.474576271186
Vijayanagar,606.0,1,3478000.0,5739.273927392739
Vijayanagar,1352.0,2,6800000.0,5029.585798816568
Vijayanagar,1527.0,3,11500000.0,7531.106745252128
Vijayanagar,989.0,2,6000000.0,6066.734074823054
Vijayanagar,1520.0,3,10300000.0,6776.315789473684
Vijayanagar,1749.0,3,11700000.0,6689.536878216123
Vijayanagar,1046.0,2,7500000.0,7170.172084130019
Vijayanagar,606.0,1,4000000.0,6600.660066006601
Vijayanagar,1200.0,2,6200000.0,5166.666666666667
Vijayanagar,1300.0,3,7500000.0,5769.2307692307695
Vijayanagar,1484.0,3,7919000.0,5336.253369272237
Vijayanagar,1760.0,3,14000000.0,7954.545454545455
Vijayanagar,2047.0,3,13600000.0,6643.869076697606
Vijayanagar,1200.0,3,7500000.0,6250.0
Vijayanagar,1178.0,2,8200000.0,6960.950764006791
Vijayanagar,864.0,2,4500000.0,5208.333333333333
Vijayanagar,920.0,2,6000000.0,6521.739130434783
Vijayanagar,1019.0,2,5800000.0,5691.854759568204
Vijayanagar,2400.0,5,12500000.0,5208.333333333333
Vijayanagar,1180.0,2,8600000.0,7288.135593220339
Vijayanagar,1046.0,2,4906000.0,4690.248565965583
Vijayanagar,2400.0,1,23000000.0,9583.333333333334
Vijayanagar,492.0,1,4000000.0,8130.081300813008
Vijayanagar,1375.0,3,7500000.0,5454.545454545455
Vishveshwarya Layout,4000.0,7,22500000.0,5625.0
Vishveshwarya Layout,750.0,1,3000000.0,4000.0
Vishveshwarya Layout,2000.0,4,7500000.0,3750.0
Vishveshwarya Layout,2100.0,6,9200000.0,4380.952380952381
Vishveshwarya Layout,7000.0,4,21000000.0,3000.0
Vishveshwarya Layout,2000.0,4,9000000.0,4500.0
Vishveshwarya Layout,4000.0,6,23000000.0,5750.0
Vishwapriya Layout,820.0,2,3000000.0,3658.5365853658536
Vishwapriya Layout,1235.0,2,6000000.0,4858.299595141701
Vishwapriya Layout,1250.0,3,3800000.0,3040.0
Vishwapriya Layout,770.0,2,3000000.0,3896.103896103896
Vishwapriya Layout,2800.0,5,13000000.0,4642.857142857143
Vishwapriya Layout,910.0,2,3600000.0,3956.043956043956
Vishwapriya Layout,890.0,2,3700000.0,4157.303370786517
Vittasandra,1404.0,2,7100000.0,5056.980056980057
Vittasandra,1246.0,2,6700000.0,5377.2070626003215
Vittasandra,1404.0,2,6930000.0,4935.897435897436
Vittasandra,1246.0,2,6730000.0,5401.284109149277
Vittasandra,1246.0,2,6450000.0,5176.565008025682
Vittasandra,1246.0,2,6800000.0,5457.463884430176
Vittasandra,1743.0,3,8500000.0,4876.649454962708
Vittasandra,1238.0,2,6700000.0,5411.954765751211
Vittasandra,1404.0,2,7500000.0,5341.880341880342
Vittasandra,1246.0,2,6500000.0,5216.69341894061
Vittasandra,1246.0,2,6740000.000000001,5409.309791332264
Vittasandra,1259.0,2,6740000.000000001,5353.455123113583
Vittasandra,1934.0,2,9000000.0,4653.567735263702
Vittasandra,1404.0,2,6880000.0,4900.284900284901
Vittasandra,1246.0,2,6230000.0,5000.0
Vittasandra,1246.0,2,6300000.0,5056.179775280899
Vittasandra,1246.0,2,6540000.000000001,5248.796147672553
Vittasandra,1650.0,3,8400000.0,5090.909090909091
Vittasandra,1238.0,2,6731999.999999999,5437.802907915992
Vittasandra,1650.0,3,8500000.0,5151.515151515152
Vittasandra,1404.0,2,7000000.0,4985.754985754986
Vittasandra,1259.0,2,6748000.0,5359.809372517871
Vittasandra,1650.0,3,8550000.0,5181.818181818182
Vittasandra,1246.0,2,6900000.0,5537.720706260032
Vittasandra,1404.0,2,7200000.0,5128.205128205128
Vittasandra,1246.0,2,6750000.0,5417.335473515249
Vittasandra,1404.0,2,6750000.0,4807.692307692308
Vittasandra,1648.0,3,8500000.0,5157.766990291262
Whitefield,1170.0,2,3800000.0,3247.863247863248
Whitefield,1800.0,3,7000000.0,3888.8888888888887
Whitefield,1610.0,3,8100000.0,5031.055900621118
Whitefield,1459.0,2,9482000.0,6498.971898560658
Whitefield,2010.0,3,9100000.0,4527.363184079602
Whitefield,1116.0,2,5191000.0,4651.433691756272
Whitefield,4200.0,4,42000000.0,10000.0
Whitefield,1225.0,2,4760000.0,3885.714285714286
Whitefield,1075.0,2,5300000.0,4930.232558139535
Whitefield,1280.0,2,7500000.0,5859.375
Whitefield,1173.0,2,5800000.0,4944.58653026428
Whitefield,1910.0,3,16100000.0,8429.319371727748
Whitefield,3252.0,4,23000000.0,7072.570725707257
Whitefield,11890.0,4,70000000.0,5887.300252312868
Whitefield,1130.0,2,4216000.0,3730.973451327434
Whitefield,1040.0,2,4850000.0,4663.461538461538
Whitefield,1150.0,2,7000000.0,6086.95652173913
Whitefield,1768.0,3,10100000.0,5712.669683257918
Whitefield,1500.0,3,6195000.0,4130.0
Whitefield,1600.0,3,8600000.0,5375.0
Whitefield,4144.0,4,31500000.0,7601.351351351352
Whitefield,4104.0,4,36000000.0,8771.929824561403
Whitefield,1790.0,3,10000000.0,5586.592178770949
Whitefield,1720.0,3,10000000.0,5813.953488372093
Whitefield,1140.0,2,5600000.0,4912.2807017543855
Whitefield,1640.0,3,9100000.0,5548.780487804878
Whitefield,805.0,2,3500000.0,4347.826086956522
Whitefield,1155.0,2,5995000.0,5190.476190476191
Whitefield,2280.0,3,12600000.0,5526.315789473684
Whitefield,1650.0,3,6000000.0,3636.3636363636365
Whitefield,1447.0,2,8300000.0,5736.005528680028
Whitefield,1897.0,3,13000000.0,6852.925672113864
Whitefield,2225.0,3,12500000.0,5617.9775280898875
Whitefield,4348.5,4,30400000.0,6990.916407956766
Whitefield,1495.0,2,7950000.0,5317.725752508361
Whitefield,1113.0,2,6200000.0,5570.530098831986
Whitefield,2268.0,4,16300000.0,7186.94885361552
Whitefield,1560.0,3,7200000.0,4615.384615384615
Whitefield,1200.0,2,4584000.0,3820.0
Whitefield,2400.0,4,20000000.0,8333.333333333334
Whitefield,1985.0,3,7500000.0,3778.337531486146
Whitefield,1360.0,2,9500000.0,6985.294117647059
Whitefield,1254.0,2,4000000.0,3189.792663476874
Whitefield,1697.0,3,9479000.0,5585.739540365351
Whitefield,5000.0,4,40000000.0,8000.0
Whitefield,3000.0,4,25000000.0,8333.333333333334
Whitefield,1700.0,3,11500000.0,6764.705882352941
Whitefield,1140.0,2,4100000.0,3596.4912280701756
Whitefield,1190.0,2,5700000.0,4789.915966386555
Whitefield,2842.0,3,16200000.0,5700.2111189303305
Whitefield,1403.0,3,6081000.0,4334.283677833215
Whitefield,1232.0,2,4500000.0,3652.5974025974024
Whitefield,1485.0,3,6500000.0,4377.104377104377
Whitefield,1500.0,3,13000000.0,8666.666666666666
Whitefield,1330.0,2,7100000.0,5338.345864661655
Whitefield,1405.0,3,7800000.0,5551.601423487545
Whitefield,2225.0,3,11500000.0,5168.539325842697
Whitefield,1272.0,2,9505000.0,7472.4842767295595
Whitefield,1205.0,2,3900000.0,3236.514522821577
Whitefield,1541.0,3,7200000.0,4672.290720311486
Whitefield,1192.0,2,7100000.0,5956.375838926175
Whitefield,1277.0,2,6130000.0,4800.313234142522
Whitefield,1185.0,2,4000000.0,3375.5274261603377
Whitefield,1306.0,3,5465000.0,4184.532924961715
Whitefield,1626.0,3,8900000.0,5473.554735547355
Whitefield,1585.0,3,8800000.0,5552.05047318612
Whitefield,665.0,1,2858500.0,4298.496240601504
Whitefield,1125.0,2,6200000.0,5511.111111111111
Whitefield,1280.0,2,8500000.0,6640.625
Whitefield,1200.0,3,6850000.0,5708.333333333333
Whitefield,4000.0,4,33000000.0,8250.0
Whitefield,1420.0,2,13600000.0,9577.464788732394
Whitefield,1697.0,3,10800000.0,6364.172068355922
Whitefield,1205.0,2,5800000.0,4813.278008298756
Whitefield,3606.0,4,31200000.0,8652.246256239601
Whitefield,1204.0,4,12500000.0,10382.059800664452
Whitefield,1485.0,2,9000000.0,6060.606060606061
Whitefield,950.0,1,5000000.0,5263.1578947368425
Whitefield,3584.0,4,19900000.0,5552.455357142857
Whitefield,825.0,1,4500000.0,5454.545454545455
Whitefield,1155.0,2,6000000.0,5194.805194805195
Whitefield,2010.0,3,9200000.0,4577.114427860696
Whitefield,1635.0,3,8500000.0,5198.7767584097855
Whitefield,1216.0,2,7900000.0,6496.710526315789
Whitefield,1200.0,3,5620000.0,4683.333333333333
Whitefield,1215.0,2,6500000.0,5349.794238683127
Whitefield,1870.0,3,9000000.0,4812.834224598931
Whitefield,1260.0,2,4950000.0,3928.5714285714284
Whitefield,2856.0,4,14550000.0,5094.53781512605
Whitefield,920.0,2,6300000.0,6847.826086956522
Whitefield,1165.0,2,4050000.0,3476.3948497854076
Whitefield,1170.0,2,7100000.0,6068.376068376068
Whitefield,1118.0,2,7500000.0,6708.4078711985685
Whitefield,1800.0,3,11000000.0,6111.111111111111
Whitefield,1562.0,3,10300000.0,6594.110115236876
Whitefield,1190.0,2,6700000.0,5630.252100840336
Whitefield,1102.0,2,4800000.0,4355.716878402904
Whitefield,2321.0,3,12800000.0,5514.864282636794
Whitefield,1320.0,2,9500000.0,7196.969696969697
Whitefield,735.0,2,3500000.0,4761.9047619047615
Whitefield,1896.0,3,7500000.0,3955.6962025316457
Whitefield,3010.0,3,20000000.0,6644.518272425249
Whitefield,1346.0,2,9617000.0,7144.873699851411
Whitefield,3850.0,3,31600000.0,8207.792207792209
Whitefield,1410.0,3,4371000.0,3100.0
Whitefield,1150.0,3,4400000.0,3826.086956521739
Whitefield,1280.0,2,5200000.0,4062.5
Whitefield,2500.0,4,15500000.0,6200.0
Whitefield,905.0,1,5500000.0,6077.348066298343
Whitefield,1200.0,2,4613000.0,3844.1666666666665
Whitefield,2268.0,4,14600000.0,6437.389770723104
Whitefield,1150.0,2,5500000.0,4782.608695652174
Whitefield,1500.0,3,7180000.0,4786.666666666667
Whitefield,630.5,1,3279000.0,5200.634417129262
Whitefield,3537.0,4,21000000.0,5937.234944868533
Whitefield,1285.0,2,5590000.0,4350.194552529183
Whitefield,1697.0,3,11500000.0,6776.664702416028
Whitefield,1130.0,2,3600000.0,3185.8407079646017
Whitefield,1215.0,2,3900000.0,3209.8765432098767
Whitefield,1520.0,3,15000000.0,9868.421052631578
Whitefield,3250.0,5,29000000.0,8923.076923076924
Whitefield,1216.0,2,6648000.0,5467.105263157895
Whitefield,1350.0,3,5400000.0,4000.0
Whitefield,1173.0,2,6000000.0,5115.089514066496
Whitefield,1269.0,2,7500000.0,5910.16548463357
Whitefield,3227.0,5,25000000.0,7747.133560582584
Whitefield,1545.0,3,7900000.0,5113.26860841424
Whitefield,1000.0,2,3500000.0,3500.0
Whitefield,3262.0,4,26000000.0,7970.570202329859
Whitefield,1386.0,3,5746000.0,4145.743145743146
Whitefield,1132.0,2,7928000.0,7003.533568904593
Whitefield,1140.0,2,3900000.0,3421.0526315789475
Whitefield,2830.0,4,16000000.0,5653.7102473498235
Whitefield,1205.0,2,4000000.0,3319.5020746887967
Whitefield,1195.0,2,7000000.0,5857.740585774059
Whitefield,3480.0,3,28400000.0,8160.919540229885
Whitefield,1738.0,3,7900000.0,4545.454545454545
Whitefield,3004.0,4,28500000.0,9487.350199733688
Whitefield,1250.0,2,7200000.0,5760.0
Whitefield,709.0,1,3438500.0,4849.788434414669
Whitefield,1340.0,2,7700000.0,5746.268656716418
Whitefield,1320.0,2,7950000.0,6022.727272727273
Whitefield,750.0,2,5270000.0,7026.666666666667
Whitefield,1200.0,3,6196000.0,5163.333333333333
Whitefield,1180.0,2,4100000.0,3474.576271186441
Whitefield,3000.0,4,30600000.0,10200.0
Whitefield,1095.0,2,3500000.0,3196.3470319634703
Whitefield,1415.0,2,6700000.0,4734.982332155477
Whitefield,1105.0,2,4136000.0,3742.9864253393666
Whitefield,2094.0,3,11319000.0,5405.444126074499
Whitefield,1200.0,2,4500000.0,3750.0
Whitefield,3445.0,4,27000000.0,7837.44557329463
Whitefield,1700.0,3,14000000.0,8235.29411764706
Whitefield,4827.0,4,40000000.0,8286.720530350114
Whitefield,1405.0,2,8450000.0,6014.234875444839
Whitefield,1345.0,3,5700000.0,4237.918215613383
Whitefield,3252.0,4,28000000.0,8610.086100861008
Whitefield,1150.0,2,9000000.0,7826.086956521739
Whitefield,2400.0,4,14700000.0,6125.0
Whitefield,1440.0,3,6400000.0,4444.444444444444
Whitefield,624.0,1,3500000.0,5608.974358974359
Whitefield,1109.0,2,4149000.0,3741.2082957619477
Whitefield,1700.0,3,9500000.0,5588.235294117647
Whitefield,4960.0,4,40000000.0,8064.5161290322585
Whitefield,2928.0,4,19800000.0,6762.295081967213
Whitefield,1215.0,2,6200000.0,5102.880658436214
Whitefield,2700.0,3,17500000.0,6481.481481481482
Whitefield,1216.0,2,8400000.0,6907.894736842105
Whitefield,2882.0,4,20400000.0,7078.417765440666
Whitefield,1840.0,3,14000000.0,7608.695652173913
Whitefield,1778.0,3,12200000.0,6861.6422947131605
Whitefield,1400.0,2,8000000.0,5714.285714285715
Whitefield,650.0,1,2500000.0,3846.153846153846
Whitefield,2155.0,4,12500000.0,5800.46403712297
Whitefield,1230.0,2,5900000.0,4796.747967479675
Whitefield,1125.0,2,4000000.0,3555.5555555555557
Whitefield,810.0,1,2100000.0,2592.5925925925926
Whitefield,1216.0,2,6906000.0,5679.276315789473
Whitefield,1216.0,2,7500000.0,6167.763157894737
Whitefield,1355.0,2,7800000.0,5756.457564575646
Whitefield,1255.0,2,7700000.0,6135.4581673306775
Whitefield,1216.0,2,7300000.0,6003.289473684211
Whitefield,709.0,1,3473500.0,4899.153737658674
Whitefield,1140.0,2,4500000.0,3947.3684210526317
Whitefield,1190.0,2,6000000.0,5042.016806722689
Whitefield,1312.0,2,5500000.0,4192.073170731707
Whitefield,1745.0,3,10000000.0,5730.659025787965
Whitefield,3200.0,4,22400000.0,7000.0
Whitefield,1096.0,2,3900000.0,3558.394160583942
Whitefield,825.0,1,4490000.0,5442.424242424242
Whitefield,1227.0,2,5349000.0,4359.413202933985
Whitefield,1235.0,2,4700000.0,3805.668016194332
Whitefield,1870.0,3,13800000.0,7379.679144385027
Whitefield,1175.0,2,3900000.0,3319.148936170213
Whitefield,1862.0,3,12500000.0,6713.211600429646
Whitefield,1655.0,3,11300000.0,6827.794561933535
Whitefield,530.0,1,2944000.0,5554.7169811320755
Whitefield,1085.0,2,5700000.0,5253.4562211981565
Whitefield,905.0,1,5000000.0,5524.861878453039
Whitefield,1600.0,3,8200000.0,5125.0
Whitefield,1230.0,4,8000000.0,6504.065040650406
Whitefield,1255.0,2,4000000.0,3187.2509960159364
Whitefield,630.5,1,3215000.0,5099.127676447264
Whitefield,905.0,1,5200000.0,5745.85635359116
Whitefield,1200.0,3,5715000.0,4762.5
Whitefield,1451.0,3,5243000.0,3613.370089593384
Whitefield,1187.0,2,3785000.0,3188.7110362257795
Whitefield,1216.0,2,8300000.0,6825.6578947368425
Whitefield,1301.0,2,6500000.0,4996.156802459646
Whitefield,1330.0,3,5500000.0,4135.338345864661
Whitefield,1155.0,2,5500000.0,4761.9047619047615
Whitefield,1355.0,2,7600000.0,5608.856088560886
Whitefield,4075.0,4,22600000.0,5546.01226993865
Whitefield,4000.0,4,38000000.0,9500.0
Whitefield,1242.0,2,6500000.0,5233.494363929147
Whitefield,1495.0,3,6700000.0,4481.605351170569
Whitefield,1548.0,3,6500000.0,4198.966408268734
Whitefield,2856.0,4,15450000.0,5409.663865546218
Whitefield,1405.0,3,5800000.0,4128.113879003558
Whitefield,2856.0,4,15850000.0,5549.7198879551825
Whitefield,1355.0,2,7300000.0,5387.453874538745
Whitefield,2882.0,4,15800000.0,5482.303955586398
Whitefield,750.0,1,5100000.0,6800.0
Whitefield,1115.0,2,3455500.0,3099.103139013453
Whitefield,1105.0,2,3999000.0,3619.004524886878
Whitefield,2324.0,2,2673000.0,1150.172117039587
Whitefield,1173.0,2,7700000.0,6564.364876385337
Whitefield,1200.0,3,6840000.000000001,5700.000000000001
Whitefield,982.0,2,3700000.0,3767.8207739307536
Whitefield,1118.0,2,4200000.0,3756.7084078711987
Whitefield,1216.0,2,6900000.0,5674.3421052631575
Whitefield,3425.0,4,25000000.0,7299.270072992701
Whitefield,1100.0,2,3700000.0,3363.6363636363635
Whitefield,1200.0,3,5600000.0,4666.666666666667
Whitefield,2856.0,4,15750000.0,5514.705882352941
Whitefield,1550.0,3,4960000.0,3200.0
Whitefield,2173.0,3,12800000.0,5890.473999079613
Whitefield,1435.0,3,4500000.0,3135.8885017421603
Whitefield,905.0,1,6200000.0,6850.828729281768
Whitefield,1320.0,2,9926000.0,7519.69696969697
Whitefield,2901.0,3,19000000.0,6549.465701482248
Whitefield,1485.0,2,9651000.0,6498.989898989899
Whitefield,1755.0,3,10100000.0,5754.985754985755
Whitefield,1608.0,3,6300000.0,3917.910447761194
Whitefield,2225.0,3,14900000.0,6696.6292134831465
Whitefield,1250.0,2,8200000.0,6560.0
Whitefield,1495.0,3,6128000.0,4098.996655518395
Whitefield,1800.0,4,17800000.0,9888.888888888889
Whitefield,605.0,1,4000000.0,6611.570247933884
Whitefield,1185.0,2,4100000.0,3459.915611814346
Whitefield,1200.0,3,5658000.0,4715.0
Whitefield,2210.0,3,15600000.0,7058.823529411765
Whitefield,1173.0,2,7820000.0,6666.666666666667
Whitefield,1740.0,3,13000000.0,7471.264367816092
Whitefield,1060.0,2,3500000.0,3301.8867924528304
Whitefield,1655.0,3,12000000.0,7250.755287009063
Whitefield,4003.0,4,30000000.0,7494.379215588308
Whitefield,1125.0,2,4500000.0,4000.0
Whitefield,1180.0,2,7000000.0,5932.203389830508
Whitefield,1280.0,2,6900000.0,5390.625
Whitefield,2023.0,3,13000000.0,6426.099851705388
Whitefield,2134.0,3,11800000.0,5529.522024367385
Whitefield,1458.0,3,6200000.0,4252.400548696845
Whitefield,1808.0,3,8000000.0,4424.778761061947
Whitefield,905.0,1,6000000.0,6629.834254143647
Whitefield,1537.0,3,7000000.0,4554.326610279766
Whitefield,1186.0,2,5500000.0,4637.43676222597
Whitefield,1806.0,3,8500000.0,4706.5337763012185
Whitefield,1109.0,2,3522000.0,3175.834084761046
Whitefield,1216.0,2,6700000.0,5509.868421052632
Whitefield,1452.0,3,9000000.0,6198.347107438017
Whitefield,2850.0,4,24000000.0,8421.052631578947
Whitefield,1600.0,3,6900000.0,4312.5
Whitefield,2830.0,4,19000000.0,6713.780918727915
Whitefield,1295.0,2,7850000.0,6061.776061776061
Whitefield,840.0,1,5760000.0,6857.142857142857
Whitefield,640.0,1,1982999.9999999998,3098.4374999999995
Whitefield,1991.0,3,10400000.0,5223.505775991964
Whitefield,1190.0,2,4100000.0,3445.378151260504
Whitefield,1109.0,2,3547000.0,3198.376916140667
Whitefield,5200.0,4,24200000.0,4653.846153846154
Whitefield,1655.0,3,9700000.0,5861.027190332326
Whitefield,1850.0,3,15000000.0,8108.108108108108
Whitefield,1200.0,3,6777000.0,5647.5
Whitefield,1290.0,2,9000000.0,6976.7441860465115
Whitefield,1140.0,2,4000000.0,3508.7719298245615
Whitefield,1356.0,2,9484000.0,6994.100294985251
Whitefield,1338.0,2,10300000.0,7698.056801195815
Whitefield,4097.0,3,40000000.0,9763.24139614352
Whitefield,1115.0,2,5500000.0,4932.735426008969
Whitefield,3450.0,3,20800000.0,6028.985507246377
Whitefield,1105.0,2,3536000.0,3200.0
Whitefield,1074.0,2,4279000.0,3984.171322160149
Whitefield,1100.0,2,5200000.0,4727.272727272727
Whitefield,1267.0,2,9033000.0,7129.439621152328
Whitefield,2400.0,4,14300000.0,5958.333333333333
Whitefield,1836.0,3,12500000.0,6808.278867102396
Whitefield,1197.0,2,5000000.0,4177.109440267335
Whitefield,3596.0,3,20000000.0,5561.735261401557
Whitefield,1275.0,3,6500000.0,5098.0392156862745
Whitefield,1155.0,2,3900000.0,3376.6233766233768
Whitefield,1141.0,2,6200000.0,5433.829973707274
Whitefield,1216.0,2,8200000.0,6743.421052631579
Whitefield,1495.0,2,8800000.0,5886.28762541806
Whitefield,1564.0,3,10300000.0,6585.677749360614
Whitefield,1585.0,3,8400000.0,5299.6845425867505
Whitefield,1140.0,2,5000000.0,4385.964912280701
Whitefield,1558.0,3,9000000.0,5776.636713735558
Whitefield,1227.0,2,7000000.0,5704.9714751426245
Whitefield,1704.0,3,12000000.0,7042.2535211267605
Whitefield,1495.0,3,6055000.0,4050.1672240802677
Whitefield,1256.0,2,7300000.0,5812.101910828025
Whitefield,1195.0,2,6238000.0,5220.083682008368
Whitefield,1770.0,3,6800000.0,3841.80790960452
Whitefield,1300.0,2,7800000.0,6000.0
Whitefield,1570.0,3,8800000.0,5605.095541401274
Whitefield,1216.0,2,8403000.0,6910.361842105263
Whitefield,1240.0,2,7000000.0,5645.1612903225805
Whitefield,1216.0,2,7250000.0,5962.171052631579
Whitefield,1215.0,2,4000000.0,3292.1810699588477
Whitefield,2025.0,3,11500000.0,5679.0123456790125
Whitefield,1346.0,3,10000000.0,7429.420505200595
Whitefield,1020.0,2,4500000.0,4411.764705882353
Whitefield,935.0,2,3272000.0,3499.4652406417113
Whitefield,1024.0,2,3200000.0,3125.0
Whitefield,2990.0,4,19800000.0,6622.0735785953175
Whitefield,1600.0,3,6909999.999999999,4318.749999999999
Whitefield,1720.0,3,9897000.0,5754.069767441861
Whitefield,1600.0,3,9500000.0,5937.5
Whitefield,1655.0,3,10800000.0,6525.679758308157
Whitefield,1740.0,3,9500000.0,5459.770114942528
Whitefield,1200.0,3,5672000.0,4726.666666666667
Whitefield,1350.0,2,8800000.0,6518.518518518518
Whitefield,1030.0,2,4400000.0,4271.844660194175
Whitefield,1216.0,2,8000000.0,6578.9473684210525
Whitefield,2900.0,4,22500000.0,7758.620689655172
Whitefield,1340.0,2,10100000.0,7537.313432835821
Whitefield,1190.0,2,6400000.0,5378.151260504202
Whitefield,1500.0,3,7856999.999999999,5237.999999999999
Whitefield,1626.0,3,8500000.0,5227.552275522755
Whitefield,1195.0,2,6136000.0,5134.728033472803
Whitefield,1100.0,2,6500000.0,5909.090909090909
Whitefield,1100.0,2,4650000.0,4227.272727272727
Whitefield,1270.0,3,6500000.0,5118.110236220473
Whitefield,3117.0,3,26100000.0,8373.435996150145
Whitefield,1135.0,2,5800000.0,5110.132158590309
Whitefield,3150.0,3,29000000.0,9206.349206349207
Whitefield,1185.0,2,5600000.0,4725.738396624472
Whitefield,2956.0,4,23400000.0,7916.102841677944
Whitefield,1530.0,3,7500000.0,4901.9607843137255
Whitefield,1015.0,2,4500000.0,4433.4975369458125
Whitefield,1187.0,2,3800000.0,3201.3479359730413
Whitefield,2247.0,3,14500000.0,6453.048509123276
Whitefield,3940.0,4,26500000.0,6725.888324873096
Whitefield,1190.0,2,5900000.0,4957.983193277311
Whitefield,1160.0,2,6700000.0,5775.862068965517
Whitefield,1216.0,2,6688000.0,5500.0
Whitefield,1180.0,2,7700000.0,6525.423728813559
Whitefield,2140.0,3,13900000.0,6495.327102803738
Whitefield,1314.0,2,8400000.0,6392.6940639269405
Whitefield,1530.0,3,7300000.0,4771.24183006536
Whitefield,1160.0,2,3900000.0,3362.0689655172414
Whitefield,1012.0,2,5800000.0,5731.225296442688
Whitefield,1150.0,2,4021000.0,3496.521739130435
Whitefield,1495.0,3,7000000.0,4682.274247491639
Whitefield,1340.0,2,4100000.0,3059.7014925373132
Whitefield,1500.0,5,15500000.0,10333.333333333334
Whitefield,1431.0,3,8500000.0,5939.902166317261
Whitefield,524.0,1,2900000.0,5534.3511450381675
Whitefield,2830.0,4,16100000.0,5689.04593639576
Whitefield,2135.0,4,14900000.0,6978.922716627635
Whitefield,2500.0,4,10000000.0,4000.0
Whitefield,3075.0,4,18800000.0,6113.821138211382
Whitefield,1760.0,3,16000000.0,9090.90909090909
Whitefield,1655.0,3,11000000.0,6646.525679758308
Whitefield,840.0,1,5700000.0,6785.714285714285
Whitefield,1725.0,3,10600000.0,6144.927536231884
Whitefield,1059.0,2,5700000.0,5382.43626062323
Whitefield,516.0,1,3900000.0,7558.139534883721
Whitefield,6000.0,4,41000000.0,6833.333333333333
Whitefield,1639.0,3,10700000.0,6528.370957901159
Whitefield,1820.0,3,11300000.0,6208.791208791209
Whitefield,1990.0,3,9800000.0,4924.62311557789
Whitefield,3565.0,4,21800000.0,6115.007012622721
Whitefield,3410.0,4,25300000.0,7419.354838709677
Whitefield,1345.0,3,5800000.0,4312.267657992565
Whitefield,1205.0,2,4100000.0,3402.4896265560164
Whitefield,4500.0,4,33000000.0,7333.333333333333
Whitefield,1250.0,2,8500000.0,6800.0
Whitefield,1115.0,2,5191000.0,4655.605381165919
Whitefield,1277.0,2,7700000.0,6029.757243539546
Whitefield,1820.0,3,14000000.0,7692.307692307692
Whitefield,3453.0,4,24700000.0,7153.200115841298
Whitefield,1245.0,2,5976000.0,4800.0
Whitefield,1322.5,3,4098500.0,3099.054820415879
Whitefield,1074.0,2,4280000.0,3985.102420856611
Whitefield,2280.0,3,12500000.0,5482.456140350877
Whitefield,2882.0,4,20000000.0,6939.625260235947
Whitefield,1170.0,2,5600000.0,4786.324786324786
Whitefield,1639.5,3,9263000.0,5649.893260140287
Whitefield,1390.0,2,7200000.0,5179.856115107914
Whitefield,1634.0,3,6800000.0,4161.566707466341
Whitefield,1190.0,2,7000000.0,5882.35294117647
Whitefield,1105.0,2,3540000.0,3203.6199095022625
Whitefield,1270.0,2,9400000.0,7401.574803149606
Whitefield,1220.0,2,8900000.0,7295.081967213115
Whitefield,1436.0,3,6215000.0,4327.994428969359
Whitefield,3758.0,3,30000000.0,7982.969664715274
Whitefield,1452.0,3,4629000.0,3188.0165289256197
Whitefield,1370.0,2,5600000.0,4087.5912408759123
Whitefield,1050.0,2,4300000.0,4095.2380952380954
Whitefield,1496.0,3,7181000.0,4800.133689839572
Whitefield,1216.0,2,7200000.0,5921.0526315789475
Whitefield,1158.0,2,5500000.0,4749.568221070812
Whitefield,5400.0,4,47500000.0,8796.296296296296
Whitefield,1396.0,3,7400000.0,5300.859598853868
Whitefield,1175.0,2,4100000.0,3489.3617021276596
Whitefield,1315.0,2,5500000.0,4182.509505703422
Whitefield,1451.0,3,4640000.0,3197.7946243969677
Whitefield,1063.0,2,4252000.0,4000.0
Whitefield,1346.0,2,7601000.000000001,5647.102526002973
Whitefield,1276.0,2,6950000.0,5446.7084639498435
Whitefield,1317.0,2,5200000.0,3948.3675018982535
Whitefield,2858.0,4,13700000.0,4793.561931420574
Whitefield,1615.0,3,9690000.0,6000.0
Whitefield,1220.0,2,5500000.0,4508.196721311476
Whitefield,1116.0,2,4876000.0,4369.1756272401435
Whitefield,1400.0,3,5600000.0,4000.0
Whitefield,1140.0,2,5500000.0,4824.561403508772
Whitefield,1295.0,2,6450000.0,4980.694980694981
Whitefield,1200.0,2,7000000.0,5833.333333333333
Whitefield,1015.0,2,5600000.0,5517.241379310345
Whitefield,1430.0,3,5200000.0,3636.3636363636365
Whitefield,1010.0,3,4500000.0,4455.445544554455
Whitefield,2321.0,3,15700000.0,6764.325721671693
Whitefield,1224.0,2,7500000.0,6127.450980392156
Whitefield,1740.0,3,8500000.0,4885.057471264367
Whitefield,4144.0,5,33100000.0,7987.451737451737
Whitefield,1650.0,3,4800000.0,2909.090909090909
Whitefield,925.0,2,3500000.0,3783.7837837837837
Whitefield,1175.0,2,5000000.0,4255.31914893617
Whitefield,1200.0,3,6775000.0,5645.833333333333
Whitefield,2444.0,4,14500000.0,5932.896890343699
Whitefield,1270.0,2,11000000.0,8661.417322834646
Whitefield,1660.0,3,11000000.0,6626.506024096386
Whitefield,1270.0,2,10500000.0,8267.71653543307
Whitefield,1315.0,2,6950000.0,5285.171102661597
Whitefield,1344.0,4,13000000.0,9672.619047619048
Whitefield,1362.0,2,8500000.0,6240.822320117474
Whitefield,955.0,2,3819000.0,3998.952879581152
Whitefield,1457.0,3,10500000.0,7206.588881262869
Whitefield,1720.0,3,12800000.0,7441.860465116279
Whitefield,1500.0,3,6190000.0,4126.666666666667
Whitefield,1495.0,2,7800000.0,5217.391304347826
Whitefield,1270.0,2,5200000.0,4094.488188976378
Whitefield,1240.0,2,4100000.0,3306.451612903226
Whitefield,1500.0,3,7100000.0,4733.333333333333
Whitefield,1404.0,3,5900000.0,4202.279202279202
Whitefield,1760.0,3,13900000.0,7897.727272727273
Whitefield,613.0,1,4800000.0,7830.342577487765
Whitefield,1730.0,3,12500000.0,7225.43352601156
Whitefield,1453.0,3,5800000.0,3991.741225051617
Whitefield,877.0,1,5900000.0,6727.480045610034
Whitefield,3453.0,5,23100000.0,6689.834926151173
Yelachenahalli,1400.0,3,5500000.0,3928.5714285714284
Yelachenahalli,1464.0,3,10500000.0,7172.131147540984
Yelachenahalli,2400.0,2,15000000.0,6250.0
Yelachenahalli,1700.0,3,13000000.0,7647.058823529412
Yelachenahalli,1130.0,2,4000000.0,3539.8230088495575
Yelachenahalli,1080.0,2,5500000.0,5092.592592592592
Yelachenahalli,1400.0,2,7800000.0,5571.428571428572
Yelachenahalli,1080.0,2,3800000.0,3518.5185185185187
Yelachenahalli,1330.0,3,7350000.0,5526.315789473684
Yelachenahalli,800.0,2,3000000.0,3750.0
Yelachenahalli,1100.0,2,6000000.0,5454.545454545455
Yelachenahalli,1365.0,3,7200000.0,5274.725274725275
Yelachenahalli,1110.0,2,11000000.0,9909.90990990991
Yelachenahalli,1103.0,2,5500000.0,4986.400725294651
Yelachenahalli,1000.0,2,5000000.0,5000.0
Yelahanka,2475.0,4,18600000.0,7515.151515151515
Yelahanka,660.0,1,4800000.0,7272.727272727273
Yelahanka,1600.0,3,7500000.0,4687.5
Yelahanka,1326.0,2,7800000.0,5882.35294117647
Yelahanka,3050.0,5,21300000.0,6983.606557377049
Yelahanka,1327.0,2,9800000.0,7385.079125847777
Yelahanka,1282.0,3,4870000.0,3798.751950078003
Yelahanka,1350.0,2,5555000.0,4114.814814814815
Yelahanka,1035.0,2,4500000.0,4347.826086956522
Yelahanka,1350.0,2,5400000.0,4000.0
Yelahanka,1132.5,2,4813000.0,4249.889624724062
Yelahanka,1210.0,2,4598000.0,3800.0
Yelahanka,1705.0,3,9500000.0,5571.847507331378
Yelahanka,1590.0,3,5400000.0,3396.2264150943397
Yelahanka,1234.0,2,8000000.0,6482.982171799027
Yelahanka,1315.0,2,8500000.0,6463.878326996198
Yelahanka,1170.0,2,6250000.0,5341.880341880342
Yelahanka,1450.0,3,6525500.0,4500.3448275862065
Yelahanka,697.0,1,4500000.0,6456.241032998565
Yelahanka,1120.0,2,5500000.0,4910.714285714285
Yelahanka,1662.0,3,6798000.0,4090.2527075812272
Yelahanka,2195.0,3,12700000.0,5785.876993166287
Yelahanka,1075.0,2,5150000.0,4790.697674418605
Yelahanka,1614.0,3,9500000.0,5885.9975216852545
Yelahanka,1381.0,3,5248000.0,3800.1448225923245
Yelahanka,628.0,1,2400000.0,3821.6560509554142
Yelahanka,3770.0,6,11000000.0,2917.7718832891246
Yelahanka,1537.0,3,12000000.0,7807.417046193884
Yelahanka,890.0,2,4000000.0,4494.38202247191
Yelahanka,1815.0,3,8200000.0,4517.906336088155
Yelahanka,654.0,1,3840000.0,5871.559633027523
Yelahanka,1150.0,2,4600000.0,4000.0
Yelahanka,1705.0,3,7416000.0,4349.560117302053
Yelahanka,3461.0,4,17300000.0,4998.55533082924
Yelahanka,3042.0,4,13100000.0,4306.37738330046
Yelahanka,1065.0,2,4084000.0000000005,3834.7417840375592
Yelahanka,1036.0,2,3935000.0,3798.262548262548
Yelahanka,1300.0,2,6500000.0,5000.0
Yelahanka,1825.0,3,10500000.0,5753.424657534247
Yelahanka,1603.0,3,9600000.0,5988.7710542732375
Yelahanka,1304.0,2,7900000.0,6058.2822085889575
Yelahanka,1550.0,3,12000000.0,7741.935483870968
Yelahanka,1610.0,3,11500000.0,7142.857142857143
Yelahanka,1455.0,3,6150000.0,4226.80412371134
Yelahanka,1180.0,2,4200000.0,3559.322033898305
Yelahanka,1616.0,3,6500000.0,4022.2772277227723
Yelahanka,915.0,2,4800000.0,5245.901639344263
Yelahanka,1026.0,2,4100000.0,3996.101364522417
Yelahanka,1517.0,3,7630000.0,5029.663810151615
Yelahanka,2912.5,4,12550000.0,4309.01287553648
Yelahanka,600.0,2,2700000.0,4500.0
Yelahanka,1274.0,2,4842000.0,3800.6279434850862
Yelahanka,1327.0,2,8500000.0,6405.42577241899
Yelahanka,1371.0,3,6500000.0,4741.064916119621
Yelahanka,1712.0,3,8200000.0,4789.719626168225
Yelahanka,1566.0,3,9700000.0,6194.125159642401
Yelahanka,1180.0,3,5500000.0,4661.016949152542
Yelahanka,1653.0,3,12000000.0,7259.528130671506
Yelahanka,1275.0,3,9500000.0,7450.980392156863
Yelahanka,1270.0,2,7800000.0,6141.7322834645665
Yelahanka,1400.0,3,8054000.000000001,5752.857142857143
Yelahanka,1391.0,3,6450000.0,4636.951833213516
Yelahanka,1322.0,2,8600000.0,6505.295007564297
Yelahanka,1100.0,2,7000000.0,6363.636363636364
Yelahanka,1200.0,2,7000000.0,5833.333333333333
Yelahanka,1326.0,2,5700000.0,4298.6425339366515
Yelahanka,4000.0,5,22000000.0,5500.0
Yelahanka,2675.0,4,14000000.0,5233.644859813084
Yelahanka,1500.0,3,6300000.0,4200.0
Yelahanka,654.0,1,3700000.0,5657.492354740061
Yelahanka,1250.0,2,4000000.0,3200.0
Yelahanka,1465.0,3,8001000.000000001,5461.433447098977
Yelahanka,1721.0,3,8086000.0,4698.4311446833235
Yelahanka,1060.0,2,4000000.0,3773.5849056603774
Yelahanka,1226.0,2,5271000.0,4299.347471451876
Yelahanka,1692.0,3,8300000.0,4905.437352245863
Yelahanka,1033.0,2,5258000.0,5090.0290416263315
Yelahanka,1390.0,2,6531000.0,4698.561151079137
Yelahanka,1040.0,2,4886000.0,4698.076923076923
Yelahanka,1345.0,3,5700000.0,4237.918215613383
Yelahanka,2145.0,3,12500000.0,5827.505827505827
Yelahanka,1200.0,2,5400000.0,4500.0
Yelahanka,1322.0,2,7500000.0,5673.2223903177
Yelahanka,1036.0,2,3936999.9999999995,3800.1930501930497
Yelahanka,1405.0,2,5058000.0,3600.0
Yelahanka,602.0,1,2600000.0,4318.936877076412
Yelahanka,1100.0,2,6000000.0,5454.545454545455
Yelahanka,1614.0,3,10000000.0,6195.786864931846
Yelahanka,1890.0,3,10800000.0,5714.285714285715
Yelahanka,1556.0,3,8600000.0,5526.9922879177375
Yelahanka,1610.0,3,8500000.0,5279.503105590062
Yelahanka,1075.0,3,4200000.0,3906.9767441860463
Yelahanka,651.0,1,1750000.0,2688.1720430107525
Yelahanka,1484.0,3,5640000.0,3800.5390835579515
Yelahanka,1260.0,2,5920000.0,4698.412698412699
Yelahanka,1102.0,2,5200000.0,4718.693284936479
Yelahanka,1519.0,2,6500000.0,4279.131007241606
Yelahanka,1859.0,3,10800000.0,5809.575040344271
Yelahanka,1050.0,2,4500000.0,4285.714285714285
Yelahanka,1322.0,2,8000000.0,6051.437216338881
Yelahanka,1075.0,3,3600000.0,3348.8372093023254
Yelahanka,1285.0,2,5600000.0,4357.976653696498
Yelahanka,845.0,2,4300000.0,5088.757396449704
Yelahanka,2600.0,4,17500000.0,6730.7692307692305
Yelahanka,1305.0,2,7800000.0,5977.0114942528735
Yelahanka,1180.0,2,5600000.0,4745.762711864407
Yelahanka,1711.0,3,8561000.0,5003.506721215664
Yelahanka,1315.0,2,7500000.0,5703.42205323194
Yelahanka,3600.0,6,20000000.0,5555.555555555556
Yelahanka,1390.0,2,7020999.999999999,5051.079136690647
Yelahanka,1650.0,3,10500000.0,6363.636363636364
Yelahanka,1200.0,2,5500000.0,4583.333333333333
Yelahanka,990.0,2,3761999.9999999995,3799.9999999999995
Yelahanka,935.0,2,3553000.0,3800.0
Yelahanka,1282.0,3,4872000.0,3800.312012480499
Yelahanka,3990.0,4,26000000.0,6516.290726817043
Yelahanka,1620.0,3,9000000.0,5555.555555555556
Yelahanka,654.0,1,3625000.0,5542.813455657492
Yelahanka,1614.0,3,9300000.0,5762.081784386617
Yelahanka,694.0,1,3084000.0,4443.804034582133
Yelahanka,1115.0,2,6000000.0,5381.165919282511
Yelahanka,2317.0,3,14000000.0,6042.296072507553
Yelahanka,1653.0,3,9300000.0,5626.134301270417
Yelahanka,654.0,1,3800000.0,5810.397553516819
Yelahanka,1633.0,2,7200000.0,4409.0630740967545
Yelahanka,1445.0,2,8200000.0,5674.740484429066
Yelahanka,1225.0,2,6200000.0,5061.224489795918
Yelahanka,602.0,1,3800000.0,6312.292358803987
Yelahanka,697.0,1,3500000.0,5021.520803443329
Yelahanka,1065.0,2,4138000.0000000005,3885.446009389672
Yelahanka,682.0,1,3622999.9999999995,5312.316715542522
Yelahanka,1023.0,2,5259000.0,5140.762463343109
Yelahanka,1560.0,3,9800000.0,6282.051282051282
Yelahanka,1780.0,3,10700000.0,6011.23595505618
Yelahanka,1076.0,2,7800000.0,7249.07063197026
Yelahanka,1342.0,3,7500000.0,5588.673621460507
Yelahanka,1823.0,3,10300000.0,5650.027427317608
Yelahanka,1792.0,3,10400000.0,5803.571428571428
Yelahanka,1304.0,2,6997000.0,5365.79754601227
Yelahanka,1250.0,2,5400000.0,4320.0
Yelahanka,1270.0,2,5700000.0,4488.188976377953
Yelahanka,1300.0,2,6923000.0,5325.384615384615
Yelahanka,1705.0,3,9100000.0,5337.243401759531
Yelahanka,870.0,2,2700000.0,3103.448275862069
Yelahanka,1890.0,3,8500000.0,4497.354497354498
Yelahanka,1835.0,3,10800000.0,5885.558583106267
Yelahanka,1847.0,3,9200000.0,4981.050351922036
Yelahanka,2500.0,5,12000000.0,4800.0
Yelahanka,1890.0,3,10900000.0,5767.195767195767
Yelahanka,700.0,1,3800000.0,5428.571428571428
Yelahanka,1491.0,3,8500000.0,5700.871898054997
Yelahanka,2088.0,4,11000000.0,5268.199233716475
Yelahanka,1330.0,2,9365000.0,7041.353383458647
Yelahanka,1185.0,2,4500000.0,3797.46835443038
Yelahanka,1517.0,3,7128000.0,4698.7475280158205
Yelahanka,3019.0,4,19000000.0,6293.474660483604
Yelahanka,1756.0,3,6673000.0,3800.113895216401
Yelahanka,1050.0,2,3310000.0,3152.3809523809523
Yelahanka,1600.0,3,10000000.0,6250.0
Yelahanka,1664.0,3,7395000.0,4444.110576923077
Yelahanka,1140.0,2,5066000.0,4443.859649122807
Yelahanka,1200.0,2,6000000.0,5000.0
Yelahanka,1705.0,3,8500000.0,4985.337243401759
Yelahanka,1350.0,3,8500000.0,6296.2962962962965
Yelahanka,1633.0,3,11000000.0,6736.068585425597
Yelahanka,827.5,1,4253500.0,5140.181268882176
Yelahanka,1195.0,2,5310500.0,4443.933054393306
Yelahanka,1355.0,3,7500000.0,5535.055350553505
Yelahanka,3175.0,4,15600000.0,4913.385826771653
Yelahanka,1756.0,3,12500000.0,7118.451025056947
Yelahanka,1408.0,2,5800000.0,4119.318181818182
Yelahanka,1101.0,2,3700000.0,3360.581289736603
Yelahanka,1104.0,2,5800000.0,5253.623188405797
Yelahanka,1325.0,3,5800000.0,4377.358490566037
Yelahanka,1175.0,2,6777000.0,5767.659574468085
Yelahanka,1322.0,2,7790000.000000001,5892.586989409986
Yelahanka,602.0,1,3300000.0,5481.72757475083
Yelahanka,1315.0,2,7700000.0,5855.513307984791
Yelahanka,1075.0,3,3353000.0,3119.0697674418607
Yelahanka,1430.0,3,6100000.0,4265.734265734266
Yelahanka,1355.0,3,5150000.0,3800.7380073800737
Yelahanka,567.0,1,2500000.0,4409.171075837742
Yelahanka,1045.0,2,4500000.0,4306.2200956937795
Yelahanka,602.0,1,3000000.0,4983.388704318937
Yelahanka,1362.0,2,6600000.0,4845.814977973569
Yelahanka,1000.0,2,2900000.0,2900.0
Yelahanka,1180.0,2,5500000.0,4661.016949152542
Yelahanka,1267.0,2,7800000.0,6156.274664561957
Yelahanka,1360.0,2,7819000.0,5749.264705882353
Yelahanka,1025.0,2,4400000.0,4292.682926829269
Yelahanka New Town,650.0,1,3300000.0,5076.923076923077
Yelahanka New Town,500.0,1,2000000.0,4000.0
Yelahanka New Town,440.0,1,1650000.0,3750.0
Yelahanka New Town,960.0,1,1800000.0,1875.0
Yelahanka New Town,1610.0,3,9200000.0,5714.285714285715
Yelahanka New Town,1700.0,3,9000000.0,5294.117647058823
Yelahanka New Town,650.0,1,2000000.0,3076.923076923077
Yelahanka New Town,350.0,1,1350000.0,3857.1428571428573
Yelahanka New Town,1541.0,3,8000000.0,5191.434133679429
Yelahanka New Town,1385.0,2,6500000.0,4693.140794223827
Yelahanka New Town,500.0,1,2400000.0,4800.0
Yelahanka New Town,650.0,1,1700000.0,2615.3846153846152
Yelahanka New Town,450.0,1,1600000.0,3555.5555555555557
Yelahanka New Town,1599.0,3,8000000.0,5003.126954346467
Yelahanka New Town,960.0,2,5000000.0,5208.333333333333
Yelahanka New Town,2095.0,4,10900000.0,5202.863961813842
Yelahanka New Town,1209.0,3,6500000.0,5376.344086021505
Yelahanka New Town,1400.0,3,8000000.0,5714.285714285715
Yelahanka New Town,450.0,1,1500000.0,3333.3333333333335
Yelahanka New Town,500.0,1,1800000.0,3600.0
Yelahanka New Town,1420.0,3,7500000.0,5281.69014084507
Yelahanka New Town,1286.0,1,1800000.0,1399.6889580093314
Yelahanka New Town,2437.0,3,12500000.0,5129.257283545343
Yelahanka New Town,488.0,1,2000000.0,4098.360655737705
Yelahanka New Town,1100.0,2,5800000.0,5272.727272727273
Yelahanka New Town,860.0,2,3100000.0,3604.6511627906975
Yelahanka New Town,1800.0,3,4500000.0,2500.0
Yelahanka New Town,1000.0,2,4400000.0,4400.0
Yelahanka New Town,650.0,1,1800000.0,2769.230769230769
Yelahanka New Town,1426.0,3,6150000.0,4312.762973352033
Yelahanka New Town,1290.0,2,7000000.0,5426.356589147287
Yelahanka New Town,1000.0,3,4800000.0,4800.0
Yelenahalli,1240.0,2,4712000.0,3800.0
Yelenahalli,1200.0,2,4617000.0,3847.5
Yelenahalli,1600.0,3,6137000.0,3835.625
Yelenahalli,1260.0,2,4788000.0,3800.0
Yelenahalli,1500.0,3,5700000.0,3800.0
Yelenahalli,1175.0,2,5000000.0,4255.31914893617
Yelenahalli,1650.0,3,6800000.0,4121.212121212121
Yelenahalli,1200.0,2,4560000.0,3800.0
Yelenahalli,1160.0,2,4408000.0,3800.0
Yeshwanthpur,2502.0,3,13800000.0,5515.587529976019
Yeshwanthpur,1693.0,3,10800000.0,6379.208505611341
Yeshwanthpur,667.0,1,3685000.0,5524.737631184408
Yeshwanthpur,1950.0,4,13000000.0,6666.666666666667
Yeshwanthpur,1170.0,2,5700000.0,4871.794871794872
Yeshwanthpur,665.0,1,3685000.0,5541.353383458647
Yeshwanthpur,1161.0,2,6408000.0,5519.37984496124
Yeshwanthpur,2557.0,3,14100000.0,5514.274540477121
Yeshwanthpur,1850.0,3,10000000.0,5405.405405405405
Yeshwanthpur,671.0,1,3685000.0,5491.803278688524
Yeshwanthpur,1852.0,3,16000000.0,8639.308855291576
Yeshwanthpur,1277.5,2,9581500.0,7500.1956947162425
Yeshwanthpur,668.0,1,3685000.0,5516.4670658682635
Yeshwanthpur,1185.0,2,7584000.0,6400.0
Yeshwanthpur,1195.0,2,10000000.0,8368.200836820084
Yeshwanthpur,1826.0,3,16500000.0,9036.144578313253
Yeshwanthpur,1313.0,3,9600000.0,7311.500380807312
Yeshwanthpur,1400.0,2,10000000.0,7142.857142857143
Yeshwanthpur,2559.0,3,14100000.0,5509.964830011723
Yeshwanthpur,1430.0,3,7200000.0,5034.965034965035
Yeshwanthpur,673.0,1,3685000.0,5475.482912332838
Yeshwanthpur,717.0,2,4947500.0,6900.278940027894
Yeshwanthpur,3600.0,4,22000000.0,6111.111111111111
Yeshwanthpur,1168.0,2,6408000.0,5486.301369863014
Yeshwanthpur,605.0,1,4174499.9999999995,6899.999999999999
Yeshwanthpur,1382.0,3,7618000.000000001,5512.301013024603
Yeshwanthpur,1000.0,2,3200000.0,3200.0
Yeshwanthpur,669.0,1,3685000.0,5508.221225710015
Yeshwanthpur,1385.0,3,7618000.000000001,5500.3610108303255
Yeshwanthpur,3027.0,3,26000000.0,8589.362405021473
Yeshwanthpur,1200.0,2,6300000.0,5250.0
Yeshwanthpur,1200.0,4,11000000.0,9166.666666666666
Yeshwanthpur,1679.0,3,9213000.0,5487.194758784991
Yeshwanthpur,670.0,1,3685000.0,5500.0
Yeshwanthpur,1381.0,3,7618000.000000001,5516.292541636496
Yeshwanthpur,1678.0,3,9213000.0,5490.464839094159
Yeshwanthpur,1240.0,2,8000000.0,6451.612903225807
Yeshwanthpur,1713.0,3,11000000.0,6421.482778750729
Yeshwanthpur,1144.0,2,6700000.0,5856.643356643357
Yeshwanthpur,1541.0,2,13000000.0,8436.080467229072
Yeshwanthpur,2501.0,3,13800000.0,5517.792882846861
Yeshwanthpur,1362.0,2,10000000.0,7342.143906020558
Yeshwanthpur,666.0,1,3679999.9999999995,5525.525525525525
Yeshwanthpur,770.0,2,7000000.0,9090.90909090909
Yeshwanthpur,1856.0,3,18000000.0,9698.275862068966
Yeshwanthpur,1855.0,3,14000000.0,7547.169811320755
Yeshwanthpur,2504.0,3,13800000.0,5511.182108626198
Yeshwanthpur,1165.0,2,8500000.0,7296.137339055794
Yeshwanthpur,1860.0,3,16800000.0,9032.258064516129
Yeshwanthpur,1163.0,2,6408000.0,5509.888220120379
Yeshwanthpur,1165.0,2,6408000.0,5500.429184549356
Yeshwanthpur,1825.0,3,14500000.0,7945.2054794520545
Yeshwanthpur,1384.0,3,7618000.000000001,5504.3352601156075
Yeshwanthpur,994.0,1,5467000.0,5500.0
Yeshwanthpur,650.0,1,4000000.0,6153.846153846154
Yeshwanthpur,1500.0,3,10000000.0,6666.666666666667
Yeshwanthpur,1167.0,2,6408000.0,5491.002570694088
Yeshwanthpur,1164.0,2,6408000.0,5505.154639175258
Yeshwanthpur,1520.0,3,8500000.0,5592.105263157895
Yeshwanthpur,1677.0,3,9213000.0,5493.738819320215
Yeshwanthpur,674.0,1,3685000.0,5467.359050445104
Yeshwanthpur,1383.0,3,7618000.000000001,5508.315256688359
Yeshwanthpur,672.0,1,3685000.0,5483.630952380952
Yeshwanthpur,1162.0,2,6408000.0,5514.629948364888
Yeshwanthpur,1166.0,2,6408000.0,5495.711835334477
Yeshwanthpur,1692.0,3,10800000.0,6382.978723404255
Yeshwanthpur,1169.0,2,6408000.0,5481.6082121471345
Yeshwanthpur,2500.0,6,18500000.0,7400.0
Yeshwanthpur,2500.0,3,13800000.0,5520.0
Yeshwanthpur,1160.0,2,6408000.0,5524.137931034483
Yeshwanthpur,1676.0,3,9213000.0,5497.016706443914
Yeshwanthpur,2503.0,3,13800000.0,5513.383939272872
Yeshwanthpur,1855.0,3,13500000.0,7277.628032345014
Yeshwanthpur,1876.0,3,16000000.0,8528.784648187633
Yeshwanthpur,1675.0,3,9213000.0,5500.298507462687
